source_center,destination_center,median_delay_ratio,sla_breach_rate,trips,median_osrm_time
IND000000AAL,IND411033AAA,2.5708333333333333,1.0,14,26.5
IND000000AAS,IND783370AAC,1.7666666666666666,1.0,9,30.0
IND000000AAZ,IND444203AAA,6.020833333333333,1.0,1,48.0
IND000000AAZ,IND444303AAA,4.0,1.0,1,40.0
IND000000ABA,IND683565AAA,1.0476190476190477,0.3333333333333333,6,21.0
IND000000ABD,IND562132AAA,1.704054054054054,1.0,12,370.0
IND000000ABG,IND501359AAF,7.0,1.0,11,27.0
IND000000ACA,IND140406AAA,1.7567567567567568,1.0,2,37.0
IND000000ACA,IND142001AAB,1.7457627118644068,1.0,9,56.0
IND000000ACA,IND142401AAA,2.2,0.8571428571428571,7,22.0
IND000000ACA,IND143001AAA,1.7027027027027026,1.0,1,111.0
IND000000ACA,IND144001AAB,1.6041666666666667,1.0,15,49.0
IND000000ACA,IND144514AAA,1.8174603174603174,0.8333333333333334,12,63.0
IND000000ACA,IND147301AAA,1.7037037037037037,1.0,3,27.0
IND000000ACA,IND152026AAA,1.5299145299145298,1.0,1,117.0
IND000000ACA,IND160002AAC,2.07258064516129,1.0,62,62.0
IND000000ACB,IND000000AEL,1.8387096774193548,1.0,19,62.0
IND000000ACB,IND110024AAA,2.07658371040724,1.0,6,66.5
IND000000ACB,IND110030AAD,1.708898944193062,0.9583333333333334,24,50.0
IND000000ACB,IND110037AAK,1.689189189189189,1.0,30,38.0
IND000000ACB,IND110043AAA,2.094238975817923,1.0,12,38.0
IND000000ACB,IND110043AAC,1.9454545454545455,1.0,9,55.0
IND000000ACB,IND110052AAA,1.4209486166007905,1.0,2,67.5
IND000000ACB,IND110064AAA,1.6083634342873019,0.9,40,58.0
IND000000ACB,IND110085AAB,1.6029411764705883,1.0,20,65.5
IND000000ACB,IND110092AAC,1.6575342465753424,1.0,5,74.0
IND000000ACB,IND110095AAB,2.1265822784810124,0.5862068965517241,29,77.0
IND000000ACB,IND121002AAB,1.9621212121212122,1.0,44,65.0
IND000000ACB,IND121004AAB,1.7999526515151514,1.0,26,65.0
IND000000ACB,IND122001AAA,1.8235294117647058,0.9545454545454546,44,34.5
IND000000ACB,IND122015AAC,2.4449579831932775,1.0,2,34.5
IND000000ACB,IND124103AAA,1.826086956521739,1.0,11,47.0
IND000000ACB,IND124112AAA,2.065934065934066,1.0,5,90.0
IND000000ACB,IND125001AAA,2.0896351575456054,1.0,14,135.0
IND000000ACB,IND125005AAA,1.9522058823529411,1.0,4,135.5
IND000000ACB,IND125033AAA,2.286087570621469,1.0,2,119.0
IND000000ACB,IND127021AAA,1.8585858585858586,1.0,1,99.0
IND000000ACB,IND131028AAB,2.0721649484536084,1.0,79,98.0
IND000000ACB,IND160002AAC,2.071090047393365,0.9777777777777777,45,211.0
IND000000ACB,IND201007AAA,1.5974025974025974,0.7777777777777778,9,77.0
IND000000ACB,IND201301AAF,1.425,0.8888888888888888,9,78.0
IND000000ACB,IND201301AAM,2.4750742303484916,1.0,30,81.5
IND000000ACB,IND209304AAA,2.2803738317757007,1.0,11,321.0
IND000000ACB,IND282002AAD,2.073529411764706,1.0,5,137.0
IND000000ACB,IND301001AAB,1.7142857142857144,1.0,6,91.0
IND000000ACB,IND301705AAA,3.75,1.0,1,56.0
IND000000ACB,IND302014AAA,1.8938217890706577,1.0,26,169.0
IND000000ACB,IND302022AAD,1.6913702007749207,1.0,16,169.0
IND000000ACB,IND328001AAA,1.8181818181818181,1.0,5,198.0
IND000000ACB,IND382430AAB,1.8322784810126582,1.0,14,632.0
IND000000ACB,IND390022AAA,1.7848920863309354,1.0,10,695.0
IND000000ACB,IND411033AAA,1.741839762611276,1.0,17,1010.0
IND000000ACB,IND421302AAG,1.9376299376299377,1.0,27,963.0
IND000000ACB,IND462022AAA,1.850085178875639,1.0,13,588.0
IND000000ACB,IND474003AAA,4.475174978127734,1.0,2,253.0
IND000000ACB,IND501359AAE,1.9137692415285743,1.0,24,1165.5
IND000000ACB,IND521225AAB,1.9906396255850234,1.0,7,1282.0
IND000000ACB,IND562132AAA,1.8999337309476474,1.0,50,1509.0
IND000000ACB,IND600056AAB,1.8814400993171942,1.0,11,1610.0
IND000000ACB,IND712311AAA,2.074803149606299,1.0,37,1016.0
IND000000ACB,IND751002AAB,2.0501458049476673,1.0,14,1167.0
IND000000ACB,IND821115AAB,2.0533625066393597,1.0,16,646.0
IND000000ACB,IND834002AAB,1.8942420681551115,1.0,10,851.0
IND000000ACB,IND842001AAA,2.051457510515565,1.0,14,737.5
IND000000ACK,IND501359AAF,3.1428571428571432,1.0,26,21.0
IND000000ACN,IND501359AAF,2.0588235294117645,1.0,13,18.0
IND000000ACT,IND000000ACB,1.3181818181818181,0.6790123456790124,81,42.0
IND000000ACT,IND131028AAB,1.5,0.9142857142857143,35,56.0
IND000000ACT,IND160002AAC,2.0530085556681303,1.0,16,188.0
IND000000ADV,IND600044AAC,2.0526315789473686,1.0,13,37.0
IND000000AEL,IND000000ACB,1.8376680303915838,1.0,16,58.0
IND000000AEM,IND110037AAB,1.9487179487179487,1.0,11,40.0
IND000000AEM,IND110064AAB,1.9649122807017543,1.0,11,55.0
IND000000AET,IND000000AAS,2.4646938775510203,1.0,8,48.5
IND000000AFF,IND734203AAA,4.842105263157895,1.0,3,19.0
IND000000AFG,IND673027AAB,1.826086956521739,1.0,1,46.0
IND000000AFG,IND673632AAA,2.6041666666666665,1.0,1,48.0
IND000000AFJ,IND695121AAA,1.0740740740740742,0.13333333333333333,15,26.0
IND000000AFJ,IND695572AAB,2.2222222222222223,1.0,1,27.0
IND000000AFR,IND683511AAA,2.171875,1.0,6,32.0
IND000000AFT,IND400072AAB,1.9236842105263157,1.0,8,19.0
IND000000AFT,IND400701AAA,2.9473684210526314,1.0,1,19.0
IND000000AFT,IND400706AAA,5.222222222222222,1.0,1,18.0
IND000000AFT,IND410206AAA,2.408333333333333,1.0,2,17.5
IND000000AFT,IND410206AAB,3.1176470588235294,1.0,1,17.0
IND000000AFT,IND410209AAA,2.25,1.0,27,14.0
IND000000AFT,IND410210AAA,3.6,1.0,9,15.0
IND000000AFT,IND421302AAG,2.2142857142857144,1.0,10,21.0
IND110014AAA,IND110024AAA,3.4285714285714284,1.0,9,11.0
IND110020AAB,IND110037AAM,3.937747035573123,1.0,4,23.5
IND110024AAA,IND110014AAA,2.0,1.0,9,7.0
IND110030AAD,IND000000ACB,3.106382978723404,1.0,7,47.0
IND110035AAC,IND110037AAM,1.5083333333333333,1.0,2,19.0
IND110037AAK,IND000000ACB,2.1842105263157894,1.0,37,38.0
IND110037AAM,IND000000ACB,1.5424418604651162,1.0,12,43.0
IND110037AAM,IND110020AAB,3.4814814814814814,1.0,7,25.0
IND110037AAM,IND110024AAA,2.707826086956522,1.0,12,24.0
IND110037AAM,IND110035AAC,2.1578947368421053,0.896551724137931,29,21.0
IND110037AAM,IND110064AAA,5.39375,1.0,2,18.0
IND110037AAM,IND110085AAB,2.0602006688963215,1.0,16,24.5
IND110037AAM,IND110092AAC,2.193548387096774,1.0,1,31.0
IND110037AAM,IND121004AAB,2.2142857142857144,1.0,37,27.0
IND110037AAM,IND125001AAA,4.015037593984962,1.0,1,133.0
IND110037AAM,IND131028AAB,2.210526315789474,1.0,1,57.0
IND110037AAM,IND201001AAC,2.5542857142857143,1.0,4,49.0
IND110037AAM,IND201007AAA,2.492016806722689,1.0,6,34.5
IND110037AAM,IND201301AAD,4.5675675675675675,1.0,3,37.0
IND110037AAM,IND201301AAF,2.1538461538461537,1.0,5,39.0
IND110037AAM,IND202001AAB,1.8294573643410852,1.0,22,129.0
IND110037AAM,IND209304AAA,2.140273025377816,1.0,20,335.0
IND110037AAM,IND226004AAC,1.8293333333333333,1.0,1,375.0
IND110037AAM,IND282001AAA,2.0675675675675675,1.0,3,148.0
IND110037AAM,IND282001AAC,2.1059602649006623,1.0,1,151.0
IND110037AAM,IND282002AAD,1.966887417218543,1.0,1,151.0
IND110037AAM,IND421302AAG,2.006519558676028,1.0,14,997.0
IND110037AAM,IND811399AAA,1.608187134502924,0.5,8,36.0
IND110039AAA,IND110085AAB,3.7333333333333334,1.0,3,15.0
IND110043AAA,IND000000ACB,3.55,1.0,5,40.0
IND110043AAA,IND110078AAA,1.7,0.9583333333333334,24,21.5
IND110043AAC,IND000000ACB,1.6206896551724137,1.0,1,58.0
IND110044AAB,IND000000ACB,1.7130750605326877,1.0,64,61.0
IND110044AAB,IND110030AAD,1.5590277777777777,0.8846153846153846,26,15.0
IND110044AAB,IND110037AAM,2.0476190476190474,1.0,3,23.0
IND110044AAB,IND131028AAB,1.7396925227113906,1.0,32,53.0
IND110044AAB,IND201007AAA,2.5217391304347827,1.0,11,23.0
IND110044AAB,IND201301AAF,1.5555555555555556,1.0,8,14.0
IND110052AAA,IND000000ACB,1.6617866004962778,1.0,10,63.5
IND110064AAA,IND000000ACB,6.9245283018867925,1.0,29,54.0
IND110064AAA,IND110005AAA,2.6538461538461537,1.0,2,12.0
IND110064AAA,IND110046AAA,3.0,1.0,1,15.0
IND110077AAA,IND110043AAA,1.3333333333333333,1.0,1,15.0
IND110078AAA,IND110043AAA,2.857142857142857,1.0,9,21.0
IND110083AAA,IND110085AAB,2.9411764705882355,1.0,1,17.0
IND110085AAB,IND000000ACB,2.6984126984126986,1.0,7,64.0
IND110085AAB,IND110039AAA,1.7380952380952381,0.5,4,16.0
IND110085AAB,IND110083AAA,4.0,1.0,3,15.0
IND110085AAB,IND110085AAA,2.076923076923077,1.0,1,13.0
IND110085AAB,IND110087AAA,2.0,0.6666666666666666,3,13.0
IND110092AAC,IND000000ACB,2.196239151398264,1.0,6,68.0
IND110092AAC,IND110093AAA,3.25,1.0,1,16.0
IND110093AAA,IND110092AAC,3.2222222222222223,1.0,1,18.0
IND110095AAB,IND000000ACB,1.5211267605633803,1.0,1,71.0
IND121001AAA,IND121004AAB,1.871212121212121,0.9583333333333334,24,11.0
IND121002AAB,IND000000ACB,2.2363636363636363,1.0,26,65.0
IND121004AAA,IND121004AAB,2.2666666666666666,1.0,9,14.0
IND121004AAB,IND000000ACB,1.809090909090909,1.0,24,65.0
IND121004AAB,IND110037AAM,2.626923076923077,1.0,28,25.0
IND121004AAB,IND121001AAA,1.8888888888888888,1.0,21,11.0
IND121004AAB,IND121004AAA,1.75,1.0,17,12.0
IND121004AAB,IND121004AAC,1.8461538461538463,1.0,9,13.0
IND121004AAB,IND121102AAA,1.9137931034482758,1.0,32,29.0
IND121004AAC,IND121004AAB,4.9411764705882355,1.0,5,12.0
IND121102AAA,IND121004AAB,3.992857142857143,1.0,12,29.0
IND122001AAA,IND000000ACB,1.6756756756756757,0.9333333333333333,15,34.0
IND122001AAA,IND110037AAM,3.8666666666666667,1.0,1,15.0
IND122001AAA,IND122001AAD,3.2,1.0,3,12.0
IND122001AAA,IND122101AAC,1.375,1.0,1,16.0
IND122001AAD,IND122050AAA,2.113095238095238,0.875,8,20.0
IND122001AAJ,IND507123AAA,0.7758620689655172,0.0,9,58.0
IND122002AAD,IND122503AAA,2.285,1.0,2,22.5
IND122004AAA,IND000000ACB,1.6176470588235294,1.0,1,34.0
IND122004AAA,IND122413AAE,1.7941176470588236,1.0,37,35.0
IND122503AAA,IND122001AAA,4.5997150997151,1.0,2,26.5
IND123001AAA,IND123401AAB,1.9558823529411766,1.0,10,34.5
IND123401AAB,IND123106AAB,1.96,1.0,10,50.0
IND124001AAB,IND126102AAA,2.281712473572939,1.0,2,43.5
IND124103AAA,IND127021AAA,1.9230769230769231,1.0,8,52.0
IND124112AAA,IND125005AAA,2.4507246376811596,1.0,2,45.5
IND124112AAA,IND125033AAA,1.8,1.0,3,29.0
IND124141AAA,IND000000ACB,2.0526315789473686,1.0,9,79.0
IND124507AAA,IND131028AAB,2.260869565217391,1.0,9,45.0
IND124507AAA,IND131028AAE,2.977777777777778,1.0,1,45.0
IND125001AAA,IND000000ACB,2.014925373134328,1.0,7,136.0
IND125001AAA,IND110037AAM,3.5757575757575757,1.0,7,132.0
IND125001AAA,IND125047AAB,2.057142857142857,1.0,7,35.0
IND125001AAA,IND125051AAA,3.3492063492063493,1.0,1,63.0
IND125001AAA,IND335513AAA,1.7110816777041942,1.0,6,150.5
IND125001AAA,IND335523AAB,3.176470588235294,1.0,3,118.0
IND125001AAA,IND335524AAA,1.9024390243902438,1.0,5,164.0
IND125005AAA,IND000000ACB,1.927007299270073,1.0,5,137.0
IND125005AAA,IND125047AAB,2.1714285714285713,1.0,3,35.0
IND125005AAA,IND335513AAA,1.7733333333333334,1.0,3,150.0
IND125005AAA,IND335523AAB,2.6050420168067228,1.0,1,119.0
IND125005AAA,IND335524AAA,1.6818181818181819,1.0,2,166.5
IND125033AAA,IND125001AAA,2.0,1.0,3,17.0
IND125033AAA,IND125005AAA,2.0620915032679736,1.0,2,17.5
IND125047AAB,IND125050AAA,2.7142857142857144,1.0,1,35.0
IND125047AAB,IND125051AAA,2.192982456140351,1.0,9,57.0
IND125050AAA,IND125051AAA,1.7186147186147185,1.0,2,21.5
IND125051AAA,IND125111AAA,1.0489583333333332,0.0,4,31.0
IND125104AAA,IND125005AAA,2.5871559633027523,1.0,1,109.0
IND125111AAA,IND125121AAA,3.295866935483871,1.0,2,31.5
IND125121AAA,IND125001AAA,3.9,1.0,3,30.0
IND126102AAA,IND131301AAA,2.1571428571428575,1.0,2,35.0
IND126112AAA,IND131028AAB,2.3768075117370895,0.9285714285714286,14,73.0
IND127021AAA,IND127201AAA,2.1052631578947367,1.0,5,39.0
IND127201AAA,IND124141AAA,2.564542483660131,1.0,2,35.0
IND131021AAA,IND131028AAA,1.6458333333333335,0.875,48,11.0
IND131028AAB,IND000000ACB,1.6170212765957446,0.974025974025974,77,93.0
IND131028AAB,IND110037AAM,2.2758620689655173,1.0,7,57.0
IND131028AAB,IND124001AAB,1.75,1.0,3,55.0
IND131028AAB,IND124507AAA,1.9404761904761905,1.0,10,42.0
IND131028AAB,IND132103AAA,5.326923076923077,1.0,2,46.0
IND131028AAB,IND136118AAA,1.9893617021276595,1.0,15,95.0
IND131028AAB,IND160002AAC,1.7709923664122138,1.0,27,130.0
IND131028AAB,IND201204AAA,1.8121482176360226,1.0,8,42.0
IND131028AAB,IND244001AAA,1.8273956013906794,1.0,14,159.0
IND131028AAB,IND244235AAA,1.7131147540983607,1.0,17,121.0
IND131028AAB,IND247667AAA,1.8214285714285714,1.0,3,140.0
IND131028AAB,IND247667AAB,1.9142857142857141,1.0,12,140.0
IND131028AAB,IND248001AAD,1.8726415094339623,1.0,1,212.0
IND131028AAB,IND249407AAA,1.8666666666666667,1.0,1,180.0
IND131028AAB,IND250002AAA,1.8082191780821917,1.0,1,73.0
IND131028AAB,IND250609AAA,2.9545454545454546,1.0,1,22.0
IND131028AAB,IND250611AAA,3.50436507936508,1.0,2,35.5
IND131028AAB,IND251001AAA,1.930565088080531,1.0,10,95.0
IND131028AAE,IND124507AAA,1.7333333333333334,1.0,1,45.0
IND131301AAA,IND131028AAB,3.0358974358974358,1.0,2,39.5
IND132001AAA,IND131028AAB,3.664473684210526,1.0,2,76.0
IND132001AAA,IND132103AAA,3.1470588235294117,1.0,1,34.0
IND132001AAA,IND132103AAB,4.0588235294117645,1.0,3,32.0
IND132103AAA,IND131028AAB,2.913793103448276,1.0,3,45.0
IND132103AAA,IND132001AAA,1.7714285714285714,1.0,5,35.0
IND132103AAB,IND131028AAB,3.2981601731601726,1.0,6,44.0
IND133004AAA,IND135001AAA,1.660774410774411,1.0,6,54.0
IND134102AAA,IND174103AAA,3.0,1.0,13,14.0
IND134109AAA,IND160002AAC,12.328453453453452,1.0,10,36.5
IND134203AAA,IND140501AAA,1.5625,1.0,12,40.0
IND135001AAA,IND173025AAA,2.311111111111111,1.0,11,45.0
IND136027AAA,IND132039AAA,1.8697478991596639,1.0,16,35.0
IND136118AAA,IND136128AAA,1.3703703703703705,1.0,17,28.0
IND136128AAA,IND136027AAA,2.090909090909091,1.0,17,20.0
IND140001AAA,IND140118AAA,1.7611408199643495,1.0,14,33.0
IND140118AAA,IND160002AAC,1.6952380952380952,1.0,15,104.0
IND140301AAA,IND140001AAA,1.6666666666666667,1.0,15,24.0
IND140301AAA,IND140901AAA,2.095833333333333,1.0,14,15.0
IND140401AAA,IND000000ACA,2.417211328976035,1.0,2,52.5
IND140401AAA,IND142401AAA,1.5757575757575757,1.0,3,33.0
IND140401AAA,IND147301AAA,1.4782608695652173,1.0,1,23.0
IND140406AAA,IND140401AAA,1.5833333333333333,0.7142857142857143,7,24.0
IND140501AAA,IND160002AAC,2.3125,0.9230769230769231,13,16.0
IND140901AAA,IND160002AAC,1.872340425531915,1.0,15,47.0
IND140901AAA,IND160055AAA,1.8571428571428572,1.0,14,14.0
IND141003AAB,IND000000ACA,1.8181818181818181,0.7142857142857143,7,11.0
IND141003AAB,IND142026AAA,1.6774193548387097,1.0,17,32.0
IND141010AAA,IND000000ACA,1.8181818181818181,1.0,1,11.0
IND141109AAA,IND000000ACA,1.25,0.5384615384615384,13,56.0
IND141115AAA,IND000000ACA,1.4488095238095238,0.8571428571428571,14,30.0
IND142001AAB,IND151001AAA,2.6515151515151514,1.0,1,66.0
IND142001AAB,IND152026AAA,1.6428931451612905,1.0,22,62.0
IND142026AAA,IND000000ACA,2.75,1.0,1,40.0
IND142026AAA,IND141109AAA,1.4511904761904764,1.0,14,35.0
IND142401AAA,IND000000ACA,1.875,1.0,6,20.0
IND143001AAA,IND144001AAB,2.0655737704918034,1.0,15,65.0
IND144001AAA,IND144040AAA,1.85,1.0,13,20.0
IND144001AAB,IND000000ACA,2.2547169811320753,1.0,18,53.0
IND144001AAB,IND143001AAA,1.5223880597014925,1.0,13,64.0
IND144001AAB,IND144401AAB,1.6944444444444444,0.8333333333333334,12,14.0
IND144001AAB,IND144601AAA,3.375,1.0,3,16.0
IND144001AAB,IND160002AAC,5.810344827586207,1.0,1,116.0
IND144001AAC,IND000000ACA,1.9245283018867925,1.0,9,54.0
IND144001AAC,IND160002AAC,2.544642857142857,1.0,13,113.0
IND144040AAA,IND144001AAB,2.25,1.0,7,19.0
IND144401AAB,IND144001AAB,1.9166666666666667,1.0,15,11.0
IND144514AAA,IND000000ACA,1.7241379310344827,1.0,1,58.0
IND144514AAA,IND141115AAA,1.75,1.0,5,28.0
IND144527AAA,IND141115AAA,1.8676470588235294,1.0,4,34.0
IND144601AAA,IND144001AAA,2.0018382352941178,1.0,2,16.5
IND144601AAA,IND144040AAA,1.7586206896551724,1.0,1,29.0
IND145001AAA,IND176201AAA,1.7916666666666667,1.0,7,22.0
IND145001AAA,IND176303AAA,1.1844660194174756,0.0,1,103.0
IND147001AAB,IND147201AAA,1.3205619412515963,0.8333333333333334,6,28.0
IND147001AAB,IND160002AAC,7.090909090909091,1.0,7,33.0
IND147001AAD,IND147201AAA,1.5,1.0,1,28.0
IND147001AAD,IND148023AAA,1.253968253968254,1.0,1,63.0
IND147001AAD,IND160002AAC,4.193548387096774,1.0,5,33.0
IND147101AAA,IND147105AAA,1.391304347826087,1.0,7,23.0
IND147101AAA,IND160002AAC,7.017241379310345,1.0,1,58.0
IND147105AAA,IND147101AAA,1.4230769230769231,1.0,1,26.0
IND147105AAA,IND160002AAC,9.01764705882353,1.0,6,85.0
IND147201AAA,IND148023AAA,1.0909090909090908,0.14285714285714285,7,33.0
IND147301AAA,IND140401AAA,1.3333333333333333,1.0,1,30.0
IND148023AAA,IND148001AAA,1.3408045977011493,1.0,2,29.5
IND148023AAA,IND148024AAB,2.0,1.0,1,18.0
IND148028AAA,IND147001AAB,1.8113207547169812,1.0,10,53.0
IND148028AAA,IND147001AAD,1.7980769230769231,1.0,2,51.5
IND148101AAA,IND148102AAA,1.3636363636363635,0.6666666666666666,3,22.0
IND148102AAA,IND151001AAA,1.8275862068965518,1.0,1,58.0
IND151001AAA,IND148101AAA,1.2822910578609,0.6666666666666666,6,58.0
IND151001AAA,IND151103AAA,1.3703703703703705,0.6666666666666666,3,27.0
IND151001AAA,IND151302AAA,0.8205128205128205,0.06666666666666667,15,41.0
IND151001AAA,IND160002AAC,1.5875,1.0,17,159.0
IND151302AAA,IND151505AAA,0.8704453441295547,0.07142857142857142,14,38.0
IND151505AAA,IND151506AAA,1.7692307692307692,0.6,5,27.0
IND151506AAA,IND151001AAA,1.4594594594594594,0.9230769230769231,13,74.0
IND152024AAA,IND152123AAA,1.732258064516129,1.0,2,30.5
IND152026AAA,IND000000ACA,4.6115702479338845,1.0,15,121.0
IND152026AAA,IND151001AAA,1.0276157804459691,0.125,8,53.0
IND152026AAA,IND152024AAA,2.0,1.0,2,21.0
IND152026AAA,IND152107AAA,2.0952380952380953,1.0,1,21.0
IND152026AAA,IND160002AAC,4.5055555555555555,1.0,1,180.0
IND152101AAA,IND152026AAA,2.8484848484848486,1.0,1,33.0
IND152123AAA,IND152026AAA,2.480769230769231,1.0,1,52.0
IND160002AAC,IND000000ACA,2.007936507936508,1.0,26,63.0
IND160002AAC,IND000000ACB,1.9858043458821424,1.0,58,211.0
IND160002AAC,IND110037AAM,1.8,1.0,8,185.0
IND160002AAC,IND131028AAB,1.9154387833599622,1.0,12,129.5
IND160002AAC,IND134203AAA,2.810810810810811,1.0,1,37.0
IND160002AAC,IND135001AAA,1.8688524590163935,1.0,1,61.0
IND160002AAC,IND140301AAA,1.4468085106382977,0.9375,16,47.0
IND160002AAC,IND140603AAA,1.2413793103448276,0.75,20,29.0
IND160002AAC,IND140901AAA,1.6595744680851063,1.0,17,47.0
IND160002AAC,IND142001AAB,1.8360875706214688,1.0,14,119.0
IND160002AAC,IND143001AAA,1.9830508474576272,1.0,11,176.0
IND160002AAC,IND144001AAB,2.178538708199725,1.0,10,116.5
IND160002AAC,IND147001AAB,2.0555555555555554,1.0,3,35.0
IND160002AAC,IND147001AAD,2.0526315789473686,1.0,7,38.0
IND160002AAC,IND147101AAA,2.176470588235294,1.0,7,59.0
IND160002AAC,IND147105AAA,2.3427278603749193,1.0,2,88.0
IND160002AAC,IND151001AAA,1.725609756097561,1.0,13,158.0
IND160002AAC,IND160003AAA,2.0,1.0,1,31.0
IND160002AAC,IND160055AAA,1.0930232558139534,0.2,15,42.0
IND160002AAC,IND160102AAC,1.7680672268907562,1.0,24,35.0
IND160002AAC,IND173212AAA,2.1426985370950886,1.0,14,88.0
IND160002AAC,IND174001AAA,2.0428571428571427,1.0,13,139.0
IND160002AAC,IND174103AAA,1.3076923076923077,1.0,1,65.0
IND160002AAC,IND174307AAA,1.3555555555555556,1.0,13,180.0
IND160002AAC,IND176041AAA,1.4077669902912622,1.0,1,206.0
IND160002AAC,IND181152AAA,1.8603896103896105,1.0,2,308.0
IND160002AAC,IND184104AAA,1.904564315352697,1.0,5,241.0
IND160002AAC,IND562132AAA,2.244365361803084,1.0,1,1686.0
IND160003AAA,IND160002AAC,3.0,1.0,1,34.0
IND160055AAA,IND160002AAC,1.1925087108013936,0.5,16,41.0
IND160102AAC,IND160002AAC,2.0294117647058822,1.0,25,34.0
IND160102AAD,IND160002AAC,1.5900735294117647,1.0,8,33.5
IND160102AAD,IND160002AAD,2.1176470588235294,1.0,3,34.0
IND173025AAA,IND160002AAC,2.3268686868686865,1.0,10,100.0
IND173212AAA,IND134102AAA,3.8484848484848486,1.0,2,33.0
IND173212AAA,IND160002AAC,2.0105263157894737,1.0,1,95.0
IND173212AAA,IND173220AAA,3.3076923076923075,1.0,5,28.0
IND173220AAA,IND173212AAA,3.53125,1.0,1,32.0
IND173220AAA,IND174103AAA,2.628571428571429,1.0,2,18.0
IND174001AAA,IND175018AAA,2.5769230769230766,1.0,12,27.0
IND174021AAA,IND176048AAA,2.086666666666667,1.0,12,26.5
IND174101AAB,IND134102AAA,2.6666666666666665,1.0,1,21.0
IND174101AAB,IND160002AAC,2.5592105263157894,1.0,10,77.0
IND174103AAA,IND160002AAC,3.4153846153846152,1.0,3,65.0
IND174307AAA,IND176041AAA,1.1785714285714286,0.38461538461538464,13,54.0
IND175001AAA,IND175101AAA,1.986846846846847,1.0,12,74.5
IND175015AAA,IND174001AAA,7.2631578947368425,1.0,13,131.0
IND175018AAA,IND175001AAA,3.066666666666667,1.0,11,15.0
IND175101AAA,IND160002AAC,2.338403041825095,1.0,3,264.0
IND176048AAA,IND175015AAA,1.858695652173913,1.0,11,92.0
IND176061AAA,IND160002AAC,3.014421093347086,1.0,2,278.5
IND176110AAB,IND177033AAA,2.1,1.0,9,30.0
IND176201AAA,IND176303AAA,1.6027397260273972,1.0,9,74.0
IND176215AAA,IND176061AAA,1.8695652173913044,1.0,3,46.0
IND176303AAA,IND176310AAA,1.335704291044776,0.8,10,69.0
IND176310AAA,IND145001AAA,6.177514792899408,1.0,13,172.0
IND177001AAA,IND176110AAB,1.8095238095238095,1.0,7,22.0
IND177033AAA,IND160002AAC,2.2345211740341355,1.0,14,202.0
IND177101AAA,IND176001AAA,1.6966101694915254,1.0,2,59.5
IND177101AAA,IND176001AAB,1.2203389830508475,1.0,1,59.0
IND177203AAA,IND177101AAA,1.5135135135135136,1.0,3,37.0
IND181152AAA,IND184121AAA,1.4586693548387095,1.0,4,32.5
IND181152AAB,IND160002AAC,1.983221476510067,1.0,1,298.0
IND181152AAB,IND181201AAB,3.217391304347826,1.0,5,23.0
IND181152AAB,IND184121AAA,1.640625,1.0,4,32.0
IND181201AAB,IND181152AAB,5.130434782608695,1.0,7,24.0
IND184104AAA,IND160002AAC,1.8668192219679633,1.0,4,229.0
IND184104AAA,IND181152AAA,1.4857142857142858,1.0,3,71.0
IND184104AAA,IND181152AAB,1.4929577464788732,1.0,1,71.0
IND184104AAA,IND184121AAA,1.3003205128205129,0.5,2,39.5
IND184121AAA,IND160002AAC,1.8680876720102142,1.0,4,265.5
IND184121AAA,IND181152AAA,1.375,1.0,1,32.0
IND184121AAA,IND184104AAA,1.205128205128205,0.6666666666666666,3,38.0
IND201001AAA,IND201007AAA,3.2884615384615383,1.0,4,13.5
IND201001AAC,IND110037AAM,1.4545454545454546,1.0,1,44.0
IND201005AAA,IND201007AAA,3.2857142857142856,1.0,1,14.0
IND201007AAA,IND201001AAA,1.6553030303030303,1.0,2,11.5
IND201007AAA,IND201005AAA,3.5697115384615383,1.0,2,14.5
IND201007AAA,IND201007AAB,5.368421052631579,1.0,1,19.0
IND201007AAA,IND245101AAA,2.1320754716981134,1.0,1,53.0
IND201007AAA,IND245304AAA,2.2162162162162162,1.0,11,38.0
IND201007AAB,IND110044AAB,1.7543103448275863,0.9,10,33.5
IND201007AAB,IND201007AAA,4.035714285714286,1.0,2,14.0
IND201007AAB,IND201301AAF,2.933333333333333,1.0,5,16.0
IND201204AAA,IND250002AAA,1.7619047619047619,1.0,5,21.0
IND201301AAD,IND110037AAM,5.252123552123551,1.0,2,36.0
IND201301AAF,IND201304AAA,1.7951388888888888,1.0,12,16.0
IND201301AAF,IND203205AAA,2.0888888888888886,1.0,14,45.0
IND201301AAL,IND201301AAF,1.5416666666666667,1.0,7,26.0
IND201301AAL,IND201307AAA,1.263157894736842,0.8,5,21.0
IND201301AAM,IND000000ACB,1.9599009238184495,1.0,24,74.0
IND201304AAA,IND201301AAF,2.230769230769231,1.0,14,13.0
IND201306AAA,IND201301AAF,3.1077694235588975,1.0,8,19.0
IND201306AAA,IND201304AAA,11.6,1.0,1,15.0
IND201307AAA,IND201301AAL,1.2380952380952381,0.5238095238095238,21,21.0
IND202001AAB,IND110037AAM,2.0846153846153848,1.0,1,130.0
IND202001AAB,IND205001AAB,2.543269230769231,1.0,8,104.0
IND202001AAB,IND207123AAA,2.810897435897436,1.0,2,51.5
IND202001AAB,IND282002AAD,1.7792207792207793,1.0,5,74.0
IND202001AAC,IND204215AAA,2.8001672240802673,1.0,4,24.0
IND203001AAA,IND203131AAA,3.6153846153846154,1.0,5,12.0
IND203131AAA,IND203135AAA,1.5675675675675675,1.0,11,38.0
IND203135AAA,IND203390AAA,1.7361500701262274,1.0,2,92.5
IND203135AAA,IND203396AAB,1.5517241379310345,1.0,9,58.0
IND203390AAA,IND201301AAF,2.5729166666666665,1.0,15,96.0
IND203396AAB,IND203390AAA,1.3544871794871796,0.9166666666666666,12,39.0
IND204101AAA,IND202001AAB,1.8620689655172413,1.0,1,29.0
IND204101AAA,IND282002AAD,2.583553675304072,1.0,2,61.5
IND204215AAA,IND207001AAA,3.1363636363636367,1.0,6,22.5
IND205001AAB,IND110037AAM,3.3189655172413794,1.0,1,232.0
IND205001AAB,IND205135AAA,2.0914473684210524,1.0,8,40.0
IND205001AAB,IND209625AAA,2.6779661016949152,1.0,1,59.0
IND205001AAB,IND209721AAB,2.25,1.0,6,41.0
IND205135AAA,IND283203AAA,2.3157894736842106,1.0,10,18.5
IND206001AAA,IND000000ACB,1.9446808510638298,1.0,15,232.0
IND206122AAA,IND206001AAA,1.5217391304347827,0.7692307692307693,13,47.0
IND207001AAA,IND207302AAA,1.6667682926829268,1.0,6,40.5
IND207123AAA,IND202001AAB,8.098039215686274,1.0,1,51.0
IND207247AAB,IND205001AAB,2.2037037037037037,1.0,7,54.0
IND207302AAA,IND202001AAB,5.019807923169267,1.0,6,50.0
IND208012AAA,IND209304AAA,31.898039215686275,1.0,10,17.0
IND208017AAA,IND209304AAA,12.181818181818182,1.0,5,12.0
IND208019AAA,IND209304AAA,9.0625,1.0,3,16.0
IND209101AAA,IND209111AAA,1.1304347826086956,0.45454545454545453,11,45.0
IND209111AAA,IND285001AAD,2.2523809523809524,1.0,16,36.0
IND209206AAB,IND210301AAA,2.2,1.0,11,15.0
IND209304AAA,IND000000ACB,1.9816840083538452,1.0,28,328.0
IND209304AAA,IND110037AAM,2.7997076023391814,1.0,4,342.0
IND209304AAA,IND206122AAA,1.6494472789115646,1.0,14,49.0
IND209304AAA,IND208006AAA,1.7417391304347827,0.625,8,25.0
IND209304AAA,IND208012AAA,1.75,0.5333333333333333,15,16.0
IND209304AAA,IND208019AAA,4.80625,1.0,14,16.0
IND209304AAA,IND209101AAA,2.5549450549450547,0.8333333333333334,12,15.0
IND209304AAA,IND209206AAB,0.8275862068965517,0.07692307692307693,13,57.0
IND209304AAA,IND209801AAA,2.3636363636363638,0.8,15,34.0
IND209304AAA,IND211002AAB,1.6223021582733814,0.9375,16,139.0
IND209304AAA,IND212601AAA,2.2164179104477615,0.9166666666666666,12,68.0
IND209304AAA,IND221313AAA,2.0562770562770565,1.0,2,231.0
IND209304AAA,IND282001AAA,2.181318681318681,1.0,5,183.0
IND209625AAA,IND241124AAB,1.3636363636363635,0.7142857142857143,7,66.0
IND209721AAB,IND209625AAA,1.484375,0.8333333333333334,6,32.0
IND209801AAA,IND209304AAA,22.67566287878788,1.0,4,32.5
IND210001AAA,IND210427AAA,3.8157894736842106,1.0,9,40.0
IND210427AAA,IND209304AAA,3.3761045922062873,1.0,8,119.0
IND210431AAA,IND209304AAA,2.68125,1.0,4,111.0
IND210501AAB,IND209304AAA,2.5869565217391304,1.0,11,91.0
IND211002AAB,IND209304AAA,1.8152173913043477,1.0,12,138.0
IND211002AAB,IND211011AAA,4.714285714285714,1.0,9,7.0
IND211002AAB,IND211013AAA,5.071428571428571,1.0,7,15.0
IND211002AAB,IND485001AAC,2.473684210526316,1.0,13,133.0
IND211008AAA,IND211002AAB,9.28125,1.0,6,16.0
IND211010AAB,IND211002AAB,4.0,1.0,1,6.0
IND211011AAA,IND212501AAA,3.904761904761905,1.0,10,21.0
IND212402AAA,IND211002AAB,29.083333333333332,1.0,9,36.0
IND212501AAA,IND212402AAA,1.72,1.0,10,25.0
IND212601AAA,IND210001AAA,2.312937062937063,1.0,12,61.5
IND221010AAB,IND222001AAA,2.731707317073171,1.0,1,41.0
IND221010AAB,IND232101AAB,27.0,1.0,1,21.0
IND221010AAB,IND233001AAA,9.767857142857142,1.0,3,56.0
IND221303AAA,IND231001AAA,1.4864130434782608,1.0,2,23.5
IND221313AAA,IND211002AAB,4.210086489013557,1.0,2,92.5
IND221313AAA,IND232101AAB,28.727272727272727,1.0,1,22.0
IND221313AAA,IND276128AAA,2.6043956043956045,1.0,1,91.0
IND221401AAA,IND221303AAA,3.0,1.0,1,16.0
IND221706AAA,IND273014AAB,4.083333333333333,1.0,9,82.0
IND222001AAA,IND222136AAA,2.9166666666666665,1.0,1,12.0
IND223101AAB,IND222125AAB,2.074074074074074,1.0,5,27.0
IND224001AAA,IND224141AAB,2.925925925925926,1.0,11,27.0
IND224141AAB,IND224122AAA,2.9,1.0,15,20.0
IND226004AAA,IND226016AAA,4.565217391304348,1.0,5,20.0
IND226004AAA,IND226024AAA,2.6923076923076925,1.0,1,13.0
IND231205AAA,IND231216AAA,3.3,1.0,3,21.0
IND231208AAA,IND231217AAA,1.8070652173913042,1.0,6,23.5
IND231217AAA,IND231225AAB,2.4,1.0,7,26.0
IND231225AAB,IND486886AAA,1.6296296296296295,1.0,7,27.0
IND232101AAB,IND232104AAB,1.8666666666666667,1.0,5,11.0
IND232104AAB,IND221010AAB,2.4,1.0,1,30.0
IND232104AAB,IND232327AAA,2.5714285714285716,1.0,1,63.0
IND232104AAB,IND233221AAC,1.7058823529411764,1.0,1,51.0
IND233001AAA,IND275101AAA,3.4482758620689653,1.0,3,29.0
IND233001AAA,IND275503AAA,3.4523809523809526,1.0,1,42.0
IND241124AAB,IND242001AAA,2.0588235294117645,1.0,3,17.0
IND242221AAA,IND207247AAB,3.10989010989011,1.0,5,90.0
IND242307AAB,IND207247AAB,2.015151515151515,1.0,3,132.0
IND242307AAB,IND242221AAA,1.4634146341463414,1.0,5,41.0
IND243001AAA,IND243503AAB,2.3404558404558404,1.0,10,27.0
IND243001AAA,IND244901AAB,1.8444444444444446,1.0,1,45.0
IND243002AAA,IND243503AAB,2.185185185185185,1.0,1,27.0
IND243201AAA,IND262001AAA,1.9636363636363638,1.0,2,44.5
IND243301AAB,IND244901AAB,1.3214285714285714,0.7777777777777778,9,85.0
IND243301AAB,IND244901AAC,1.2823529411764705,0.5,2,85.0
IND243503AAB,IND244901AAB,2.772727272727273,1.0,9,66.0
IND244001AAA,IND263153AAB,2.010989010989011,1.0,11,91.0
IND244221AAA,IND131028AAB,1.9054054054054055,1.0,17,127.0
IND244235AAA,IND244901AAB,0.8786407766990292,0.1875,16,103.0
IND244301AAA,IND244412AAA,1.5727370689655173,1.0,8,31.0
IND244412AAA,IND243301AAB,0.75,0.0,8,88.0
IND244412AAA,IND244901AAB,1.6266613924050635,1.0,2,79.5
IND244501AAA,IND244601AAB,1.309920634920635,0.75,8,71.5
IND244601AAB,IND244901AAB,1.2107253086419751,0.5,8,80.0
IND244713AAA,IND263401AAA,2.0,1.0,12,23.0
IND244715AAA,IND244713AAA,0.9358974358974359,0.0,12,39.0
IND244901AAB,IND243002AAA,2.2888888888888888,1.0,12,45.0
IND244901AAB,IND243201AAA,2.9365079365079363,1.0,1,63.0
IND244901AAB,IND244221AAA,0.9347890671420083,0.25,16,99.0
IND244901AAB,IND244301AAA,0.9090909090909091,0.14285714285714285,7,99.0
IND244901AAB,IND244921AAB,3.0434782608695654,1.0,4,23.0
IND244901AAB,IND246725AAB,1.171875,0.2727272727272727,11,126.0
IND244921AAB,IND243201AAA,1.8461538461538463,1.0,1,39.0
IND244921AAB,IND262001AAA,2.0240963855421685,1.0,1,83.0
IND245101AAA,IND245304AAA,2.3333333333333335,1.0,15,18.0
IND245304AAA,IND201007AAA,2.6470588235294117,1.0,13,35.0
IND245304AAA,IND245101AAA,1.7104166666666667,1.0,14,16.0
IND246149AAA,IND249407AAA,2.6869328493647915,1.0,12,57.0
IND246174AAA,IND246444AAB,1.2083524027459953,0.5,12,93.5
IND246424AAA,IND246174AAA,1.2563086548488007,0.5833333333333334,12,138.0
IND246444AAB,IND246424AAA,1.4138477801268499,1.0,12,42.0
IND246701AAA,IND246763AAA,1.8461538461538463,1.0,11,25.0
IND246725AAB,IND246701AAA,1.5142857142857142,1.0,9,34.0
IND246761AAA,IND244501AAA,0.462113558294605,0.0,10,99.0
IND246761AAA,IND244901AAB,1.221311475409836,1.0,1,122.0
IND246763AAA,IND244901AAB,1.453449416825213,1.0,2,155.5
IND246763AAA,IND246761AAA,2.5161290322580645,1.0,11,31.0
IND247554AAA,IND248001AAA,1.1953244216565952,0.4,10,129.0
IND247554AAA,IND248001AAD,1.408258560703168,0.5,2,128.0
IND247667AAA,IND249407AAA,2.1194444444444445,1.0,12,37.5
IND247776AAA,IND251309AAB,1.7777777777777777,1.0,9,18.0
IND248001AAA,IND131028AAB,2.0512809312687006,1.0,12,214.0
IND248001AAD,IND131028AAB,2.0787037037037037,1.0,9,212.0
IND248122AAB,IND248001AAA,2.077751196172249,1.0,10,37.5
IND248197AAA,IND248122AAB,2.6774193548387095,1.0,11,45.0
IND249201AAA,IND249407AAA,6.555555555555555,1.0,13,27.0
IND249407AAA,IND131028AAB,2.7582487113799807,1.0,14,178.0
IND249407AAA,IND246149AAA,2.4596491228070176,1.0,14,57.5
IND249407AAA,IND249201AAA,2.0384615384615383,1.0,13,26.0
IND250002AAA,IND131028AAB,2.0,1.0,5,67.0
IND250611AAA,IND247776AAA,1.9090909090909092,1.0,10,33.0
IND251001AAA,IND247554AAA,1.8958333333333335,1.0,10,24.0
IND251201AAA,IND250002AAA,1.9024390243902438,1.0,1,41.0
IND251309AAB,IND131028AAB,1.971825396825397,1.0,8,70.0
IND261001AAA,IND262701AAA,2.042553191489362,1.0,16,48.0
IND261201AAB,IND261001AAA,2.6451612903225805,1.0,15,32.0
IND262001AAA,IND244901AAB,1.8271604938271604,1.0,1,81.0
IND262001AAA,IND262122AAB,2.022681451612903,1.0,4,32.5
IND262122AAB,IND244901AAB,2.6949136090079593,1.0,2,101.5
IND262405AAA,IND263153AAB,7.487804878048781,1.0,2,41.0
IND262501AAA,IND263153AAB,2.013953488372093,1.0,5,215.0
IND262701AAA,IND262802AAA,2.145833333333333,1.0,16,24.0
IND262802AAA,IND262723AAB,2.5,1.0,17,69.0
IND263002AAA,IND263645AAA,1.1645569620253164,0.36363636363636365,11,84.0
IND263139AAA,IND263153AAB,1.3617886178861789,0.6666666666666666,6,41.5
IND263153AAB,IND131028AAB,2.041957770532526,1.0,12,228.0
IND263153AAB,IND244715AAA,1.630576527110501,1.0,12,93.0
IND263153AAB,IND263002AAA,1.431578947368421,1.0,11,99.0
IND263153AAB,IND263139AAA,2.261904761904762,1.0,7,41.0
IND263153AAB,IND263401AAA,2.5384615384615383,1.0,1,39.0
IND263401AAA,IND244713AAA,2.409090909090909,1.0,1,22.0
IND263401AAA,IND263153AAB,1.9615384615384617,1.0,10,39.0
IND263601AAA,IND262501AAA,1.9260940251998375,1.0,8,122.0
IND263601AAA,IND263153AAB,2.0,1.0,1,164.0
IND263601AAA,IND263645AAA,2.019230769230769,1.0,1,52.0
IND263645AAA,IND263601AAA,2.0476190476190474,1.0,11,45.0
IND271001AAA,IND271201AAA,3.5,1.0,5,32.0
IND271001AAA,IND271210AAA,50.72,1.0,1,50.0
IND271201AAA,IND271210AAA,2.3666666666666667,1.0,6,21.0
IND271210AAA,IND271001AAA,3.0733695652173916,1.0,10,47.0
IND272001AAA,IND272175AAA,2.130434782608696,1.0,1,23.0
IND272001AAA,IND273014AAB,1.707967707967708,0.75,4,75.5
IND272155AAA,IND272001AAA,1.3541666666666667,1.0,2,24.0
IND272207AAB,IND272153AAC,3.0588235294117645,1.0,3,16.0
IND273014AAB,IND209304AAA,2.339100346020761,1.0,3,289.0
IND273014AAB,IND273155AAA,1.9375,1.0,3,33.0
IND273014AAB,IND274001AAA,3.073170731707317,1.0,11,41.0
IND273014AAB,IND274301AAB,2.2439024390243905,1.0,1,41.0
IND273014AAB,IND277303AAC,1.98,1.0,15,101.0
IND273155AAA,IND273303AAA,1.5333333333333334,1.0,1,15.0
IND273303AAA,IND273304AAA,4.041666666666667,1.0,1,24.0
IND273304AAA,IND273014AAB,4.229508196721311,1.0,13,61.0
IND274001AAA,IND273014AAB,5.642857142857143,1.0,1,42.0
IND274001AAA,IND274509AAB,2.130434782608696,1.0,9,23.0
IND274301AAB,IND273014AAB,4.666666666666667,1.0,11,37.0
IND274304AAA,IND274304AAB,5.0,1.0,5,13.0
IND274304AAB,IND274301AAB,2.411764705882353,1.0,9,17.0
IND274304AAB,IND274304AAA,2.909090909090909,1.0,1,11.0
IND274402AAA,IND274301AAB,3.3333333333333335,1.0,1,30.0
IND274402AAA,IND274304AAB,3.5384615384615383,1.0,2,13.0
IND274509AAB,IND274001AAA,2.2083333333333335,1.0,1,24.0
IND274509AAB,IND274304AAA,2.0,1.0,1,47.0
IND274509AAB,IND274402AAA,2.066666666666667,1.0,1,45.0
IND275101AAA,IND275503AAA,4.136363636363637,1.0,2,11.0
IND275303AAA,IND276140AAA,2.1525735294117645,1.0,4,16.0
IND275503AAA,IND275303AAA,4.26923076923077,1.0,4,13.0
IND276128AAA,IND276305AAA,2.0754985754985755,1.0,4,26.0
IND276129AAA,IND221010AAB,3.7066666666666666,1.0,1,75.0
IND276140AAA,IND276129AAA,2.3783783783783785,1.0,1,37.0
IND276305AAA,IND223101AAB,2.076923076923077,1.0,5,26.0
IND277201AAA,IND221706AAA,2.4545454545454546,1.0,5,58.0
IND277211AAA,IND277201AAA,2.4523809523809526,1.0,4,21.0
IND277303AAC,IND277211AAA,1.4142156862745099,1.0,6,37.0
IND281121AAB,IND110037AAM,2.0756302521008405,1.0,11,119.0
IND281401AAA,IND121004AAB,2.1534965034965037,1.0,2,65.5
IND281401AAA,IND321022AAA,1.4848484848484849,0.8571428571428571,7,33.0
IND282001AAA,IND000000ACB,1.6897590361445785,1.0,2,166.0
IND282001AAA,IND110037AAM,1.776536312849162,1.0,6,179.0
IND282001AAC,IND000000ACB,1.7530120481927711,1.0,2,166.0
IND282001AAF,IND283122AAB,2.35233918128655,1.0,14,18.5
IND282002AAD,IND110037AAM,1.6440677966101696,1.0,1,177.0
IND282002AAD,IND204101AAA,2.025,1.0,3,41.0
IND282002AAD,IND205001AAB,1.574009324009324,0.5,4,161.0
IND282002AAD,IND281004AAA,1.3880597014925373,1.0,3,67.0
IND282002AAD,IND474003AAA,1.537190082644628,1.0,5,121.0
IND283122AAB,IND282005AAA,16.708333333333332,1.0,3,22.0
IND283122AAB,IND328001AAA,1.2,0.3333333333333333,3,62.0
IND283203AAA,IND110037AAM,2.2219387755102042,1.0,10,196.0
IND283203AAA,IND282002AAD,2.1142857142857143,1.0,1,35.0
IND284001AAA,IND284403AAA,1.7021822849807444,1.0,6,77.0
IND284403AAA,IND472001AAA,1.8555429864253394,1.0,2,66.5
IND284403AAA,IND474003AAA,2.5048076923076925,1.0,1,208.0
IND285001AAD,IND285205AAB,1.4242424242424243,0.9333333333333333,15,32.0
IND285205AAB,IND210431AAA,2.38125,1.0,4,80.0
IND301001AAB,IND302014AAA,2.6730769230769234,1.0,2,114.5
IND301001AAB,IND321001AAB,1.7142857142857142,1.0,9,65.0
IND301001AAB,IND321606AAA,2.881752305665349,1.0,2,67.5
IND301019AAA,IND123001AAA,2.4550671550671552,1.0,2,64.0
IND301019AAA,IND301705AAA,3.276595744680851,1.0,6,47.5
IND301705AAA,IND123001AAA,2.7586206896551726,1.0,1,29.0
IND302004AAA,IND302014AAB,2.758928571428571,1.0,8,15.0
IND302006AAA,IND302014AAB,4.541666666666666,1.0,10,12.0
IND302014AAA,IND000000ACB,1.9969512195121952,1.0,14,165.0
IND302014AAA,IND110037AAM,1.7376237623762376,1.0,9,202.0
IND302014AAA,IND301001AAB,1.8212733594089525,1.0,16,117.0
IND302014AAA,IND303702AAB,2.1621621621621623,1.0,7,38.0
IND302014AAA,IND305001AAC,2.5211162052548053,1.0,12,107.5
IND302014AAA,IND306401AAB,2.307726581178005,1.0,2,214.5
IND302014AAA,IND313001AAB,1.9241379310344828,1.0,9,287.0
IND302014AAA,IND332404AAA,2.413793103448276,1.0,1,58.0
IND302014AAB,IND302004AAA,2.176470588235294,0.9545454545454546,22,16.5
IND302014AAB,IND302006AAA,1.90625,1.0,14,16.0
IND302014AAB,IND302006AAC,2.588235294117647,1.0,17,20.0
IND302014AAB,IND302020AAA,2.041666666666667,1.0,14,12.0
IND302014AAB,IND302023AAA,2.683229813664596,1.0,14,23.0
IND302014AAB,IND302026AAA,4.269607843137255,1.0,14,18.0
IND302014AAB,IND303008AAB,1.9230769230769231,1.0,5,54.0
IND302014AAB,IND303301AAB,1.1875,0.4444444444444444,9,32.0
IND302014AAB,IND303303AAA,2.125,1.0,2,54.5
IND302014AAB,IND303603AAB,1.6944444444444444,1.0,1,72.0
IND302014AAB,IND303901AAA,2.1470588235294117,1.0,8,19.5
IND302020AAA,IND302014AAB,3.0353535353535355,1.0,14,11.0
IND302022AAD,IND000000ACB,1.9090909090909092,1.0,7,165.0
IND302026AAA,IND302014AAB,14.972222222222221,1.0,2,17.0
IND303002AAA,IND302014AAA,1.8571428571428572,1.0,8,35.0
IND303008AAB,IND303338AAB,1.5333333333333334,0.8,5,30.0
IND303106AAA,IND302014AAA,2.0833333333333335,1.0,1,60.0
IND303106AAA,IND303002AAA,1.5217391304347827,1.0,7,20.0
IND303108AAB,IND303106AAA,1.5408602150537636,1.0,6,31.0
IND303301AAB,IND303303AAA,1.55,1.0,11,23.0
IND303303AAA,IND322230AAA,1.379272043745728,0.9285714285714286,14,77.0
IND303338AAB,IND303603AAB,0.9473684210526315,0.4,5,57.0
IND303503AAA,IND302014AAB,1.7257053291536049,1.0,10,58.0
IND303603AAB,IND302014AAB,2.472972972972973,1.0,5,74.0
IND303603AAB,IND303338AAB,0.8771929824561403,0.0,1,57.0
IND303702AAB,IND332001AAB,1.6774193548387097,1.0,3,62.0
IND303702AAB,IND332404AAA,1.5708333333333333,1.0,6,25.0
IND303901AAA,IND304001AAA,1.9047619047619047,1.0,3,42.0
IND304001AAA,IND322001AAC,1.4827586206896552,1.0,1,58.0
IND305001AAC,IND305802AAA,2.32,1.0,7,26.0
IND305001AAC,IND305901AAA,1.9889006342494715,1.0,14,43.0
IND305001AAC,IND306401AAB,2.0080645161290325,1.0,13,123.0
IND305001AAC,IND342602AAC,2.0416666666666665,1.0,1,96.0
IND305404AAA,IND305001AAC,2.340909090909091,1.0,1,88.0
IND305404AAA,IND305601AAC,1.4545454545454546,1.0,9,55.0
IND305601AAC,IND305001AAC,1.9852941176470589,1.0,14,34.0
IND305624AAA,IND305404AAA,1.880281690140845,1.0,4,70.5
IND305802AAA,IND341512AAA,2.0588235294117645,1.0,5,34.0
IND305901AAA,IND342602AAC,1.6603773584905661,1.0,5,53.0
IND306116AAA,IND306001AAA,1.9390243902439024,1.0,3,82.0
IND306304AAB,IND311302AAA,1.9130434782608696,1.0,1,46.0
IND306401AAB,IND302014AAA,1.985981308411215,1.0,13,215.0
IND306401AAB,IND305001AAC,2.926829268292683,1.0,17,123.0
IND306401AAB,IND342005AAD,1.68657937806874,1.0,16,54.0
IND306401AAB,IND343001AAA,2.0407707910750505,1.0,4,86.5
IND306902AAA,IND306116AAA,1.5185185185185186,1.0,1,27.0
IND307001AAA,IND306902AAA,1.5576923076923077,1.0,2,26.0
IND311001AAA,IND313324AAA,1.8461538461538463,1.0,5,65.0
IND311301AAA,IND305624AAA,4.142857142857143,1.0,3,35.0
IND311302AAA,IND305624AAA,7.090909090909091,1.0,3,33.0
IND312001AAA,IND311001AAA,1.565217391304348,1.0,13,46.0
IND312001AAA,IND312601AAA,1.3509316770186335,0.5,4,73.5
IND312403AAA,IND312001AAA,1.565217391304348,1.0,5,69.0
IND312601AAA,IND458664AAA,1.2591463414634148,0.75,4,40.5
IND312605AAB,IND313001AAB,2.315264061829111,1.0,6,136.5
IND312605AAB,IND458001AAB,1.8181818181818181,1.0,9,32.0
IND313001AAB,IND306401AAB,2.0492957746478875,1.0,13,141.0
IND313001AAB,IND311001AAA,2.6454545454545455,1.0,1,110.0
IND313001AAB,IND312001AAA,2.0759493670886076,1.0,13,79.0
IND313001AAB,IND327001AAB,2.741721854304636,1.0,6,151.0
IND313001AAB,IND382430AAB,2.141361256544503,1.0,9,191.0
IND313324AAA,IND313001AAB,1.7987588652482271,1.0,14,48.0
IND321001AAA,IND301001AAB,6.366408934707904,1.0,2,96.5
IND321001AAA,IND321401AAB,1.255813953488372,0.7142857142857143,7,39.0
IND321001AAB,IND321001AAA,1.3103448275862069,1.0,3,31.0
IND321001AAB,IND321401AAB,1.847902097902098,1.0,2,65.5
IND321022AAA,IND121004AAB,3.2428004701733766,1.0,8,83.0
IND321408AAB,IND301001AAB,5.758241758241758,1.0,1,91.0
IND321408AAB,IND321606AAA,1.96875,1.0,3,32.0
IND321606AAA,IND301001AAB,7.695652173913043,1.0,4,69.0
IND321606AAA,IND321001AAA,1.8896683673469388,1.0,2,48.5
IND322001AAC,IND302014AAB,1.6551724137931034,1.0,1,116.0
IND322201AAA,IND302014AAB,1.9438202247191012,1.0,1,89.0
IND322201AAA,IND303503AAA,1.7333333333333334,1.0,11,30.0
IND322230AAA,IND322241AAA,1.6071428571428572,1.0,13,28.0
IND322241AAA,IND322201AAA,2.373913043478261,1.0,14,23.0
IND327001AAB,IND312605AAB,1.403225806451613,1.0,3,62.0
IND328001AAA,IND000000ACB,1.5404040404040404,1.0,1,198.0
IND328001AAA,IND282002AAD,2.71875,1.0,3,64.0
IND328001AAA,IND474003AAA,1.5819696084161308,0.8333333333333334,6,58.5
IND331022A1B,IND331001A1C,2.6122448979591835,1.0,1,49.0
IND331304AAA,IND332001AAB,4.104020979020979,1.0,2,107.0
IND331507AAA,IND302014AAA,2.4011976047904193,1.0,3,166.0
IND331701AAA,IND125001AAA,5.484375,1.0,1,64.0
IND332001AAB,IND333001AAA,1.1754385964912282,0.0,1,57.0
IND332001AAB,IND333028AAA,1.4531046717918392,1.0,2,92.0
IND332001AAB,IND333031AAA,2.267508865248227,1.0,2,95.0
IND332001AAB,IND333042AAA,1.5681818181818181,0.8461538461538461,13,33.0
IND332001AAB,IND334001AAB,1.6384856973092266,1.0,8,154.0
IND332001AAB,IND334001AAC,1.6136363636363638,1.0,2,154.0
IND332404AAA,IND332001AAB,1.4594594594594594,1.0,9,37.0
IND332713AAA,IND332709AAA,3.675675675675676,1.0,3,37.0
IND332713AAA,IND332715AAB,2.061224489795918,1.0,1,49.0
IND333001AAA,IND333028AAA,1.4186046511627908,1.0,1,43.0
IND333028AAA,IND333502AAA,1.148936170212766,0.0,1,47.0
IND333031AAA,IND331023AAA,2.689655172413793,1.0,3,28.0
IND333042AAA,IND333031AAA,1.6163663663663663,1.0,10,74.5
IND333504AAA,IND332713AAA,1.9230769230769231,1.0,1,39.0
IND334001AAB,IND334803AAA,1.8986105080330005,1.0,2,48.0
IND334001AAC,IND334803AAA,1.6222222222222222,1.0,3,45.0
IND334001AAC,IND341001AAC,1.619047619047619,1.0,1,84.0
IND334803AAA,IND341001AAC,1.975,1.0,3,37.0
IND335001AAA,IND125104AAA,1.8235294117647058,1.0,7,80.0
IND335051AAA,IND335513AAA,2.118811881188119,1.0,7,100.0
IND335501AAA,IND331701AAA,1.7142857142857142,1.0,1,21.0
IND335513AAA,IND335001AAA,1.790516206482593,1.0,6,50.0
IND335513AAA,IND335803AAA,1.2980295566502464,1.0,6,29.0
IND335513AAA,IND335804AAD,1.5,1.0,1,54.0
IND335524AAA,IND335523AAB,1.148936170212766,0.0,1,47.0
IND335701AAA,IND335051AAA,1.4381648936170213,0.5,4,47.5
IND335703AAA,IND335701AAA,1.15625,0.4,5,32.0
IND335803AAA,IND335804AAD,1.3063241106719368,0.5,4,23.0
IND335804AAD,IND335701AAA,1.1851398244539701,0.5,2,70.0
IND335804AAD,IND335703AAA,1.0789473684210527,0.2,5,38.0
IND341001AAC,IND341030AAA,1.4871794871794872,1.0,1,39.0
IND341001AAC,IND341303AAA,1.5833333333333333,1.0,5,84.0
IND341030AAA,IND341303AAA,1.4855915065722953,1.0,2,44.5
IND341303AAA,IND341306AAA,1.6733333333333333,1.0,10,24.0
IND341306AAA,IND302014AAA,2.3529411764705883,1.0,3,171.0
IND341503AAB,IND341510AAB,2.090909090909091,1.0,9,33.0
IND341505AAA,IND341503AAB,1.8348416289592762,1.0,8,68.0
IND341505AAA,IND341510AAB,2.087378640776699,1.0,1,103.0
IND341510AAB,IND305001AAC,2.372727272727273,1.0,10,55.0
IND341512AAA,IND341505AAA,1.7766798418972332,1.0,4,22.5
IND342005AAD,IND342601AAA,2.204081632653061,1.0,7,49.0
IND342005AAD,IND342902A1B,1.6808510638297873,1.0,1,94.0
IND342005AAD,IND342902AAA,2.202127659574468,1.0,5,94.0
IND342005AAD,IND344022AAB,1.7733333333333334,1.0,4,75.0
IND342301AAA,IND342005AAD,5.63099778543307,1.0,12,126.5
IND342601AAA,IND342902A1B,2.042533659730722,1.0,4,43.0
IND342601AAA,IND342902AAA,1.9142857142857144,1.0,3,41.0
IND342602AAC,IND306304AAB,2.1627906976744184,1.0,1,43.0
IND342602AAC,IND311302AAA,2.026315789473684,1.0,3,76.0
IND342902A1B,IND302014AAA,2.4864864864864864,1.0,7,185.0
IND342902AAA,IND302014AAA,2.3870967741935485,1.0,5,186.0
IND343001AAA,IND343029AAB,1.3153846153846154,0.5,2,65.0
IND343029AAB,IND307001AAA,1.4,1.0,2,70.0
IND344001AAA,IND342301AAA,1.6989795918367347,1.0,3,196.0
IND344001AAA,IND345001AAA,0.7725949468511297,0.0,6,194.5
IND344001AAA,IND345021AAA,1.8120860927152318,1.0,2,151.5
IND344022AAB,IND342301AAA,1.7336683417085428,1.0,1,199.0
IND344022AAB,IND344001AAA,1.4492753623188406,0.8,5,68.0
IND345001AAA,IND342301AAA,1.75,1.0,1,120.0
IND345001AAA,IND345021AAA,1.3376623376623376,1.0,4,77.0
IND345021AAA,IND342301AAA,1.548550724637681,0.875,8,45.0
IND360003AAA,IND360311AAA,2.102307692307692,1.0,2,25.5
IND360311AAA,IND360050AAA,1.3777777777777778,1.0,1,45.0
IND360370AAA,IND360410AAA,2.4615384615384617,1.0,1,13.0
IND360410AAA,IND360490AAA,3.076923076923077,1.0,1,13.0
IND360490AAA,IND362001AAA,2.2941176470588234,1.0,9,36.0
IND360510AAB,IND360530AAB,1.4793956043956045,0.9,10,25.5
IND360530AAB,IND362001AAA,1.8926501035196688,1.0,12,69.0
IND360575AAA,IND360510AAB,1.75,1.0,9,40.0
IND361001AAA,IND361305AAC,1.6794871794871795,1.0,10,39.5
IND361305AAC,IND361315AAA,1.7058823529411764,1.0,9,31.0
IND361315AAA,IND361335AAA,1.5634920634920635,1.0,10,28.0
IND361335AAA,IND360002AAB,1.3368983957219251,1.0,1,187.0
IND362001AAA,IND360370AAA,2.0434782608695654,1.0,9,23.0
IND362001AAA,IND360575AAA,1.4310814687320712,1.0,8,83.5
IND362001AAA,IND362220AAA,2.0416666666666665,1.0,11,24.0
IND362001AAA,IND362265AAA,2.142857142857143,1.0,1,56.0
IND362150AAA,IND362001AAA,1.6492537313432836,1.0,10,67.0
IND362220AAA,IND362225AAA,1.9415384615384617,1.0,6,25.0
IND362225AAA,IND362265AAA,1.7824074074074074,1.0,6,27.0
IND362265AAA,IND362720AAA,2.4,1.0,13,35.0
IND362560AAA,IND362150AAA,1.778688524590164,1.0,10,61.0
IND362720AAA,IND362560AAA,2.0714285714285716,1.0,14,28.0
IND363001AAA,IND363421AAB,1.1515151515151516,0.2,10,33.0
IND363310AAB,IND382430AAB,1.4097222222222223,1.0,9,143.0
IND363330AAB,IND363310AAB,1.6156156156156156,0.875,8,37.0
IND363421AAB,IND364710AAA,1.8974358974358974,1.0,9,38.0
IND363520AAC,IND363001AAA,1.183673469387755,0.4444444444444444,9,49.0
IND363621AAB,IND360002AAB,1.7352941176470589,1.0,2,34.0
IND363641AAA,IND360002AAB,1.75,1.0,1,68.0
IND363641AAA,IND363621AAB,1.478163992869875,0.75,4,33.0
IND364004AAB,IND365560AAA,1.9473684210526316,1.0,5,77.0
IND364270AAA,IND364001AAA,1.925,1.0,1,40.0
IND365560AAA,IND365560AAB,1.7046004842615012,1.0,6,59.0
IND365560AAB,IND364290AAA,2.5517241379310347,1.0,8,29.0
IND370001AAA,IND370110AAA,6.419354838709678,1.0,4,29.0
IND370001AAA,IND370201AAA,6.4772727272727275,1.0,1,44.0
IND370001AAA,IND370615AAB,1.7727272727272727,1.0,8,44.0
IND370110AAA,IND370001AAA,2.0676178660049627,1.0,12,31.5
IND370110AAA,IND370615AAB,2.095890410958904,1.0,1,73.0
IND370201AAA,IND363310AAB,1.6900584795321638,1.0,1,171.0
IND370201AAA,IND363330AAB,1.3222222222222222,0.875,8,135.0
IND370615AAB,IND370001AAA,6.0625,1.0,3,46.0
IND380005AAA,IND382421AAA,3.1277777777777778,1.0,6,9.0
IND380005AAA,IND382430AAB,3.0,1.0,1,23.0
IND380005AAA,IND382721AAA,3.2,1.0,2,19.0
IND380006AAA,IND382430AAB,2.3909090909090907,1.0,12,10.0
IND380006AAB,IND382430AAB,3.5833333333333335,1.0,19,12.0
IND380021AAA,IND382430AAB,3.1666666666666665,1.0,25,13.0
IND380054AAA,IND382430AAB,2.3529411764705883,1.0,17,17.0
IND382421AAA,IND382430AAB,3.5631720430107525,1.0,12,32.0
IND382421AAA,IND382721AAA,1.2941176470588236,0.5454545454545454,11,16.0
IND382430AAB,IND000000ACB,1.8510322483423751,1.0,12,630.0
IND382430AAB,IND313001AAB,1.9821166928309786,1.0,12,195.0
IND382430AAB,IND364004AAB,1.633587786259542,1.0,11,131.0
IND382430AAB,IND370201AAA,1.49375,1.0,12,320.5
IND382430AAB,IND380005AAA,2.0833333333333335,1.0,27,23.0
IND382430AAB,IND380015AAB,2.3333333333333335,1.0,27,12.0
IND382430AAB,IND380054AAA,2.2058823529411766,1.0,30,17.0
IND382430AAB,IND382345AAA,2.1945701357466065,1.0,28,16.0
IND382430AAB,IND384205AAA,1.423529411764706,1.0,15,85.0
IND382430AAB,IND388320AAA,1.25,0.8888888888888888,9,64.0
IND382430AAB,IND389001AAA,1.6734693877551021,1.0,17,98.0
IND382430AAB,IND395023AAA,1.861065957342003,1.0,26,201.0
IND382715AAA,IND382430AAB,2.0,1.0,13,54.0
IND382721AAA,IND382430AAB,2.731707317073171,1.0,11,41.0
IND383001AAA,IND383315AAC,1.2526132404181185,0.625,8,41.0
IND383255AAB,IND384205AAA,1.523941798941799,0.75,8,104.5
IND383315AAC,IND383255AAB,1.1980676328502415,0.5,8,91.0
IND384170AAA,IND384265AAB,1.2315340909090908,0.5,8,22.0
IND384205AAA,IND382715AAA,1.425,1.0,13,40.0
IND384205AAA,IND383001AAA,1.5046610169491526,1.0,8,59.0
IND384205AAA,IND384170AAA,1.125,0.25,4,27.5
IND384205AAA,IND384355AAB,1.6176470588235294,1.0,9,33.0
IND384205AAA,IND385001AAA,2.7419354838709675,1.0,1,62.0
IND384265AAB,IND385320AAA,1.2914035087719298,0.875,8,76.0
IND384265AAB,IND385340AAB,3.0434782608695654,1.0,1,46.0
IND384355AAB,IND384205AAA,2.2903225806451615,1.0,1,31.0
IND384355AAB,IND385001AAA,1.5165580182529335,1.0,8,65.0
IND385001AAA,IND385535AAA,1.7777777777777777,1.0,10,18.0
IND385320AAA,IND385340AAB,0.7419354838709677,0.0,13,33.0
IND385340AAB,IND384205AAA,1.481045751633987,0.75,4,89.0
IND385535AAA,IND384205AAA,1.9493670886075949,1.0,13,79.0
IND387001AAA,IND388220AAA,1.76,1.0,11,25.0
IND388121AAA,IND388620AAB,1.5517970401691332,1.0,8,44.0
IND388220AAA,IND388320AAA,1.7692307692307692,1.0,11,25.0
IND388320AAA,IND387001AAA,1.712820512820513,1.0,8,14.0
IND388320AAA,IND388121AAA,4.25,1.0,1,12.0
IND388320AAA,IND390022AAA,2.091578947368421,1.0,6,31.0
IND388620AAB,IND388320AAA,1.6956521739130435,1.0,10,46.0
IND389001AAA,IND389151AAA,1.78,1.0,17,50.0
IND389151AAA,IND457661AAA,2.838709677419355,1.0,9,32.0
IND390020AAA,IND390022AAA,7.214285714285714,1.0,1,14.0
IND390020AAA,IND391110AAD,1.9393939393939394,1.0,3,34.0
IND390022AAA,IND382430AAB,1.5857142857142859,1.0,8,70.0
IND390022AAA,IND388320AAA,2.0384615384615383,1.0,13,26.0
IND390022AAA,IND390020AAA,5.608333333333333,1.0,2,13.5
IND390022AAA,IND395023AAA,1.7851239669421488,1.0,17,121.0
IND391110AAD,IND390020AAA,3.0,1.0,1,32.0
IND391110AAD,IND390022AAA,3.8823529411764706,1.0,1,34.0
IND395001AAA,IND395023AAD,10.480952380952381,1.0,10,14.0
IND395004AAB,IND395023AAD,6.764705882352941,1.0,4,17.0
IND395006AAA,IND395023AAD,9.733333333333333,1.0,3,15.0
IND395009AAA,IND395023AAD,9.722222222222221,1.0,12,16.5
IND395010AAB,IND395023AAA,1.4375,1.0,1,16.0
IND395023AAA,IND110037AAM,1.8358147896495103,1.0,14,841.5
IND395023AAA,IND382430AAB,1.8271369153722095,1.0,16,187.0
IND395023AAA,IND390022AAA,1.735854045478583,1.0,8,122.5
IND395023AAA,IND394221AAA,4.0133689839572195,1.0,2,14.0
IND395023AAA,IND396191AAC,2.052982456140351,1.0,10,76.0
IND395023AAA,IND411033AAA,2.852233676975945,1.0,7,291.0
IND395023AAA,IND421302AAG,2.45771144278607,1.0,3,200.0
IND395023AAA,IND562132AAA,1.9375,1.0,15,863.0
IND395023AAD,IND395001AAA,2.25,1.0,8,13.0
IND395023AAD,IND395004AAB,2.422794117647059,1.0,12,15.0
IND395023AAD,IND395006AAA,1.89010989010989,1.0,18,13.5
IND395023AAD,IND395009AAA,2.877083333333333,1.0,4,15.5
IND395023AAD,IND396445AAA,1.8198529411764706,1.0,6,17.0
IND396001AAA,IND395023AAD,2.3333333333333335,1.0,5,60.0
IND396105AAA,IND396191AAC,2.1587301587301586,1.0,2,11.5
IND396191AAB,IND421302AAG,2.1443809523809523,1.0,2,125.5
IND396191AAC,IND395023AAA,2.3421052631578947,1.0,1,76.0
IND396191AAC,IND396105AAA,0.782608695652174,0.0,2,23.0
IND396191AAC,IND396232AAA,2.5,1.0,13,13.0
IND396191AAC,IND421302AAG,2.609936507936508,1.0,8,126.0
IND396232AAA,IND396191AAC,3.5,1.0,11,14.0
IND396321AAA,IND396001AAA,1.4814814814814814,1.0,7,27.0
IND396321AAA,IND396580AAB,1.8125,1.0,13,32.0
IND396445AAA,IND396321AAA,2.1208333333333336,1.0,6,25.0
IND396580AAB,IND396321AAA,1.8181818181818181,1.0,5,31.0
IND400011AAA,IND400072AAB,2.3119047619047617,1.0,12,15.0
IND400011AAA,IND400072AAD,2.809941520467836,1.0,42,18.0
IND400015AAA,IND400072AAB,3.2777777777777777,1.0,27,17.0
IND400015AAA,IND421302AAG,3.7586206896551726,1.0,1,29.0
IND400015AAB,IND400072AAB,4.588235294117647,1.0,5,17.0
IND400015AAB,IND421302AAG,3.336206896551724,1.0,16,32.0
IND400016AAA,IND400015AAA,1.8,1.0,1,10.0
IND400016AAB,IND400072AAB,5.0,1.0,1,12.0
IND400016AAB,IND400072AAD,2.996794871794872,1.0,12,13.0
IND400037AAA,IND400072AAJ,3.416666666666667,1.0,8,12.5
IND400064AAB,IND400072AAB,3.076923076923077,1.0,3,13.0
IND400064AAB,IND400072AAD,3.332417582417582,1.0,14,14.0
IND400072AAA,IND421302AAG,4.0,1.0,1,21.0
IND400072AAB,IND000000AFT,2.6,1.0,50,20.0
IND400072AAB,IND400011AAA,3.7058823529411766,1.0,2,17.0
IND400072AAB,IND400015AAA,3.2058823529411766,1.0,44,17.0
IND400072AAB,IND400701AAB,2.4210526315789473,1.0,3,19.0
IND400072AAB,IND401104AAA,3.0,1.0,52,15.5
IND400072AAB,IND401104AAB,3.466666666666667,1.0,1,15.0
IND400072AAB,IND411033AAA,1.98,1.0,8,100.0
IND400072AAB,IND421302AAG,2.92,1.0,45,23.0
IND400072AAB,IND421302AAR,2.2072649572649574,1.0,14,24.5
IND400072AAB,IND421302AAS,4.4375,1.0,2,24.0
IND400072AAC,IND400011AAA,3.3,1.0,14,17.0
IND400072AAD,IND421302AAG,2.727272727272727,1.0,74,21.0
IND400072AAI,IND000000AFS,9.416666666666666,1.0,1,12.0
IND400072AAJ,IND400037AAA,9.0,1.0,2,12.0
IND400102AAB,IND421302AAG,2.793103448275862,1.0,13,30.0
IND400102AAC,IND400052AAA,4.257142857142857,1.0,6,10.0
IND400102AAC,IND421302AAG,2.933333333333333,1.0,23,30.0
IND400612AAA,IND421302AAR,2.1666666666666665,1.0,7,12.0
IND400701AAA,IND410206AAA,2.18859649122807,1.0,10,20.0
IND400701AAB,IND421302AAG,2.475,1.0,18,20.0
IND400705AAA,IND421302AAH,3.375,1.0,11,26.0
IND400706AAA,IND000000AFT,5.090909090909091,1.0,1,11.0
IND401104AAA,IND400072AAB,3.4375,1.0,25,16.0
IND401104AAA,IND401208AAA,2.5555555555555554,1.0,27,18.0
IND401104AAA,IND401209AAA,2.761904761904762,1.0,1,21.0
IND401104AAA,IND421302AAG,2.3515384615384614,1.0,12,24.5
IND401104AAB,IND400072AAB,2.2333333333333334,1.0,4,15.0
IND401104AAB,IND421302AAG,2.9,1.0,18,25.0
IND401209AAA,IND401104AAA,5.826086956521739,1.0,17,21.0
IND401209AAB,IND401104AAA,2.4256965944272446,1.0,10,16.0
IND401209AAB,IND421302AAG,2.4571428571428573,1.0,1,35.0
IND401209AAB,IND421302AAH,2.7058823529411766,1.0,17,34.0
IND401501AAA,IND401602AAA,2.0784615384615384,1.0,12,25.0
IND401602AAA,IND401501AAA,7.384615384615385,1.0,12,26.0
IND402107AAA,IND402109AAA,2.3333333333333335,1.0,13,30.0
IND402109AAA,IND402301AAA,1.9583333333333333,1.0,15,48.0
IND402301AAA,IND402107AAA,2.1088308457711444,1.0,10,67.0
IND403401AAA,IND403726AAB,7.862068965517241,1.0,3,31.0
IND403507AAA,IND403726AAB,1.6129032258064515,1.0,3,30.0
IND403507AAB,IND403726AAB,2.302325581395349,1.0,1,43.0
IND403601AAA,IND403726AAB,1.7833333333333332,1.0,4,14.5
IND403702AAA,IND575004AAB,1.9968409617198892,1.0,8,264.0
IND403702AAA,IND581314AAA,1.476923076923077,1.0,1,65.0
IND403726AAA,IND403702AAA,1.8,1.0,9,49.0
IND403726AAA,IND411033AAA,1.9510694831938356,1.0,14,390.0
IND403726AAA,IND416510AAA,2.173378445288001,1.0,4,83.5
IND403726AAA,IND575004AAB,1.9553017311775274,1.0,2,313.0
IND403726AAA,IND581303AAA,1.6585365853658536,1.0,13,82.0
IND403726AAA,IND581400AAB,1.908256880733945,1.0,1,109.0
IND403726AAB,IND403002AAA,1.2916666666666667,1.0,3,24.0
IND403726AAB,IND403401AAA,2.128623188405797,1.0,6,25.5
IND403726AAB,IND403507AAA,1.3333333333333333,0.8,5,29.0
IND403726AAB,IND403507AAB,0.9302325581395349,0.0,1,43.0
IND403726AAB,IND403601AAA,1.492063492063492,1.0,6,15.0
IND410206AAA,IND000000AFT,2.4452380952380954,1.0,8,15.0
IND410206AAB,IND000000AFT,2.4375,1.0,24,17.0
IND410401AAA,IND421302AAG,2.4776119402985075,1.0,9,67.0
IND410501AAF,IND411033AAA,4.714285714285714,1.0,3,15.0
IND410505AAB,IND410501AAF,3.5272727272727273,1.0,4,10.5
IND411014AAA,IND411033AAA,2.3666666666666667,1.0,11,30.0
IND411014AAA,IND411043AAA,4.333333333333333,1.0,5,15.0
IND411014AAA,IND411048AAA,3.4642857142857144,1.0,2,14.0
IND411017AAA,IND412105AAC,2.588235294117647,1.0,1,17.0
IND411021AAA,IND411033AAA,1.4166666666666667,0.6666666666666666,27,14.0
IND411033AAA,IND000000AAL,2.6923076923076925,1.0,15,27.0
IND411033AAA,IND000000ACB,1.717885375494071,1.0,14,1013.0
IND411033AAA,IND400072AAB,1.9029126213592233,1.0,5,103.0
IND411033AAA,IND403726AAA,2.048906129912808,1.0,20,389.0
IND411033AAA,IND410505AAB,1.5517241379310345,1.0,5,29.0
IND411033AAA,IND411014AAA,2.689655172413793,1.0,35,28.0
IND411033AAA,IND411021AAA,1.9230769230769231,0.7586206896551724,29,12.0
IND411033AAA,IND411036AAA,1.8261904761904764,1.0,28,29.0
IND411033AAA,IND413002AAA,1.775943396226415,1.0,20,212.0
IND411033AAA,IND413501AAA,2.7452830188679247,1.0,1,212.0
IND411033AAA,IND414001AAA,1.7757009345794392,1.0,3,107.0
IND411033AAA,IND416012AAA,1.6363636363636365,1.0,13,220.0
IND411033AAA,IND421302AAG,2.024367028364744,1.0,96,101.0
IND411033AAA,IND431136AAC,2.192353461172311,1.0,12,172.0
IND411033AAA,IND431603AAA,2.2639751552795033,1.0,15,322.0
IND411033AAA,IND501359AAE,1.6479166666666667,1.0,11,480.0
IND411033AAA,IND521225AAB,1.9371345029239766,1.0,10,684.0
IND411033AAA,IND562132AAA,1.7863293210854185,1.0,10,615.0
IND411033AAA,IND580028AAA,1.7612994350282487,1.0,4,354.0
IND411036AAA,IND411033AAA,2.032258064516129,1.0,27,29.0
IND411043AAA,IND411014AAA,4.25,1.0,3,16.0
IND411048AAA,IND411014AAA,5.0,1.0,1,16.0
IND412105AAC,IND411017AAA,2.3529411764705883,1.0,27,16.0
IND412210AAC,IND411033AAA,2.4761904761904763,1.0,2,63.0
IND412803AAB,IND421802AAA,1.1150537634408602,0.0,2,30.5
IND413002AAA,IND413304AAA,1.923802612481858,1.0,6,53.0
IND413002AAA,IND413501AAA,1.5638297872340425,1.0,16,48.0
IND413002AAA,IND421302AAG,2.442953020134228,1.0,9,297.0
IND413002AAA,IND501359AAE,1.8767247260626818,1.0,12,269.0
IND413304AAA,IND413002AAA,2.0377358490566038,1.0,4,52.0
IND413304AAA,IND415301AAB,1.3584905660377358,1.0,3,53.0
IND413307AAB,IND413304AAA,2.9304347826086956,1.0,2,24.0
IND413307AAC,IND413002AAA,2.828125,1.0,1,64.0
IND413401AAA,IND411033AAA,2.1007597027250204,1.0,14,175.0
IND413501AAA,IND411033AAA,2.2180094786729856,1.0,1,211.0
IND413501AAA,IND413401AAA,1.3857142857142857,1.0,16,35.0
IND413517AAA,IND431603AAA,3.1294117647058823,1.0,1,85.0
IND413517AAA,IND431717AAA,2.8998257839721253,1.0,2,41.5
IND413531AAA,IND413517AAA,2.578557312252965,1.0,4,46.0
IND413709AAA,IND423109AAA,1.982804232804233,1.0,10,27.0
IND413709AAA,IND423601AAA,1.5135135135135136,1.0,1,37.0
IND413709AAA,IND423701AAB,2.230769230769231,1.0,3,39.0
IND414001AAA,IND411033AAA,2.480769230769231,1.0,1,104.0
IND414001AAA,IND414203AAB,1.813953488372093,1.0,1,43.0
IND414001AAA,IND414302AAB,1.5588235294117647,1.0,1,34.0
IND414203AAB,IND414302AAB,1.7837837837837838,1.0,1,74.0
IND414302AAB,IND411033AAA,2.3962994836488813,1.0,2,83.5
IND414302AAB,IND412210AAC,1.736842105263158,1.0,1,19.0
IND414502AAA,IND431107AAB,1.5769230769230769,1.0,7,25.0
IND415003AAA,IND411033AAA,1.3490149210488194,1.0,2,117.5
IND415003AAA,IND412803AAB,1.2790697674418605,0.7142857142857143,7,43.0
IND415124AAA,IND415605AAA,1.1017964071856288,0.23076923076923078,13,167.0
IND415301AAB,IND413307AAB,1.5897435897435896,1.0,3,35.0
IND415408AAC,IND416012AAA,4.36734693877551,1.0,9,48.0
IND415409AAB,IND415124AAA,1.7391304347826086,1.0,11,23.0
IND415605AAA,IND415709AAA,2.44,1.0,13,24.0
IND415612AAA,IND415408AAC,2.6666666666666665,1.0,7,90.0
IND415709AAA,IND416012AAA,2.496969696969697,1.0,5,164.0
IND416012AAA,IND395023AAA,1.7340304919276375,1.0,14,492.0
IND416012AAA,IND415003AAA,1.9114583333333335,1.0,8,96.0
IND416012AAA,IND415409AAB,1.6875,1.0,3,33.0
IND416012AAA,IND415612AAA,2.845360824742268,1.0,9,97.0
IND416012AAA,IND591237AAB,2.3014705882352944,1.0,10,31.5
IND416404AAA,IND416012AAA,4.81,1.0,6,100.0
IND416510AAA,IND416602AAC,2.6625,1.0,6,40.0
IND416510AAA,IND416606AAA,2.098581560283688,1.0,10,45.0
IND416602AAC,IND411033AAA,2.243150684931507,1.0,7,292.0
IND416606AAA,IND416510AAA,27.12449494949495,1.0,6,45.0
IND421301AAA,IND421302AAR,3.8,1.0,9,10.0
IND421302AAF,IND421302AAR,3.0,1.0,7,9.0
IND421302AAG,IND000000ACB,1.998452012383901,1.0,24,968.0
IND421302AAG,IND000000AFT,2.727272727272727,1.0,37,20.0
IND421302AAG,IND110037AAM,2.1051548968912357,1.0,16,1008.0
IND421302AAG,IND131028AAB,1.9296724470134874,1.0,12,1038.0
IND421302AAG,IND382430AAB,2.0588235294117645,1.0,15,358.0
IND421302AAG,IND395023AAA,2.2552631578947366,1.0,6,189.0
IND421302AAG,IND400015AAA,2.58098223615465,1.0,34,32.0
IND421302AAG,IND400015AAB,2.277956989247312,1.0,20,31.0
IND421302AAG,IND400072AAA,2.608695652173913,1.0,21,22.0
IND421302AAG,IND400072AAB,2.475,1.0,74,22.0
IND421302AAG,IND400072AAJ,2.5954545454545457,1.0,26,22.5
IND421302AAG,IND400102AAB,2.3262599469496017,1.0,26,28.5
IND421302AAG,IND400102AAC,2.896551724137931,1.0,44,28.5
IND421302AAG,IND400701AAB,2.4761904761904763,1.0,17,20.0
IND421302AAG,IND401104AAA,2.7114624505928853,1.0,58,25.0
IND421302AAG,IND401104AAB,2.44,1.0,7,25.0
IND421302AAG,IND410401AAA,2.462686567164179,1.0,11,67.0
IND421302AAG,IND411033AAA,2.195876288659794,1.0,72,97.0
IND421302AAG,IND413002AAA,2.064935064935065,1.0,7,309.0
IND421302AAG,IND421401AAC,2.5727370689655173,1.0,8,31.0
IND421302AAG,IND422011AAD,1.731958762886598,1.0,16,97.5
IND421302AAG,IND444005AAB,2.3807106598984773,1.0,15,391.0
IND421302AAG,IND462022AAA,2.1998191681735983,1.0,10,553.0
IND421302AAG,IND501359AAE,1.992818671454219,1.0,19,557.0
IND421302AAG,IND562132AAA,1.8752597389697847,1.0,24,709.0
IND421302AAG,IND712311AAA,2.1157742402315485,1.0,5,1383.0
IND421302AAG,IND834002AAB,2.3,1.0,1,1140.0
IND421302AAN,IND400072AAB,2.5543478260869565,1.0,12,22.0
IND421302AAR,IND400612AAA,2.408333333333333,1.0,12,11.5
IND421302AAR,IND421004AAA,3.6666666666666665,1.0,19,11.0
IND421302AAR,IND421301AAA,4.331818181818182,1.0,12,10.0
IND421302AAR,IND421302AAF,4.235294117647059,1.0,1,17.0
IND421401AAC,IND421601AAB,2.513157894736842,1.0,8,18.5
IND421502AAA,IND421302AAR,3.125,1.0,11,16.0
IND421601AAB,IND421302AAG,3.903225806451613,1.0,11,31.0
IND421802AAA,IND411033AAA,1.6933333333333334,1.0,7,75.0
IND422011AAD,IND421302AAG,1.9284651360544216,1.0,16,97.0
IND422011AAD,IND422103AAC,1.4054054054054055,1.0,9,36.0
IND422011AAD,IND423109AAA,1.7269298245614035,1.0,2,75.5
IND422103AAC,IND422605AAA,1.793103448275862,1.0,7,30.0
IND422103AAC,IND423601AAA,2.0,1.0,1,42.0
IND422605AAA,IND413709AAA,1.891304347826087,1.0,7,46.0
IND423105AAA,IND423106AAA,1.3529411764705883,1.0,1,34.0
IND423105AAA,IND423301AAB,1.5588235294117647,1.0,6,33.5
IND423106AAA,IND423105AAA,1.5714285714285714,1.0,7,34.0
IND423109AAA,IND413709AAA,1.7857142857142858,1.0,1,28.0
IND423109AAA,IND423601AAA,2.513888888888889,1.0,10,9.0
IND423601AAA,IND413709AAA,1.7837837837837838,1.0,3,38.0
IND423601AAA,IND423701AAB,2.1739130434782608,1.0,9,24.0
IND423701AAB,IND422011AAD,2.3380681818181817,1.0,14,79.0
IND424006AAA,IND421302AAG,2.209756097560976,1.0,7,202.0
IND424006AAA,IND423105AAA,4.205882352941177,1.0,1,34.0
IND424006AAA,IND423106AAA,1.303030303030303,1.0,3,66.0
IND424006AAA,IND424101AAA,1.7804878048780488,1.0,3,41.0
IND424006AAA,IND424304AAC,2.062226391494684,1.0,4,41.0
IND424006AAA,IND425401AAA,1.7714285714285714,1.0,1,35.0
IND424006AAA,IND425405AAA,1.8847780126849893,1.0,2,43.5
IND424006AAA,IND425412AAA,2.012987012987013,1.0,3,76.0
IND424006AAA,IND452001AAC,2.9722222222222223,1.0,1,72.0
IND424101AAA,IND431103AAA,1.625,1.0,1,24.0
IND424201AAA,IND424006AAA,10.552238805970148,1.0,1,67.0
IND424304AAC,IND424006AAA,22.313662790697673,1.0,2,41.5
IND424304AAC,IND425412AAA,1.7894736842105263,1.0,5,38.0
IND425109AAA,IND424201AAA,1.35,1.0,1,40.0
IND425201AAA,IND425508AAB,2.1538461538461537,1.0,7,38.0
IND425401AAA,IND425109AAA,1.5483870967741935,1.0,1,31.0
IND425405AAA,IND424006AAA,21.5,1.0,9,48.0
IND425405AAA,IND425409AAA,2.3137254901960786,1.0,1,51.0
IND425406AAA,IND425405AAA,1.9523809523809523,1.0,3,21.0
IND425406AAA,IND425409AAA,2.3142857142857145,1.0,1,35.0
IND425406AAA,IND425412AAA,2.175,1.0,1,40.0
IND425409AAA,IND424006AAA,12.08108108108108,1.0,1,74.0
IND425409AAA,IND424304AAC,2.2028985507246377,1.0,1,69.0
IND425409AAA,IND425406AAA,2.320707070707071,1.0,6,36.0
IND425409AAA,IND425412AAA,2.066666666666667,1.0,1,30.0
IND425412AAA,IND424304AAC,2.125,1.0,1,40.0
IND425412AAA,IND425406AAA,2.157285803627267,1.0,2,40.0
IND425412AAA,IND425409AAA,2.225806451612903,1.0,7,30.0
IND425508AAB,IND450331AAA,2.9,1.0,12,18.0
IND431001AAB,IND431136AAC,3.4545454545454546,1.0,13,11.0
IND431107AAB,IND431136AAC,1.87,1.0,6,50.0
IND431112AAB,IND431136AAC,3.357142857142857,1.0,7,56.0
IND431122AAA,IND431127AAA,2.0952380952380953,1.0,7,21.0
IND431127AAA,IND414502AAA,2.107142857142857,1.0,7,56.0
IND431131AAB,IND431603AAA,8.135135135135135,1.0,1,111.0
IND431136AAC,IND411033AAA,1.9298245614035088,1.0,13,172.0
IND431136AAC,IND431001AAA,3.0,1.0,15,9.0
IND431136AAC,IND431112AAB,3.9649122807017543,1.0,1,57.0
IND431136AAC,IND431122AAA,2.2244897959183674,1.0,9,98.0
IND431136AAC,IND431203AAA,2.443910806174957,1.0,10,54.5
IND431203AAA,IND431112AAB,1.8958333333333335,1.0,6,48.0
IND431203AAA,IND431136AAC,2.0185185185185186,1.0,1,54.0
IND431514AAA,IND431515AAA,2.046536796536796,1.0,16,21.0
IND431515AAA,IND431517AAB,2.933333333333333,1.0,14,15.0
IND431517AAB,IND411033AAA,2.768272113943029,1.0,12,230.5
IND431603AAA,IND413517AAA,2.7976190476190474,1.0,1,84.0
IND431603AAA,IND413531AAA,2.54896331738437,1.0,4,95.0
IND431603AAA,IND431401AAA,3.5254237288135593,1.0,1,59.0
IND431603AAA,IND431708AAA,2.0434782608695654,1.0,15,23.0
IND431708AAA,IND431514AAA,2.0689655172413794,1.0,16,29.0
IND431717AAA,IND431603AAA,7.953918722786647,1.0,2,52.5
IND441206AAB,IND442605AAA,2.7579710144927536,1.0,6,45.0
IND441614AAA,IND481001AAA,2.2962962962962963,1.0,9,27.0
IND441904AAB,IND441912AAA,1.7857142857142856,1.0,12,29.0
IND441912AAA,IND441107AAB,2.7027027027027026,1.0,11,75.0
IND442001AAA,IND442101AAB,3.7142857142857144,1.0,5,14.0
IND442101AAB,IND445001AAB,2.1998577524893315,1.0,12,37.0
IND442605AAA,IND441603AAA,2.090909090909091,1.0,3,23.0
IND443201AAA,IND000000AAZ,6.25,1.0,1,16.0
IND443301AAA,IND443201AAA,2.680947580645161,1.0,2,31.5
IND444005AAB,IND000000AAZ,5.2,1.0,1,75.0
IND444005AAB,IND421302AAG,2.3105185375570265,1.0,16,393.0
IND444005AAB,IND443301AAA,2.375,1.0,5,81.0
IND444203AAA,IND444005AAB,2.5,1.0,5,40.0
IND444303AAA,IND444203AAA,3.242424242424242,1.0,2,11.5
IND444602AAA,IND444005AAB,2.06,1.0,16,75.0
IND445101AAA,IND440014AAA,4.2105263157894735,1.0,1,19.0
IND450331AAA,IND452001AAC,2.328358208955224,1.0,9,68.0
IND451666AAA,IND421302AAG,2.3714285714285714,1.0,1,280.0
IND451666AAA,IND424006AAA,2.6097560975609757,1.0,7,79.0
IND452001AAC,IND425201AAA,2.823529411764706,1.0,7,17.0
IND454001AAA,IND457001AAA,1.1508114856429463,0.35714285714285715,14,89.0
IND457001AAA,IND382430AAB,2.020797326880977,1.0,2,263.5
IND457001AAA,IND457226AAA,1.075,0.3076923076923077,13,40.0
IND457226AAA,IND382430AAB,1.8122866894197953,1.0,13,294.0
IND458001AAB,IND458990AAA,1.4735449735449735,1.0,8,28.0
IND458664AAA,IND312403AAA,2.574242424242424,1.0,4,44.5
IND458990AAA,IND312605AAB,2.25,1.0,7,57.0
IND460001AAA,IND480334AAA,2.1893939393939394,1.0,16,65.0
IND461111AAA,IND460001AAA,1.8548387096774193,1.0,15,62.0
IND462001AAA,IND462022AAA,3.916666666666667,1.0,20,13.0
IND462011AAA,IND462022AAA,2.3636363636363638,1.0,11,12.0
IND462021AAA,IND462001AAA,6.7272727272727275,1.0,1,11.0
IND462022AAA,IND000000ACB,1.9007683526519141,1.0,16,584.0
IND462022AAA,IND209304AAA,2.1117849201536285,1.0,18,388.0
IND462022AAA,IND461001AAA,2.5,1.0,3,51.0
IND462022AAA,IND462001AAA,2.2788461538461537,1.0,2,12.5
IND462022AAA,IND462011AAA,2.606060606060606,1.0,22,12.0
IND462022AAA,IND462042AAA,4.333333333333333,1.0,1,21.0
IND462022AAA,IND465669AAB,2.125,1.0,10,68.0
IND462022AAA,IND466001AAA,2.8488372093023253,1.0,10,43.0
IND462022AAA,IND842003AAB,2.5990783410138247,1.0,5,217.0
IND462042AAA,IND462022AAA,5.285714285714286,1.0,7,20.0
IND464001AAA,IND464221AAA,1.8421052631578947,1.0,1,57.0
IND464221AAA,IND470004AAA,1.5419847328244274,1.0,1,131.0
IND464668AAA,IND462022AAA,2.553571428571429,1.0,2,84.0
IND465001AAA,IND462022AAA,1.6458374858813367,1.0,4,173.5
IND465001AAA,IND465333A1B,1.056100981767181,0.5,2,81.0
IND465001AAA,IND465333AAA,1.3428571428571427,1.0,3,69.0
IND465333A1B,IND462022AAA,1.2524271844660195,1.0,1,103.0
IND465333A1B,IND465333AAA,0.6388888888888888,0.0,1,72.0
IND465333AAA,IND462022AAA,1.8653846153846154,1.0,3,103.0
IND465669AAB,IND465683AAA,1.5277777777777777,1.0,11,35.0
IND465683AAA,IND465001AAA,1.4492753623188406,0.9230769230769231,13,68.0
IND466001AAA,IND466116AAA,1.7647058823529411,1.0,11,33.0
IND466116AAA,IND462022AAA,2.4383561643835616,1.0,11,74.0
IND470004AAA,IND462022AAA,2.126984126984127,1.0,1,126.0
IND470004AAA,IND470113AAA,2.3275862068965516,1.0,1,58.0
IND470004AAA,IND473443AAA,2.0466101694915255,1.0,2,118.0
IND470113AAA,IND470117AAA,2.5142857142857142,1.0,2,14.5
IND470117AAA,IND470227AAB,1.7905701754385965,1.0,4,95.5
IND471001AAA,IND472001AAA,1.620253164556962,1.0,7,80.0
IND472001AAA,IND474003AAA,2.485294117647059,1.0,3,204.0
IND472001AAA,IND485001AAC,2.3142957870615195,1.0,14,186.0
IND473001AAA,IND473331AAA,1.794871794871795,1.0,9,39.0
IND473226AAA,IND473001AAA,1.3076923076923077,0.8888888888888888,9,39.0
IND473226AAA,IND474003AAA,1.7447296939977406,1.0,8,293.5
IND473331AAA,IND473226AAA,1.9024390243902438,1.0,14,81.5
IND473443AAA,IND470113AAA,1.8033313851548802,1.0,6,59.0
IND474003AAA,IND000000ACB,1.6106870229007633,1.0,17,261.0
IND474003AAA,IND328001AAA,1.373134328358209,1.0,1,67.0
IND474003AAA,IND473551AAA,1.4338235294117647,1.0,1,136.0
IND474003AAA,IND475661AAB,2.8253968253968256,1.0,1,63.0
IND474003AAA,IND476001AAA,1.5945945945945945,1.0,3,37.0
IND474003AAA,IND476111AAA,2.623263888888889,1.0,6,63.0
IND476001AAA,IND476111AAA,2.2083333333333335,1.0,1,24.0
IND476111AAA,IND477001AAA,1.9598039215686274,1.0,4,51.0
IND476111AAA,IND477001AAB,2.1730769230769234,1.0,2,52.0
IND477001AAA,IND474003AAA,3.3636363636363638,1.0,1,55.0
IND477001AAB,IND474003AAA,4.811320754716981,1.0,9,55.0
IND480001AAA,IND480661AAA,1.5384615384615385,1.0,7,52.0
IND480001AAA,IND481661AAA,1.6337882547559968,1.0,2,155.5
IND480334AAA,IND480106AAA,1.4444444444444444,1.0,16,36.0
IND480661AAA,IND480001AAA,1.8269230769230769,1.0,2,52.0
IND480661AAA,IND481661AAA,1.5376791493296347,1.0,4,104.0
IND480886AAA,IND480001AAA,1.5656565656565657,1.0,5,99.0
IND480886AAA,IND480661AAA,1.5274376417233562,1.0,2,47.0
IND481661AAA,IND842003AAB,3.8287671232876708,1.0,6,73.0
IND482002AAA,IND842003AAB,13.0,1.0,3,8.0
IND483225AAA,IND483501AAA,2.1034632034632033,1.0,2,34.0
IND483501AAA,IND483770AAA,1.8478260869565217,1.0,1,46.0
IND483770AAA,IND842003AAB,2.485253709470599,1.0,2,104.5
IND484001AAA,IND484224AAA,0.9134920634920635,0.5,2,43.5
IND484001AAA,IND484446AAA,2.0777555777555774,1.0,4,77.5
IND484446AAA,IND842003AAB,2.0319967266775776,1.0,2,234.5
IND484551AAA,IND484001AAA,2.0384615384615383,1.0,1,26.0
IND484661AAE,IND484001AAA,2.5488394584139265,1.0,2,45.5
IND484661AAE,IND484551AAA,3.3333333333333335,1.0,1,21.0
IND485001AAC,IND471001AAA,2.1346153846153846,1.0,7,104.0
IND485001AAC,IND485771AAA,3.0606060606060606,1.0,3,33.0
IND485001AAC,IND486001AAA,2.1818181818181817,1.0,2,33.0
IND485001AAC,IND486771AAA,5.604395604395604,1.0,5,90.0
IND485001AAC,IND488001AAA,2.0896331738437004,1.0,2,56.0
IND485771AAA,IND486001AAA,2.1333333333333333,1.0,1,45.0
IND485771AAA,IND486771AAA,5.285714285714286,1.0,1,91.0
IND486001AAA,IND486771AAA,2.6642619311875695,1.0,2,52.0
IND486661AAA,IND211002AAB,5.294573643410852,1.0,5,129.0
IND486771AAA,IND486661AAA,1.6875,1.0,6,20.5
IND486886AAA,IND486889AAA,2.4,1.0,7,20.0
IND486889AAA,IND231205AAA,2.1076923076923078,1.0,4,70.0
IND486889AAA,IND231216AAA,2.5934065934065935,1.0,3,91.0
IND487001AAA,IND487551AAA,1.391304347826087,1.0,3,46.0
IND487001AAB,IND487551AAA,1.7051671732522795,1.0,2,44.5
IND487551AAA,IND464668AAA,2.638888888888889,1.0,4,63.0
IND488001AAA,IND471001AAA,2.1458333333333335,1.0,3,47.0
IND492001AAB,IND492007AAA,2.840909090909091,1.0,6,10.0
IND493118AAC,IND495334AAB,1.6326530612244898,1.0,9,50.0
IND494334AAB,IND493445AAB,1.7395772166764534,1.0,10,131.0
IND495004AAA,IND495671AAA,2.558139534883721,1.0,1,43.0
IND495334AAB,IND491995AAB,1.608695652173913,1.0,9,45.0
IND495677AAA,IND496001AAA,2.18018018018018,1.0,5,111.0
IND500008AAC,IND500084AAB,2.736842105263158,1.0,1,19.0
IND500008AAC,IND501359AAE,6.159090909090908,1.0,10,22.0
IND500008AAD,IND501359AAE,2.909090909090909,1.0,5,22.0
IND500008AAF,IND500039AAC,3.3452380952380953,1.0,14,16.5
IND500010AAA,IND500055AAA,1.8235294117647058,1.0,1,17.0
IND500010AAA,IND501359AAE,2.2837837837837838,1.0,8,36.0
IND500010AAB,IND501359AAE,2.51025641025641,1.0,28,35.0
IND500018AAA,IND500080AAB,3.041666666666667,1.0,4,16.0
IND500032AAA,IND502295AAA,1.9795454545454545,1.0,4,21.0
IND500035AAA,IND500039AAC,2.75,1.0,1,12.0
IND500039AAB,IND501301AAC,2.4,1.0,1,10.0
IND500039AAC,IND500035AAA,3.2153846153846155,1.0,2,11.5
IND500039AAC,IND500035AAD,3.142857142857143,1.0,5,13.0
IND500039AAC,IND501359AAE,4.0576923076923075,1.0,12,27.0
IND500039AAC,IND508116AAA,2.0,1.0,9,29.0
IND500039AAD,IND501359AAE,2.717013888888889,1.0,8,31.0
IND500050AAA,IND501218AAC,5.465151515151515,1.0,4,29.0
IND500050AAA,IND501359AAE,2.319052419354839,1.0,20,32.0
IND500055AAA,IND500010AAA,2.933333333333333,1.0,1,15.0
IND500055AAA,IND501401AAC,2.0588235294117645,1.0,1,17.0
IND500055AAC,IND501401AAC,2.128787878787879,1.0,10,11.5
IND500080AAB,IND501359AAE,2.9545454545454546,1.0,17,21.0
IND501101AAB,IND501359AAE,1.9285714285714286,1.0,1,56.0
IND501101AAB,IND509216AAC,1.471698113207547,0.8,5,53.0
IND501141AAA,IND501101AAB,1.5365853658536586,1.0,5,41.0
IND501301AAC,IND500039AAC,2.1538461538461537,1.0,1,13.0
IND501359AAE,IND000000ACB,2.1486146095717884,1.0,1,1191.0
IND501359AAE,IND411033AAA,2.0448430493273544,1.0,15,448.0
IND501359AAE,IND413002AAA,1.9477911646586346,1.0,11,250.0
IND501359AAE,IND462022AAA,2.1123778501628667,1.0,14,614.0
IND501359AAE,IND500008AAC,1.814935064935065,1.0,14,21.0
IND501359AAE,IND500010AAA,2.051282051282051,1.0,10,39.0
IND501359AAE,IND500010AAB,2.3125,1.0,24,40.5
IND501359AAE,IND500039AAC,1.9988095238095238,1.0,6,28.5
IND501359AAE,IND500039AAD,2.7270114942528734,1.0,6,30.0
IND501359AAE,IND500050AAA,1.810483870967742,1.0,16,30.0
IND501359AAE,IND500080AAB,2.0,1.0,19,24.0
IND501359AAE,IND501141AAA,1.6085106382978722,1.0,8,94.0
IND501359AAE,IND501218AAC,6.777777777777778,1.0,1,18.0
IND501359AAE,IND503111AAC,1.7330607476635516,1.0,2,105.5
IND501359AAE,IND505001AAB,1.3412924424972616,1.0,2,165.5
IND501359AAE,IND506002AAA,1.7663934426229508,1.0,12,122.0
IND501359AAE,IND508252AAB,2.0434782608695654,1.0,7,46.0
IND501359AAE,IND509001AAA,1.4679919137466306,1.0,14,54.5
IND501359AAE,IND509358AAA,1.5555555555555556,1.0,14,27.0
IND501359AAE,IND515004AAA,1.786008230452675,1.0,9,243.0
IND501359AAE,IND518002AAA,1.7789855072463767,1.0,12,139.0
IND501359AAE,IND523002AAA,1.7158244481664555,1.0,12,273.0
IND501359AAE,IND533106AAA,2.2142857142857144,1.0,12,299.0
IND501359AAE,IND562132AAA,1.687935627081021,1.0,4,425.0
IND501359AAE,IND585104AAA,1.6806209010550328,1.0,16,168.0
IND501359AAE,IND712311AAA,1.979167151030219,1.0,2,1057.5
IND501359AAE,IND751002AAB,2.0204638852905705,1.0,8,734.5
IND501359AAG,IND000000ACN,2.822368421052632,1.0,8,19.5
IND501401AAC,IND500010AAA,6.404166666666667,1.0,10,14.0
IND502110AAA,IND502313AAA,1.3611111111111112,0.9333333333333333,15,36.0
IND502220AAC,IND501359AAE,1.320453190220632,0.8125,16,128.0
IND502286AAB,IND502220AAC,2.18375,1.0,16,49.0
IND502295AAA,IND500050AAA,2.0,1.0,2,25.0
IND502313AAA,IND503111AAC,1.7142857142857142,1.0,5,62.0
IND503111AAC,IND501359AAE,2.233009708737864,1.0,13,103.0
IND503111AAC,IND503185AAA,1.7605191256830601,1.0,16,60.5
IND503111AAC,IND505001AAB,1.404494382022472,1.0,1,89.0
IND503122AAA,IND502110AAA,1.5526315789473684,1.0,15,37.0
IND503185AAA,IND503187AAA,1.5,1.0,15,28.0
IND503187AAA,IND503122AAA,1.5384615384615385,1.0,16,26.0
IND504201AAA,IND505184AAC,1.1056140350877193,0.25,4,75.0
IND504208AAB,IND504251AAA,1.7894736842105263,1.0,1,19.0
IND504208AAB,IND505001AAB,2.142857142857143,1.0,5,61.0
IND504215AAA,IND505001AAB,1.9406779661016949,1.0,12,59.0
IND504215AAA,IND505326AAB,2.706896551724138,1.0,1,58.0
IND504251AAA,IND504293AAA,2.305263157894737,1.0,2,36.5
IND504251AAA,IND504296AAA,1.186046511627907,0.3333333333333333,3,43.0
IND504293AAA,IND504208AAB,1.5636363636363637,1.0,1,55.0
IND504293AAA,IND505001AAB,2.0833333333333335,1.0,5,119.0
IND504296AAA,IND504208AAB,1.2459016393442623,1.0,1,61.0
IND504296AAA,IND504293AAA,1.1,0.0,2,30.0
IND505001AAA,IND505302AAB,1.3823529411764706,1.0,7,34.0
IND505001AAB,IND501359AAE,2.0481927710843375,1.0,1,166.0
IND505001AAB,IND503111AAC,1.388034188034188,0.5,2,90.5
IND505001AAB,IND504208AAB,1.4666666666666666,1.0,7,61.0
IND505001AAB,IND505172AAA,1.7083333333333333,1.0,1,24.0
IND505001AAB,IND505184AAC,1.6451612903225807,1.0,1,62.0
IND505001AAB,IND505209AAA,2.7083333333333335,1.0,5,46.0
IND505001AAB,IND505302AAB,1.5427807486631018,0.5,2,33.5
IND505122AAA,IND506002AAA,2.543292682926829,1.0,10,40.0
IND505184AAC,IND505001AAB,1.9,1.0,7,62.0
IND505184AAC,IND505209AAA,0.8941375968992248,0.0,2,45.5
IND505209AAA,IND504201AAA,1.4310344827586206,1.0,4,29.0
IND505209AAA,IND505001AAB,3.211820330969267,1.0,2,46.0
IND505302AAB,IND505325AAA,1.1290322580645162,0.2,5,62.0
IND505302AAB,IND505326AAB,1.4210526315789473,1.0,1,57.0
IND505302AAB,IND505327AAA,2.0,1.0,1,42.0
IND505325AAA,IND505327AAA,1.4090909090909092,1.0,3,22.0
IND505326AAA,IND505425AAA,2.8285714285714287,1.0,1,35.0
IND505326AAB,IND505001AAB,4.389830508474576,1.0,1,59.0
IND505326AAB,IND505327AAA,2.0434782608695654,1.0,1,23.0
IND505327AAA,IND505425AAA,1.4223057644110275,0.875,8,19.5
IND505467AAA,IND505122AAA,1.6304347826086956,1.0,8,46.0
IND505503AAA,IND506164AAA,2.282051282051282,1.0,1,39.0
IND506001AAC,IND505122AAA,1.7352941176470589,1.0,1,34.0
IND506001AAC,IND505467AAA,1.5833333333333333,1.0,9,35.0
IND506002AAA,IND506132AAA,1.125,0.35714285714285715,14,37.0
IND506002AAA,IND506143AAA,1.9565217391304348,1.0,12,21.0
IND506002AAA,IND506343AAA,1.5896825396825398,1.0,2,35.5
IND506132AAA,IND122001AAJ,1.8571428571428572,1.0,13,34.0
IND506143AAA,IND506167AAB,1.736842105263158,1.0,11,18.0
IND506167AAB,IND501359AAE,2.0759493670886076,1.0,11,79.0
IND506169AAB,IND505503AAA,2.125,1.0,1,16.0
IND506314AAA,IND506002AAA,3.74,1.0,10,24.0
IND506343AAA,IND506169AAB,1.3475609756097562,0.5,2,41.5
IND507002AAA,IND507117AAB,1.4594594594594594,1.0,1,111.0
IND507002AAA,IND507159AAA,1.8888888888888888,1.0,1,18.0
IND507002AAA,IND507167AAA,2.9438095238095237,1.0,4,24.5
IND507002AAA,IND508001AAA,2.4698795180722892,1.0,1,83.0
IND507002AAA,IND508206AAA,2.1311827956989244,1.0,12,30.0
IND507002AAA,IND508213AAB,1.8181818181818181,1.0,14,45.0
IND507111AAA,IND507117AAB,1.6306818181818183,1.0,14,31.0
IND507117AAB,IND507303AAA,2.032258064516129,1.0,13,93.0
IND507123AAA,IND506314AAA,1.357754890081357,0.875,8,109.0
IND507159AAA,IND507002AAA,3.52,1.0,9,18.0
IND507159AAA,IND508206AAA,1.3333333333333333,1.0,1,39.0
IND507303AAA,IND507002AAA,2.480701754385965,1.0,12,55.0
IND508001AAA,IND501359AAE,1.7543103448275863,1.0,14,87.0
IND508116AAA,IND508223AAA,1.5254237288135593,1.0,1,59.0
IND508116AAA,IND508277AAB,1.0681818181818181,0.0,10,45.0
IND508206AAA,IND507002AAA,1.9464285714285714,1.0,2,28.0
IND508206AAA,IND507159AAA,1.3243243243243243,0.8181818181818182,11,37.0
IND508207AAB,IND521225AAB,2.1695652173913045,1.0,10,113.5
IND508213AAB,IND508001AAA,1.8441295546558705,1.0,14,37.0
IND508223AAA,IND500039AAC,1.789939300012915,1.0,12,89.0
IND508248AAB,IND508377AAB,1.7794117647058822,1.0,12,34.0
IND508252AAB,IND508207AAB,1.3634293270643552,1.0,6,82.0
IND508277AAB,IND508223AAA,1.3723076923076922,1.0,8,25.0
IND508377AAB,IND501359AAE,1.808695652173913,1.0,11,115.0
IND509001AAA,IND509203AAA,1.5361344537815125,1.0,16,34.0
IND509103AAB,IND509103AAC,1.9411764705882353,1.0,1,17.0
IND509103AAB,IND518002AAA,2.2542372881355934,1.0,5,58.0
IND509103AAC,IND518002AAA,2.0847457627118646,1.0,5,59.0
IND509124AAA,IND509103AAB,2.0477564102564103,1.0,8,39.5
IND509124AAA,IND509103AAC,3.0,1.0,1,39.0
IND509124AAA,IND518002AAA,4.222222222222222,1.0,1,45.0
IND509124AAA,IND584101AAA,1.5,1.0,2,56.0
IND509203AAA,IND509301AAA,1.5,1.0,16,26.0
IND509216AAC,IND501359AAE,1.5854700854700856,1.0,8,25.0
IND509301AAA,IND501359AAE,1.8583673469387754,1.0,14,49.0
IND509301AAA,IND509216AAC,1.75,1.0,1,24.0
IND509324AAA,IND508248AAB,2.188655462184874,1.0,8,34.0
IND509358AAA,IND508248AAB,2.189655172413793,1.0,5,59.0
IND509358AAA,IND509324AAA,1.7037037037037037,1.0,9,27.0
IND515004AAA,IND501359AAE,1.7239126798260287,1.0,14,244.0
IND515004AAA,IND515401AAB,1.763157894736842,0.9333333333333333,15,40.0
IND515004AAA,IND515671AAA,2.21875,1.0,9,32.0
IND515004AAA,IND562132AAA,1.7251207729468598,1.0,8,184.0
IND515134AAA,IND515201AAA,1.6497662185856226,1.0,12,59.0
IND515134AAA,IND515591AAA,1.5714285714285714,1.0,7,48.0
IND515201AAA,IND515134AAA,1.6065573770491803,1.0,3,61.0
IND515201AAA,IND515301AAA,2.6818181818181817,1.0,11,22.0
IND515301AAA,IND561202AAB,1.7573529411764706,1.0,12,17.0
IND515401AAB,IND515801AAA,2.3861283643892337,1.0,16,22.0
IND515591AAA,IND516269AAA,1.646153846153846,1.0,9,65.0
IND515671AAA,IND515134AAA,1.5,1.0,9,35.0
IND515671AAA,IND515591AAA,2.6,1.0,1,60.0
IND515761AAA,IND515004AAA,1.7735849056603774,1.0,15,53.0
IND515801AAA,IND515761AAA,2.0833333333333335,1.0,1,96.0
IND515801AAA,IND515865AAB,1.5842696629213484,1.0,15,87.0
IND515865AAB,IND515761AAA,1.696969696969697,1.0,14,32.5
IND516101AAA,IND516115AAA,2.479166666666667,1.0,14,26.0
IND516115AAA,IND517501AAB,2.2388059701492535,1.0,13,67.0
IND516269AAA,IND516390AAA,1.5921052631578947,1.0,11,75.0
IND516390AAA,IND515004AAA,1.9651162790697674,1.0,11,86.0
IND517325AAA,IND517408AAA,2.15625,1.0,1,32.0
IND517501AAB,IND517583AAA,2.1538461538461537,1.0,15,26.0
IND517501AAB,IND517644AAA,2.447619047619048,1.0,14,32.0
IND517583AAA,IND516101AAA,2.152173913043478,1.0,15,48.0
IND517644AAA,IND524132AAA,2.1142857142857143,1.0,13,35.0
IND518002AAA,IND501359AAE,1.84375,1.0,12,143.5
IND518002AAA,IND509103AAB,1.8546511627906976,1.0,2,86.0
IND518002AAA,IND509124AAA,1.6,1.0,3,47.0
IND518002AAA,IND518401AAA,1.903225806451613,1.0,8,31.0
IND518002AAA,IND518501AAA,1.5,1.0,15,57.0
IND518002AAA,IND562132AAA,1.5235391588284029,1.0,10,285.0
IND518002AAA,IND584101AAA,1.8085106382978724,0.9090909090909091,11,93.0
IND518102AAA,IND518002AAA,1.894736842105263,1.0,11,97.0
IND518124AAA,IND518002AAA,1.4788732394366197,1.0,1,71.0
IND518124AAA,IND518206AAA,1.65,1.0,6,21.0
IND518206AAA,IND518002AAA,1.457142857142857,1.0,1,35.0
IND518206AAA,IND518222AAA,1.2666666666666666,1.0,3,45.0
IND518222AAA,IND518002AAA,1.4815509693558475,0.75,4,41.5
IND518401AAA,IND518422AAB,2.3333333333333335,1.0,7,25.0
IND518422AAB,IND518102AAA,2.0384615384615383,1.0,11,77.0
IND518501AAA,IND518124AAA,2.6169950738916254,1.0,12,28.0
IND520011AAA,IND521185AAA,1.875,1.0,7,32.0
IND521001AAA,IND521165AAA,1.8076923076923077,1.0,1,26.0
IND521001AAA,IND521225AAB,2.2223719676549862,1.0,4,55.5
IND521105AAA,IND521333AAA,2.4154040404040407,1.0,4,44.0
IND521105AAA,IND534001AAA,1.8235294117647058,1.0,3,17.0
IND521165AAA,IND521225AAB,9.3,1.0,1,30.0
IND521185AAA,IND520011AAA,1.7241379310344827,1.0,1,29.0
IND521185AAA,IND521225AAB,2.1363636363636362,1.0,6,44.0
IND521201AAA,IND521105AAA,1.736842105263158,1.0,3,22.0
IND521225AAB,IND501359AAE,1.7490196078431373,1.0,8,255.0
IND521225AAB,IND507002AAA,1.8008620689655173,1.0,14,115.0
IND521225AAB,IND521001AAA,2.88,1.0,1,50.0
IND521225AAB,IND521165AAA,7.551724137931035,1.0,1,29.0
IND521225AAB,IND521185AAA,2.0454545454545454,1.0,1,44.0
IND521225AAB,IND521201AAA,1.6153846153846154,1.0,17,53.0
IND521225AAB,IND521301AAA,1.7555555555555555,1.0,15,45.0
IND521301AAA,IND521001AAA,1.8461538461538463,1.0,15,25.0
IND521333AAA,IND521225AAB,2.5671641791044775,1.0,13,68.0
IND522647AAA,IND523201AAA,1.574313725490196,1.0,14,50.0
IND523002AAA,IND523105AAA,1.4634146341463414,1.0,1,41.0
IND523002AAA,IND523226AAA,1.6842105263157894,1.0,5,19.0
IND523002AAA,IND523230AAA,1.624395648670427,1.0,16,69.0
IND523002AAA,IND523316AAB,2.225,1.0,1,80.0
IND523002AAA,IND600056AAB,1.7312252964426877,1.0,11,253.0
IND523105AAA,IND524201AAA,1.3194444444444444,0.7857142857142857,14,42.0
IND523201AAA,IND523002AAA,7.3125,1.0,1,32.0
IND523226AAA,IND523316AAB,1.9,1.0,8,60.0
IND523230AAA,IND523105AAA,1.412419594260267,1.0,14,45.0
IND523316AAB,IND522647AAA,1.6481481481481481,1.0,9,55.0
IND524003AAA,IND501359AAE,1.6933701657458564,1.0,14,361.5
IND524101AAB,IND517501AAB,2.1216216216216215,1.0,15,75.0
IND524132AAA,IND524101AAB,1.6571428571428573,1.0,13,36.0
IND524201AAA,IND523002AAA,1.1666666666666667,0.2857142857142857,14,68.5
IND530012AAA,IND501359AAE,2.018396101488426,1.0,10,433.0
IND530012AAA,IND530043AAA,2.888888888888889,1.0,11,18.0
IND530012AAA,IND531001AAA,2.090909090909091,1.0,1,22.0
IND530012AAA,IND531162AAA,1.75,1.0,6,16.0
IND530012AAA,IND532001AAB,1.7625,1.0,17,82.0
IND530012AAA,IND533106AAA,1.699248120300752,1.0,2,133.0
IND530012AAA,IND535001AAA,3.240740740740741,1.0,1,54.0
IND530012AAA,IND751002AAB,1.5799373040752351,1.0,3,318.0
IND530012AAA,IND764001AAC,2.875,1.0,3,145.0
IND530012AAA,IND764020AAC,4.2631578947368425,1.0,1,152.0
IND530012AAC,IND501359AAE,2.250574712643678,1.0,1,435.0
IND530012AAC,IND533106AAA,1.8071649712516584,1.0,4,133.5
IND530018AAA,IND531162AAA,4.375,1.0,1,8.0
IND530026AAA,IND531036AAA,2.869959677419355,1.0,4,31.0
IND530043AAA,IND530012AAA,5.9523809523809526,1.0,1,21.0
IND530043AAA,IND531163AAA,1.7045454545454546,1.0,10,22.5
IND531001AAA,IND530012AAA,8.636363636363637,1.0,1,22.0
IND531001AAA,IND531116AAA,1.6388888888888888,1.0,1,36.0
IND531036AAA,IND530012AAA,2.360597439544808,1.0,4,37.0
IND531116AAA,IND531001AAA,1.5348837209302326,1.0,1,43.0
IND531163AAA,IND535001AAA,2.1818181818181817,1.0,11,21.0
IND532001AAB,IND530012AAA,2.0843373493975905,1.0,17,84.0
IND532001AAB,IND532127AAA,1.9166666666666665,1.0,16,30.0
IND532001AAB,IND532201AAA,2.5609756097560976,1.0,1,41.0
IND532001AAB,IND532421AAA,1.95,1.0,15,19.0
IND532127AAA,IND535591AAA,1.6705426356589148,1.0,16,43.0
IND532201AAA,IND532222AAA,1.7349999999999999,1.0,16,24.0
IND532222AAA,IND532001AAB,3.1587301587301586,1.0,1,63.0
IND532222AAA,IND761200AAA,2.129032258064516,1.0,9,61.0
IND532421AAA,IND532201AAA,2.2,1.0,15,20.0
IND532440AAA,IND532001AAB,1.5277777777777777,1.0,13,37.0
IND533003AAA,IND533106AAA,2.299130434782609,1.0,2,48.0
IND533003AAA,IND533401AAA,2.0531914893617023,1.0,14,48.0
IND533106AAA,IND501359AAE,2.198653198653199,1.0,8,298.0
IND533106AAA,IND530012AAA,1.7803030303030303,1.0,11,132.0
IND533106AAA,IND533003AAA,4.160377358490566,1.0,2,53.0
IND533106AAA,IND533201AAA,2.7011494252873565,1.0,1,87.0
IND533106AAA,IND533242AAA,3.056027306027306,1.0,4,76.5
IND533106AAA,IND533262AAA,2.1041666666666665,1.0,3,47.0
IND533106AAA,IND533308AAB,3.0,1.0,9,28.0
IND533106AAA,IND534260AAC,3.035632183908046,1.0,4,58.5
IND533201AAA,IND533242AAA,2.373809523809524,1.0,2,14.5
IND533201AAA,IND533262AAA,1.9736842105263157,1.0,7,39.0
IND533242AAA,IND533201AAA,2.2476190476190476,1.0,2,14.5
IND533262AAA,IND533106AAA,1.7659574468085106,1.0,6,46.5
IND533262AAA,IND533201AAA,1.9894230769230767,1.0,2,39.5
IND533308AAB,IND533003AAA,1.6097560975609757,1.0,10,41.0
IND533308AAB,IND533106AAA,1.962962962962963,1.0,1,27.0
IND533401AAA,IND533106AAA,2.2739726027397262,1.0,13,69.0
IND533401AAA,IND533308AAB,2.6987951807228914,1.0,1,83.0
IND534001AAA,IND521225AAB,2.2,1.0,1,50.0
IND534001AAA,IND521333AAA,1.8076923076923077,1.0,11,26.0
IND534260AAC,IND533106AAA,2.440829297820823,1.0,2,57.5
IND535001AAA,IND530012AAA,3.4391371340523884,1.0,8,57.0
IND535501AAB,IND532001AAB,1.9506172839506173,1.0,1,81.0
IND535501AAB,IND532440AAA,1.5,1.0,13,42.0
IND535558AAA,IND535501AAB,1.565217391304348,1.0,15,23.0
IND535591AAA,IND535558AAA,2.1333333333333333,1.0,3,16.0
IND560002AAA,IND560099AAB,2.6220238095238093,0.9375,16,22.0
IND560002AAA,IND562132AAA,2.264705882352941,0.9411764705882353,17,34.0
IND560027AAA,IND560099AAA,2.611111111111111,1.0,3,18.0
IND560043AAC,IND560064AAA,1.6671052631578946,1.0,30,18.0
IND560043AAC,IND560099AAB,1.9714285714285715,0.8421052631578947,19,34.0
IND560043AAC,IND562132AAA,2.038157894736842,1.0,14,40.0
IND560048AAB,IND560099AAB,1.4857142857142858,0.6666666666666666,21,33.0
IND560048AAB,IND562132AAA,2.4782608695652173,1.0,13,46.0
IND560058AAB,IND560060AAB,1.3529411764705883,0.6944444444444444,36,17.0
IND560058AAB,IND560099AAB,1.837837837837838,0.8235294117647058,17,37.0
IND560058AAB,IND562132AAA,1.6842105263157894,1.0,9,20.0
IND560058AAD,IND562132AAA,1.9047619047619047,0.9354838709677419,31,23.0
IND560060AAB,IND560099AAB,1.3536931818181817,0.7,10,32.5
IND560060AAB,IND562132AAA,1.7241379310344827,0.9411764705882353,17,30.0
IND560064AAD,IND560043AAC,2.5358974358974358,1.0,32,15.0
IND560067AAC,IND562114AAA,2.763888888888889,1.0,18,10.0
IND560077AAA,IND560099AAB,3.4545454545454546,1.0,1,44.0
IND560078AAC,IND560099AAB,1.9473684210526316,0.9333333333333333,15,24.0
IND560078AAC,IND562132AAA,1.5476190476190477,0.9333333333333333,15,42.0
IND560083AAB,IND560058AAD,1.5806451612903225,1.0,1,31.0
IND560083AAB,IND562132AAA,1.6667547568710361,0.9615384615384616,26,44.0
IND560085AAA,IND562132AAA,1.806766917293233,1.0,6,37.0
IND560099AAB,IND000000ACS,1.5714285714285714,1.0,1,21.0
IND560099AAB,IND560002AAA,2.0976190476190477,0.7272727272727273,22,21.0
IND560099AAB,IND560043AAC,1.6100230414746544,0.8333333333333334,30,30.0
IND560099AAB,IND560048AAB,1.56575682382134,0.7857142857142857,28,31.0
IND560099AAB,IND560058AAB,1.6578947368421053,0.8484848484848485,33,36.0
IND560099AAB,IND560060AAB,1.3870967741935485,0.8,25,33.0
IND560099AAB,IND560077AAA,4.65,1.0,1,40.0
IND560099AAB,IND560078AAC,1.809090909090909,0.8636363636363636,22,22.0
IND560099AAB,IND560083AAB,2.3125,1.0,1,16.0
IND560099AAB,IND560085AAA,2.359848484848485,1.0,12,22.0
IND560099AAB,IND560300AAA,1.8075757575757576,0.9479166666666666,96,57.0
IND560099AAB,IND562132AAA,1.5360449735449735,0.875,88,57.0
IND560099AAB,IND632006AAA,1.3705882352941177,1.0,8,168.0
IND560099AAB,IND635001AAA,2.1180266031367876,1.0,4,68.5
IND560099AAB,IND683511AAA,1.6381190659481653,1.0,14,432.0
IND560099AAB,IND683511AAB,1.6412037037037037,1.0,1,432.0
IND560099AAG,IND560099AAB,1.25,1.0,1,8.0
IND560099AAH,IND562125AAA,1.7647058823529411,1.0,1,17.0
IND560300AAA,IND000000ACS,2.4318181818181817,1.0,1,44.0
IND560300AAA,IND560002AAA,1.09375,0.3333333333333333,15,33.0
IND560300AAA,IND560043AAC,1.1875,0.48,25,31.0
IND560300AAA,IND560048AAB,1.1602564102564101,0.25,4,40.5
IND560300AAA,IND560058AAB,1.343137254901961,0.5666666666666667,30,34.0
IND560300AAA,IND560078AAC,2.902439024390244,1.0,11,41.0
IND560300AAA,IND560085AAA,1.4594594594594594,1.0,13,37.0
IND560300AAA,IND560099AAB,2.4642857142857144,0.9130434782608695,69,57.0
IND560300AAA,IND562132AAA,1.82,0.9759036144578314,83,51.0
IND560300AAA,IND563101AAB,1.9661016949152543,1.0,5,55.0
IND560300AAA,IND563130AAA,1.8662508662508661,1.0,2,38.0
IND560300AAA,IND563131AAB,1.525,1.0,1,80.0
IND560300AAB,IND563101AAB,1.7413793103448276,1.0,11,57.0
IND560300AAB,IND563116AAA,1.8461538461538463,1.0,1,91.0
IND560300AAB,IND563130AAA,1.951219512195122,1.0,7,41.0
IND561202AAB,IND515134AAA,1.8125,1.0,11,65.0
IND561203AAB,IND562101AAA,1.52,1.0,11,26.0
IND561207AAB,IND562108AAA,1.326086956521739,0.8181818181818182,11,46.0
IND562101AAA,IND561207AAB,1.1578947368421053,0.3,10,38.5
IND562108AAA,IND572101AAA,3.1206896551724137,1.0,1,58.0
IND562114AAA,IND560048AAB,3.357142857142857,1.0,9,14.0
IND562114AAA,IND560067AAC,3.4444444444444446,1.0,7,10.0
IND562117AAA,IND562132AAA,1.1562812187812188,0.4,10,90.0
IND562125AAA,IND000000ACS,7.125,1.0,1,24.0
IND562132AAA,IND000000ACB,1.8060288335517694,1.0,39,1530.0
IND562132AAA,IND000000ACS,1.777217741935484,1.0,6,30.5
IND562132AAA,IND302014AAA,1.9172161172161173,1.0,9,1366.0
IND562132AAA,IND395023AAA,1.9502890173410405,1.0,1,865.0
IND562132AAA,IND411033AAA,1.6835443037974684,1.0,9,629.0
IND562132AAA,IND416012AAA,1.6171117900200387,1.0,12,437.0
IND562132AAA,IND421302AAG,1.7083906464924348,1.0,7,727.0
IND562132AAA,IND462022AAA,1.9369544131910765,1.0,9,1031.0
IND562132AAA,IND501359AAE,1.736470588235294,1.0,4,425.0
IND562132AAA,IND515004AAA,1.5469613259668509,1.0,11,183.0
IND562132AAA,IND518002AAA,1.5867807630965527,1.0,12,286.0
IND562132AAA,IND560002AAA,2.7777777777777777,0.9565217391304348,23,27.0
IND562132AAA,IND560043AAC,1.8529411764705883,0.9411764705882353,17,34.0
IND562132AAA,IND560048AAB,1.975609756097561,0.9230769230769231,13,40.0
IND562132AAA,IND560058AAB,1.9230769230769231,0.7857142857142857,14,16.5
IND562132AAA,IND560058AAD,1.730952380952381,0.8863636363636364,44,20.0
IND562132AAA,IND560060AAB,1.5747126436781609,1.0,20,28.0
IND562132AAA,IND560066AAB,2.3488372093023258,1.0,2,43.0
IND562132AAA,IND560078AAC,2.096774193548387,1.0,23,31.0
IND562132AAA,IND560083AAB,1.5384615384615385,0.975609756097561,41,39.0
IND562132AAA,IND560085AAA,2.064516129032258,1.0,14,30.0
IND562132AAA,IND560099AAB,1.6603773584905661,0.9904761904761905,105,51.0
IND562132AAA,IND560300AAA,1.8125,0.9826086956521739,115,48.0
IND562132AAA,IND570020AAA,1.4852941176470589,1.0,9,137.0
IND562132AAA,IND572101AAA,1.1929824561403508,0.3333333333333333,3,57.0
IND562132AAA,IND573201AAB,1.4849624060150375,1.0,16,132.5
IND562132AAA,IND577002AAA,1.5789473684210527,1.0,1,190.0
IND562132AAA,IND577501AAA,1.6887417218543046,1.0,1,151.0
IND562132AAA,IND577598AAC,1.6425467188179053,1.0,10,117.5
IND562132AAA,IND580028AAA,1.922080671699574,1.0,2,287.5
IND562132AAA,IND583101AAA,1.4895566181264943,1.0,10,219.5
IND562132AAA,IND600056AAB,1.9877049180327868,1.0,11,242.0
IND562132AAA,IND683511AAA,2.2917642466822796,1.0,2,426.5
IND562132AAA,IND712311AAA,2.221897810218978,1.0,3,1370.0
IND562132AAA,IND751002AAB,2.113714683307127,1.0,12,1047.0
IND562159AAA,IND562117AAA,1.9259259259259258,1.0,11,27.0
IND563101AAB,IND563125AAB,1.5,1.0,1,36.0
IND563101AAB,IND563131AAA,1.565217391304348,1.0,13,24.0
IND563116AAA,IND563131AAB,1.9166666666666665,1.0,12,18.0
IND563125AAB,IND560300AAA,3.849056603773585,1.0,3,53.0
IND563125AAB,IND560300AAB,4.755102040816326,1.0,11,48.0
IND563130AAA,IND563131AAB,1.4242424242424243,0.8888888888888888,9,33.0
IND563131AAA,IND563125AAB,1.8372093023255813,1.0,13,43.0
IND563131AAB,IND560300AAA,1.5625,1.0,3,79.0
IND563131AAB,IND560300AAB,1.8157894736842106,1.0,3,76.0
IND563131AAB,IND563116AAA,1.8888888888888888,1.0,14,18.0
IND570020AAA,IND571301AAA,2.975,1.0,8,23.5
IND570020AAA,IND571430AAA,3.46,1.0,1,50.0
IND570020AAA,IND571602AAA,2.8333333333333335,1.0,11,34.0
IND571104AAA,IND577598AAB,1.9473684210526316,1.0,13,20.0
IND571105AAA,IND571114AAA,1.4,1.0,1,25.0
IND571105AAA,IND571213AAA,1.7435897435897436,1.0,9,39.0
IND571111AAB,IND571313AAB,1.7096774193548387,1.0,9,31.0
IND571114AAA,IND570020AAA,4.03921568627451,1.0,7,52.0
IND571124AAA,IND570020AAA,4.285632183908046,1.0,10,30.0
IND571213AAA,IND571114AAA,1.5970149253731343,1.0,7,67.0
IND571301AAA,IND571111AAB,1.9130434782608696,1.0,7,23.0
IND571313AAB,IND571440AAA,1.3617021276595744,0.8888888888888888,9,46.0
IND571401AAA,IND562160AAB,0.9891304347826086,0.0,10,47.0
IND571426AAA,IND571104AAA,1.925,1.0,11,80.0
IND571430AAA,IND571124AAA,1.5333333333333334,1.0,9,31.0
IND571432AAB,IND571426AAA,1.345439189189189,0.8333333333333334,12,36.5
IND571438AAB,IND571401AAA,1.2580645161290323,0.6666666666666666,9,31.0
IND571440AAA,IND571430AAA,1.04,0.1111111111111111,9,50.0
IND572101AAA,IND561203AAB,1.951219512195122,1.0,10,42.0
IND572201AAB,IND573103AAA,1.3125,1.0,1,16.0
IND572201AAB,IND573201AAB,1.9498039215686274,1.0,2,50.5
IND572201AAB,IND577116AAA,1.8653846153846154,1.0,1,52.0
IND573103AAA,IND572201AAB,1.7107843137254901,1.0,2,17.5
IND573103AAA,IND577116AAA,1.3846153846153846,1.0,3,27.0
IND573116AAA,IND571426AAA,5.586206896551724,1.0,1,29.0
IND573116AAA,IND571432AAB,1.7619047619047619,1.0,9,44.0
IND573116AAA,IND573142AAA,2.3333333333333335,1.0,1,54.0
IND573134AAB,IND573201AAB,2.168560606060606,1.0,10,32.0
IND573134AAB,IND577101AAA,1.7037037037037037,1.0,1,54.0
IND573142AAA,IND573201AAB,1.8157894736842106,1.0,13,39.0
IND573201AAB,IND572201AAB,1.4746938775510205,1.0,6,50.0
IND573201AAB,IND573103AAA,2.85,1.0,3,40.0
IND573201AAB,IND573116AAA,2.076923076923077,1.0,11,28.0
IND573201AAB,IND573134AAB,1.6774193548387097,1.0,3,32.0
IND573201AAB,IND575004AAB,3.2430173092053503,1.0,14,124.0
IND574104AAA,IND574216AAA,1.9565217391304348,1.0,11,46.0
IND574117AAA,IND576101AAA,1.6614906832298137,1.0,2,22.0
IND574117AAA,IND576201AAA,3.0238095238095237,1.0,1,42.0
IND574202AAA,IND574239AAA,1.5620723362658846,1.0,6,31.0
IND574211AAA,IND574202AAA,2.473684210526316,1.0,5,19.0
IND574211AAA,IND574216AAA,2.892857142857143,1.0,1,28.0
IND574216AAA,IND562132AAA,1.9681818181818183,1.0,1,220.0
IND574216AAA,IND575004AAB,2.4,1.0,5,47.0
IND574221AAA,IND562132AAA,2.039906103286385,1.0,6,213.0
IND574227AAA,IND574104AAA,1.7857142857142858,1.0,9,14.0
IND574239AAA,IND574221AAA,1.5128205128205128,1.0,7,35.0
IND575004AAB,IND562132AAA,2.238,1.0,4,250.0
IND575004AAB,IND574117AAA,2.3448275862068964,1.0,5,30.0
IND575004AAB,IND574211AAA,2.1160130718954244,1.0,8,17.0
IND575004AAB,IND574227AAA,2.130787037037037,1.0,2,29.5
IND575004AAB,IND575014AAA,2.5175438596491224,1.0,2,18.5
IND575004AAB,IND576101AAA,2.08,1.0,1,50.0
IND575004AAB,IND671323AAD,1.7407407407407407,1.0,3,26.0
IND575014AAA,IND403726AAA,1.7508532423208192,1.0,1,293.0
IND576101AAA,IND576201AAA,1.5666666666666667,1.0,3,30.0
IND576201AAA,IND581320AAA,2.0412912912912913,1.0,4,36.5
IND577002AAA,IND580028AAA,1.613861386138614,1.0,11,101.0
IND577002AAA,IND581110AAE,2.423076923076923,1.0,1,52.0
IND577002AAA,IND581115AAC,2.8304597701149428,1.0,14,29.0
IND577101AAA,IND577116AAA,1.108695652173913,0.0,1,46.0
IND577101AAA,IND577132AAD,2.1363636363636362,1.0,5,21.0
IND577116AAA,IND577101AAA,0.9375,0.0,4,40.0
IND577126AAA,IND577201AAA,2.707692307692308,1.0,1,65.0
IND577132AAD,IND573134AAB,1.9090909090909092,1.0,7,32.0
IND577201AAA,IND562132AAA,1.7943925233644862,1.0,10,214.5
IND577201AAA,IND577432AAA,2.3555555555555556,1.0,1,45.0
IND577401AAA,IND562132AAA,2.261744966442953,1.0,1,298.0
IND577401AAA,IND577201AAA,1.125,0.14285714285714285,7,88.0
IND577432AAA,IND577126AAA,2.1,1.0,1,20.0
IND577501AAA,IND577002AAA,1.692764857881137,1.0,10,44.0
IND577522AAA,IND562132AAA,1.4928571428571429,1.0,10,140.0
IND577535AAC,IND577522AAA,1.5823717948717948,1.0,10,39.0
IND577598AAB,IND573142AAA,1.8596491228070176,1.0,13,56.0
IND577598AAC,IND577501AAA,1.8387096774193548,1.0,11,32.0
IND580002AAA,IND580028AAA,4.979166666666666,1.0,2,20.5
IND580028AAA,IND403726AAA,2.4532374100719423,1.0,13,141.0
IND580028AAA,IND421302AAG,2.924944812362031,1.0,1,453.0
IND580028AAA,IND562132AAA,1.7832167832167831,1.0,3,285.0
IND580028AAA,IND580002AAA,4.0,1.0,7,21.0
IND580028AAA,IND581402AAA,1.4216867469879517,1.0,15,83.0
IND580028AAA,IND590016AAA,2.1551598173515982,1.0,8,74.0
IND580028AAA,IND591115AAB,1.7906976744186047,1.0,4,43.5
IND580028AAA,IND591123AAC,1.9080459770114941,0.9230769230769231,13,87.0
IND581110AAE,IND577002AAA,2.1445138269402317,1.0,2,58.0
IND581110AAE,IND581119AAB,1.9069767441860466,1.0,13,43.0
IND581115AAC,IND581110AAE,1.7307692307692308,1.0,15,26.0
IND581119AAB,IND577002AAA,1.7998338870431894,1.0,12,45.0
IND581303AAA,IND581325AAA,1.4893617021276595,1.0,2,94.0
IND581303AAA,IND581400AAB,1.3982469512195121,0.75,12,41.0
IND581314AAA,IND403726AAA,1.8018018018018018,1.0,9,113.0
IND581314AAA,IND581334AAA,1.5178571428571428,1.0,1,56.0
IND581320AAA,IND575004AAB,2.3333333333333335,1.0,1,111.0
IND581320AAA,IND581334AAA,1.5584795321637426,1.0,4,38.0
IND581325AAA,IND580028AAA,1.9196504688832055,1.0,14,68.0
IND581334AAA,IND581314AAA,1.9038461538461537,1.0,3,51.0
IND581334AAA,IND581320AAA,1.5161290322580645,1.0,1,31.0
IND581334AAA,IND581343AAC,2.2656641604010024,1.0,2,20.0
IND581343AAC,IND581314AAA,1.7288306451612905,0.8333333333333334,6,32.5
IND581400AAB,IND581325AAA,1.1727272727272728,0.5,12,108.0
IND581402AAA,IND577201AAA,1.75,1.0,1,128.0
IND581402AAA,IND577401AAA,1.625,1.0,9,72.0
IND582101AAB,IND580028AAA,2.9782608695652173,1.0,13,46.0
IND582209AAA,IND582101AAB,2.1096096096096097,1.0,12,37.0
IND583101AAA,IND577535AAC,1.8372093023255813,1.0,10,43.0
IND583101AAA,IND583201AAA,2.6666666666666665,1.0,13,46.0
IND583119AAA,IND583101AAA,4.232558139534884,1.0,7,44.0
IND583201AAA,IND583101AAA,2.8222222222222224,1.0,1,45.0
IND583201AAA,IND583119AAA,2.3333333333333335,1.0,7,27.0
IND583201AAA,IND583227AAA,2.0,1.0,12,30.0
IND583227AAA,IND583231AAA,1.6958333333333333,1.0,12,39.0
IND583231AAA,IND583201AAA,2.4654150197628457,1.0,12,22.0
IND584101AAA,IND509124AAA,1.4775974025974026,1.0,10,56.0
IND584101AAA,IND518002AAA,3.802197802197802,1.0,1,91.0
IND584101AAA,IND584123AAA,1.5465116279069768,1.0,2,43.0
IND584123AAA,IND584128AAA,1.4444444444444444,1.0,1,36.0
IND584128AAA,IND583121AAA,2.224308300395257,1.0,2,22.5
IND585104AAA,IND585211AAA,1.9342105263157894,1.0,12,38.0
IND585104AAA,IND585307AAB,1.5151515151515151,1.0,4,66.0
IND585104AAA,IND585314AAA,1.8184885290148447,1.0,4,38.5
IND585104AAA,IND585330AAE,1.8372093023255813,1.0,14,43.0
IND585104AAA,IND586128AAA,1.9388189559422435,1.0,10,73.0
IND585211AAA,IND585104AAA,2.210526315789474,1.0,3,38.0
IND585211AAA,IND585222AAA,1.5,1.0,12,24.0
IND585222AAA,IND585211AAA,1.4123076923076923,0.75,4,26.0
IND585222AAA,IND585307AAB,1.5135135135135136,1.0,13,36.0
IND585307AAB,IND585104AAA,4.430769230769231,1.0,13,67.0
IND585307AAB,IND585222AAA,1.4106606606606606,1.0,4,37.0
IND585314AAA,IND585104AAA,5.361111111111111,1.0,11,37.0
IND585314AAA,IND586211AAA,1.9381443298969072,1.0,3,97.0
IND585330AAE,IND585401AAA,1.8823529411764706,1.0,15,34.0
IND585401AAA,IND502286AAB,2.425396825396825,1.0,16,42.0
IND586101AAA,IND416404AAA,2.2519762845849804,1.0,4,44.5
IND586101AAB,IND416404AAA,2.0462473572938693,1.0,4,43.5
IND586128AAA,IND585104AAA,3.0410958904109586,1.0,4,73.0
IND586128AAA,IND586211AAA,1.6422872340425532,1.0,10,47.5
IND586211AAA,IND585314AAA,1.8041237113402062,1.0,11,96.0
IND586211AAA,IND586128AAA,1.7916666666666667,1.0,3,47.0
IND587103AAB,IND582101AAB,2.1630434782608696,1.0,2,92.0
IND587103AAB,IND582209AAA,1.901639344262295,1.0,13,61.0
IND590016AAA,IND591302AAB,1.4516129032258065,1.0,3,32.0
IND591102AAA,IND591307AAC,2.0,1.0,13,42.0
IND591115AAB,IND590016AAA,1.8333333333333335,1.0,4,30.5
IND591123AAC,IND587103AAB,1.7019977802441733,1.0,14,52.0
IND591126AAA,IND591102AAA,1.6333333333333333,1.0,1,30.0
IND591201AAA,IND591304AAA,1.4344262295081966,1.0,10,60.0
IND591237AAB,IND591201AAA,1.5,0.6666666666666666,3,22.0
IND591302AAB,IND580028AAA,1.944218608852755,1.0,6,81.0
IND591304AAA,IND586101AAA,1.5010332950631458,1.0,8,67.0
IND591304AAA,IND586101AAB,1.446969696969697,1.0,4,66.0
IND591307AAC,IND580002AAA,2.5224719101123596,1.0,2,89.0
IND591307AAC,IND580028AAA,2.624854045037531,1.0,2,109.5
IND600004AAA,IND600008AAC,5.5,1.0,3,14.0
IND600008AAA,IND600044AAC,2.081081081081081,1.0,13,37.0
IND600008AAC,IND600004AAA,2.357142857142857,1.0,1,14.0
IND600008AAC,IND600056AAB,2.3947368421052633,1.0,13,37.0
IND600016AAA,IND600119AAA,1.9545454545454546,1.0,4,26.0
IND600016AAB,IND600044AAC,2.014705882352941,1.0,20,33.0
IND600016AAC,IND600056AAB,2.242424242424242,1.0,1,33.0
IND600016AAC,IND600119AAA,1.7272727272727273,0.7777777777777778,9,32.0
IND600032AAB,IND600008AAC,6.0,1.0,1,8.0
IND600032AAB,IND600044AAD,2.090909090909091,0.8461538461538461,13,11.0
IND600032AAB,IND600056AAB,1.9251336898395723,1.0,50,33.0
IND600032AAB,IND600076AAB,2.1875,0.9696969696969697,33,16.0
IND600044AAD,IND600032AAB,2.5833333333333335,1.0,7,11.0
IND600044AAD,IND600048AAA,4.392307692307693,1.0,10,11.5
IND600044AAD,IND600056AAB,1.8611111111111112,1.0,12,36.0
IND600044AAD,IND603001AAA,2.8632183908045974,1.0,10,30.0
IND600044AAD,IND603203AAA,3.670955882352941,1.0,2,16.5
IND600044AAE,IND600056AAB,1.9857142857142858,1.0,28,35.0
IND600048AAA,IND600044AAD,1.8181818181818181,1.0,1,11.0
IND600056AAA,IND602105AAB,3.166666666666667,1.0,4,12.5
IND600056AAB,IND501359AAE,1.7733995163548428,1.0,6,486.0
IND600056AAB,IND524003AAA,1.6099999999999999,1.0,14,150.5
IND600056AAB,IND530012AAA,1.7159715242881073,1.0,2,598.5
IND600056AAB,IND560099AAB,1.6919642857142858,1.0,13,225.0
IND600056AAB,IND562132AAA,1.8599497591961471,1.0,12,250.0
IND600056AAB,IND600008AAC,3.0,1.0,25,35.0
IND600056AAB,IND600016AAC,2.323529411764706,1.0,9,33.0
IND600056AAB,IND600032AAB,2.3636363636363638,1.0,41,33.0
IND600056AAB,IND600044AAD,1.7247899159663866,1.0,4,34.5
IND600056AAB,IND600044AAE,1.873015873015873,1.0,32,35.0
IND600056AAB,IND600076AAB,1.930930930930931,1.0,10,36.0
IND600056AAB,IND600110AAA,2.6942084942084943,1.0,22,37.0
IND600056AAB,IND600116AAB,3.4482758620689653,1.0,15,28.0
IND600056AAB,IND605010AAB,1.4316546762589928,1.0,13,139.0
IND600056AAB,IND605601AAA,1.3458093763821317,1.0,6,135.0
IND600056AAB,IND631501AAA,2.3636363636363638,1.0,7,34.0
IND600056AAB,IND632006AAA,1.7142857142857142,1.0,13,84.0
IND600056AAB,IND635802AAB,1.3174603174603174,1.0,3,126.0
IND600076AAB,IND600032AAB,2.5409356725146197,1.0,14,18.0
IND600076AAB,IND600056AAB,1.945945945945946,1.0,1,37.0
IND600083AAA,IND600116AAB,2.0714285714285716,1.0,1,14.0
IND600110AAA,IND600056AAB,2.324324324324324,1.0,7,37.0
IND600110AAA,IND600056AAD,2.263157894736842,1.0,1,38.0
IND600116AAB,IND600056AAA,1.8295454545454546,1.0,2,11.5
IND600116AAB,IND600056AAB,2.111111111111111,1.0,3,28.0
IND600116AAB,IND602024AAA,3.5238095238095237,1.0,7,18.0
IND600119AAA,IND600016AAC,3.2595238095238095,1.0,6,20.0
IND602001AAA,IND600116AAB,2.5517241379310347,1.0,1,29.0
IND602001AAB,IND609001AAA,2.2962962962962963,1.0,11,27.0
IND602024AAA,IND600116AAB,3.3684210526315788,1.0,3,17.0
IND602024AAA,IND602001AAA,2.4545454545454546,1.0,6,11.0
IND603001AAA,IND603301AAA,1.4285714285714286,0.5454545454545454,11,35.0
IND603102AAA,IND600056AAB,1.8582089552238807,1.0,12,68.0
IND603203AAA,IND600044AAD,3.4285714285714284,1.0,9,15.0
IND603203AAA,IND600048AAA,1.6666666666666667,1.0,1,12.0
IND603301AAA,IND600044AAD,2.396551724137931,1.0,11,58.0
IND604303AAA,IND603102AAA,1.9483805668016194,1.0,4,39.0
IND605010AAB,IND600056AAB,1.6923076923076923,1.0,3,130.0
IND605010AAB,IND604303AAA,1.400462962962963,0.5,4,50.5
IND605010AAB,IND607001AAA,1.7413793103448276,1.0,12,29.0
IND605601AAA,IND600056AAB,1.692,1.0,6,125.0
IND605601AAA,IND607106AAA,2.1818181818181817,1.0,13,20.0
IND605601AAA,IND636102AAA,1.6653558052434456,1.0,6,89.5
IND606003AAA,IND606105AAA,1.6,1.0,13,14.0
IND606105AAA,IND606201AAC,1.6730769230769231,1.0,13,54.0
IND606201AAC,IND605601AAA,2.263513513513513,1.0,14,74.0
IND606801AAB,IND632006AAA,2.314814814814815,1.0,11,55.0
IND606803AAA,IND606801AAB,1.3478260869565217,0.9090909090909091,11,24.0
IND607001AAA,IND608001AAA,1.8571428571428572,1.0,11,28.0
IND607106AAA,IND607801AAA,2.1538461538461537,1.0,13,12.0
IND607801AAA,IND606003AAA,2.1277173913043477,0.9285714285714286,14,23.0
IND608001AAA,IND609110AAA,2.7333333333333334,1.0,7,16.0
IND608301AAA,IND639104AAB,1.7833333333333334,1.0,13,119.0
IND609001AAA,IND614018AAA,2.1880479251899474,1.0,12,59.0
IND609110AAA,IND609602AAA,1.9291871921182264,1.0,8,29.5
IND609602AAA,IND611001AAA,3.111111111111111,1.0,11,16.0
IND610001AAA,IND605010AAB,2.071428571428571,1.0,10,126.0
IND610001AAA,IND614715AAA,1.673076923076923,1.0,14,25.0
IND611001AAA,IND610001AAA,2.34375,1.0,10,17.0
IND614018AAA,IND613104AAA,2.0083333333333333,1.0,10,60.0
IND614602AAA,IND614804AAA,1.5,1.0,13,24.0
IND614616AAA,IND630002AAA,1.6875,1.0,13,32.0
IND614620AAA,IND630561AAA,1.945945945945946,1.0,13,74.0
IND614715AAA,IND614809AAA,1.4736842105263157,0.9285714285714286,14,38.0
IND614804AAA,IND614616AAA,1.1851851851851851,0.46153846153846156,13,27.0
IND614809AAA,IND610001AAA,2.1824289405684754,1.0,14,44.0
IND620020AAA,IND621112AAA,1.7596153846153846,1.0,24,13.5
IND621010AAA,IND621212AAA,1.5294117647058822,1.0,13,35.0
IND621112AAA,IND620012AAA,6.458333333333333,1.0,1,24.0
IND621211AAA,IND621010AAA,1.6477272727272727,1.0,12,22.0
IND621212AAA,IND621704AAA,1.5454545454545454,1.0,13,23.0
IND621306AAA,IND625106AAA,1.2986111111111112,0.6666666666666666,12,72.5
IND621704AAA,IND621802AAA,2.032795698924731,1.0,14,30.0
IND621802AAA,IND608301AAA,2.5555555555555554,1.0,10,17.0
IND621802AAA,IND621212AAA,1.7115384615384615,1.0,1,52.0
IND622407AAA,IND622001AAA,1.4848484848484849,1.0,11,34.0
IND623315AAB,IND614620AAA,1.5086206896551724,1.0,12,30.0
IND623407AAA,IND623315AAB,1.0416666666666667,0.08333333333333333,12,25.0
IND623503AAA,IND623526AAA,0.9014084507042254,0.0,7,71.0
IND623526AAA,IND623704AAA,1.0607789142407553,0.0,8,125.0
IND623701AAA,IND623503AAA,1.1777777777777778,0.42857142857142855,7,46.0
IND623704AAA,IND626607AAB,1.2708333333333333,0.7142857142857143,7,47.0
IND624001AAA,IND624619AAA,1.5384615384615385,0.8888888888888888,9,27.0
IND624001AAA,IND625008AAA,1.3958333333333333,1.0,9,49.0
IND624101AAA,IND624202AAA,0.7073170731707317,0.0,9,120.0
IND624202AAA,IND625218AAA,1.5217391304347827,1.0,9,23.0
IND624601AAA,IND624101AAA,0.7798507462686568,0.0,14,133.0
IND624619AAA,IND624601AAA,1.2307692307692308,0.7142857142857143,7,26.0
IND625008AAA,IND626123AAA,1.824829931972789,1.0,14,49.0
IND625106AAA,IND625008AAA,1.7173913043478262,1.0,13,43.0
IND625218AAA,IND624703AAA,3.433333333333333,1.0,1,60.0
IND625516AAA,IND685514AAA,1.8125,1.0,5,47.0
IND625531AAA,IND625516AAA,1.2826086956521738,1.0,6,46.0
IND625532AAA,IND625531AAA,1.5454545454545454,1.0,5,46.0
IND625532AAA,IND685514AAA,1.6590909090909092,1.0,1,132.0
IND626117AAA,IND626138AAA,1.24,0.6666666666666666,9,25.0
IND626123AAA,IND627756AAA,1.8587755102040817,1.0,14,49.0
IND626138AAA,IND625008AAA,1.5396825396825398,0.9230769230769231,13,61.0
IND626607AAB,IND625008AAA,1.52,1.0,7,50.0
IND627005AAA,IND627117AAA,1.6341463414634145,1.0,11,41.0
IND627005AAA,IND627811AAA,1.4745762711864407,0.8571428571428571,7,59.0
IND627005AAA,IND628801AAA,1.627906976744186,1.0,13,44.0
IND627005AAA,IND629001AAA,2.0142857142857142,1.0,1,70.0
IND627117AAA,IND629001AAA,1.9375,1.0,11,32.0
IND627401AAA,IND627005AAA,2.2162162162162162,1.0,11,36.0
IND627657AAA,IND628613AAA,1.0285714285714285,0.0,13,35.0
IND627756AAA,IND626117AAA,1.6490147783251232,1.0,14,29.0
IND627811AAA,IND627401AAA,1.78125,1.0,7,32.0
IND628204AAA,IND627657AAA,1.2380952380952381,0.7692307692307693,13,41.0
IND628613AAA,IND627005AAA,1.7446808510638299,1.0,11,47.0
IND628801AAA,IND628204AAA,1.4375,1.0,13,16.0
IND629179AAA,IND627005AAA,2.0416666666666665,1.0,11,95.0
IND630002AAA,IND622407AAA,1.4583333333333333,1.0,11,47.0
IND630561AAA,IND623407AAA,1.8125,1.0,12,32.5
IND630561AAA,IND623701AAA,1.411764705882353,1.0,5,39.0
IND631003AAA,IND600056AAB,2.4102564102564106,1.0,6,38.5
IND631102AAA,IND600056AAB,2.0707196029776673,1.0,12,62.0
IND631501AAA,IND600056AAB,48.5,1.0,1,34.0
IND631501AAA,IND631003AAA,2.769230769230769,1.0,6,26.0
IND632006AAA,IND562132AAA,2.0274725274725274,1.0,2,182.0
IND632006AAA,IND600056AAB,1.783132530120482,1.0,17,83.0
IND632006AAA,IND632301AAA,1.952116935483871,1.0,12,32.0
IND632006AAA,IND632402AAA,2.9523809523809526,1.0,8,21.5
IND632006AAA,IND635802AAB,1.3488372093023255,0.6666666666666666,3,44.0
IND632301AAA,IND606803AAA,2.1539473684210524,1.0,10,19.5
IND632402AAA,IND631102AAA,1.52,1.0,11,25.0
IND635001AAA,IND562132AAA,1.7584745762711864,1.0,4,118.0
IND635001AAA,IND636705AAB,1.3942307692307692,1.0,4,52.0
IND635601AAB,IND635802AAB,4.367647058823529,1.0,8,34.0
IND635802AAB,IND562132AAA,1.7587985114300904,1.0,6,168.0
IND635802AAB,IND635601AAB,1.8196864111498259,1.0,8,41.0
IND636005AAA,IND636005AAC,5.083333333333333,1.0,1,12.0
IND636005AAA,IND636016AAA,2.0,1.0,3,9.0
IND636016AAA,IND636402AAA,1.3833333333333333,1.0,1,60.0
IND636016AAA,IND637211AAA,1.4835748792270531,1.0,12,46.0
IND636102AAA,IND605601AAA,1.3523809523809525,1.0,5,105.0
IND636352AAA,IND636705AAB,1.6,1.0,5,25.0
IND636705AAB,IND562132AAA,1.8376623376623376,1.0,5,155.0
IND636705AAB,IND635001AAA,1.433061224489796,0.75,4,50.0
IND637211AAA,IND636402AAA,1.459016393442623,1.0,13,61.0
IND637301AAA,IND638001AAA,1.8529411764705883,1.0,10,18.0
IND637408AAA,IND637001AAA,1.7586206896551726,1.0,10,29.0
IND638001AAA,IND638052AAA,2.1666666666666665,1.0,3,17.0
IND638401AAA,IND638452AAA,1.02,0.3333333333333333,12,25.0
IND638452AAA,IND638501AAB,1.294871794871795,0.5,2,25.0
IND638501AAB,IND641062AAD,1.4303508771929825,0.75,12,75.0
IND638657AAA,IND638701AAA,1.4747126436781608,1.0,12,29.0
IND638701AAA,IND641607AAA,2.227272727272727,1.0,13,23.0
IND639001AAA,IND624001AAA,1.709090909090909,1.0,9,55.0
IND639104AAB,IND620012AAA,1.5,1.0,1,44.0
IND641001AAA,IND641062AAD,4.333333333333333,1.0,3,35.0
IND641006AAD,IND641062AAD,1.5555555555555556,1.0,1,27.0
IND641008AAA,IND641001AAA,2.0588235294117645,1.0,3,12.0
IND641008AAA,IND641011AAA,2.0588235294117645,1.0,1,17.0
IND641011AAA,IND641062AAD,3.857142857142857,1.0,5,35.0
IND641062AAD,IND638401AAA,1.8085106382978724,1.0,11,43.0
IND641062AAD,IND641001AAA,3.2992831541218637,1.0,2,29.0
IND641062AAD,IND641008AAA,3.2,1.0,1,35.0
IND641062AAD,IND641607AAA,1.7000000000000002,1.0,12,30.0
IND641062AAD,IND642126AAA,1.482781582952816,1.0,14,72.0
IND641062AAD,IND643217AAA,2.767123287671233,1.0,1,73.0
IND641062AAD,IND643231AAA,2.5090909090909093,1.0,13,60.0
IND641607AAA,IND641062AAD,2.9065628476084537,1.0,20,29.0
IND641607AAA,IND641654AAA,2.0,1.0,8,16.0
IND641607AAA,IND641664AAA,1.9,1.0,3,20.0
IND641654AAA,IND641664AAA,1.52,1.0,8,25.0
IND641664AAA,IND638657AAA,1.4473684210526316,1.0,11,38.0
IND642001AAA,IND641062AAD,1.619517543859649,1.0,14,57.0
IND642126AAA,IND642001AAA,1.3670745272525027,1.0,14,30.0
IND643001AAA,IND643212AAA,2.5,1.0,6,36.0
IND643212AAA,IND641062AAD,3.2882882882882885,1.0,3,110.0
IND643217AAA,IND643001AAA,0.9591836734693877,0.0,7,49.0
IND643231AAA,IND643217AAA,1.0880541871921183,0.4,10,34.0
IND670645AAB,IND673592AAA,2.598752598752599,1.0,6,37.0
IND671315AAA,IND575004AAB,8.01923076923077,1.0,2,78.0
IND671323AAD,IND000000ACO,1.5625,1.0,1,32.0
IND673027AAB,IND673104AAA,5.523076923076923,1.0,1,65.0
IND673027AAB,IND673305AAA,8.04849688031764,1.0,2,42.0
IND673104AAA,IND673506AAA,1.6875,0.9166666666666666,12,17.0
IND673121AAA,IND670645AAB,2.207157258064516,1.0,8,31.5
IND673305AAA,IND673104AAA,1.266798418972332,0.7,10,22.0
IND673506AAA,IND670643AAA,1.490036231884058,1.0,12,23.5
IND673573AAA,IND673592AAA,1.60193019566367,1.0,12,62.0
IND673592AAA,IND562132AAA,2.07847533632287,1.0,12,224.0
IND673592AAA,IND670645AAB,3.5,1.0,1,38.0
IND673592AAA,IND673121AAA,2.0,1.0,11,17.0
IND673632AAA,IND673104AAA,1.2380952380952381,1.0,1,63.0
IND673632AAA,IND676306AAA,1.105263157894737,0.0,1,19.0
IND673632AAA,IND683511AAA,1.6631101433496642,1.0,2,166.0
IND676306AAA,IND676509AAA,1.6625,1.0,6,19.5
IND676509AAA,IND679322AAA,2.0952380952380953,1.0,3,20.0
IND678683AAA,IND000000ABD,1.2121212121212122,0.5384615384615384,13,34.0
IND679303AAA,IND679531AAA,2.84375,1.0,10,16.0
IND679322AAA,IND673639AAA,2.230769230769231,1.0,1,39.0
IND679329AAA,IND673639AAA,1.619047619047619,1.0,3,21.0
IND679531AAA,IND680587AAA,1.36,1.0,11,25.0
IND680012AAA,IND679303AAA,1.4473975636766334,1.0,8,42.5
IND68004AAA,IND678683AAA,2.419590643274854,1.0,14,37.0
IND68004AAA,IND683511AAA,2.265795206971678,1.0,8,52.0
IND680104AAA,IND679576AAA,1.4705882352941178,0.7692307692307693,13,33.0
IND680307AAA,IND680712AAA,1.7095238095238097,1.0,4,21.0
IND680307AAA,IND683511AAA,1.625,1.0,3,17.0
IND680587AAA,IND68004AAA,1.7896270396270397,1.0,8,43.0
IND680587AAA,IND683511AAA,2.7375,1.0,3,80.0
IND680712AAA,IND683511AAA,1.6842105263157894,1.0,6,39.0
IND683511AAA,IND000000ABA,1.1829810901001112,0.4166666666666667,12,30.0
IND683511AAA,IND000000ADM,1.52,0.8888888888888888,9,25.0
IND683511AAA,IND562132AAA,1.9929906542056075,1.0,9,426.0
IND683511AAA,IND680012AAA,1.4912280701754386,1.0,8,57.0
IND683511AAA,IND68004AAA,1.4,0.9230769230769231,13,48.0
IND683511AAA,IND680104AAA,1.5524691358024691,0.9166666666666666,12,80.0
IND683511AAA,IND686028AAB,1.9873417721518987,1.0,7,79.0
IND683565AAA,IND683511AAA,1.899749373433584,1.0,10,20.0
IND683572AAA,IND680307AAA,1.5897435897435899,0.75,8,11.5
IND685514AAA,IND625008AAA,1.5558823529411763,1.0,6,169.0
IND686028AAB,IND686632AAA,6.095238095238095,1.0,1,21.0
IND686028AAB,IND689101AAA,1.36,0.8181818181818182,11,25.0
IND686507AAA,IND686513AAA,2.375,1.0,11,9.0
IND686507AAA,IND686540AAA,1.6538461538461537,1.0,1,26.0
IND686513AAA,IND686507AAA,2.8,1.0,1,10.0
IND686513AAA,IND686540AAA,2.5142857142857142,1.0,5,36.0
IND686540AAA,IND686028AAB,1.9473684210526316,1.0,1,19.0
IND686632AAA,IND686141AAA,2.5,1.0,1,20.0
IND688009AAA,IND686028AAB,3.5555555555555554,1.0,11,46.0
IND688524AAA,IND683511AAA,2.269230769230769,1.0,7,51.0
IND689101AAA,IND689650AAA,1.0714285714285714,0.0,1,14.0
IND689101AAA,IND690548AAA,1.44,1.0,4,25.0
IND689503AAB,IND683511AAA,2.25,1.0,1,120.0
IND689645AAA,IND691551AAA,1.75,1.0,11,24.0
IND689650AAA,IND690548AAA,1.5609756097560976,1.0,1,41.0
IND690537AAA,IND689503AAB,2.0714285714285716,1.0,1,28.0
IND690548AAA,IND688009AAA,1.21875,0.6,10,32.0
IND691001AAB,IND683511AAA,1.255952380952381,0.8888888888888888,9,168.0
IND691001AAB,IND690573AAA,1.0810810810810811,0.0,1,37.0
IND691001AAB,IND691506AAA,1.4038461538461537,0.9375,16,25.0
IND691001AAB,IND695012AAA,1.34375,1.0,1,64.0
IND691305AAA,IND689645AAA,2.259259259259259,1.0,11,27.0
IND691305AAA,IND691551AAA,4.0,1.0,1,27.0
IND691506AAA,IND691305AAA,1.513157894736842,1.0,16,19.0
IND691551AAA,IND691001AAB,2.431578947368421,1.0,16,40.0
IND691574AAA,IND695614AAA,1.525,1.0,16,20.0
IND695012AAA,IND691001AAB,1.547008547008547,1.0,12,65.0
IND695012AAA,IND695101AAB,2.4230769230769234,1.0,2,26.0
IND695012AAB,IND695012AAA,3.3,1.0,3,14.0
IND695101AAB,IND691574AAA,1.2666666666666666,0.6,15,15.0
IND695101AAB,IND695012AAA,7.064516129032258,1.0,1,31.0
IND695121AAA,IND695572AAB,1.8461538461538463,1.0,13,14.0
IND695541AAA,IND695012AAA,3.1333333333333333,1.0,1,15.0
IND695541AAA,IND695572AAB,1.3181818181818181,1.0,1,22.0
IND695572AAB,IND000000AFJ,1.6923076923076923,1.0,1,26.0
IND695572AAB,IND695541AAA,1.4653679653679654,0.8,10,22.0
IND695582AAA,IND691574AAA,1.6666666666666667,1.0,1,39.0
IND695582AAA,IND695101AAB,1.133399209486166,0.21428571428571427,14,22.0
IND695609AAA,IND695012AAA,1.8452380952380953,1.0,2,36.0
IND695614AAA,IND695609AAA,1.2894736842105263,1.0,2,19.0
IND700026AAC,IND700065AAA,1.5952380952380953,0.5,2,20.0
IND700026AAC,IND712311AAA,5.344771241830065,1.0,4,36.0
IND700028AAB,IND712311AAA,2.9411764705882355,1.0,9,18.0
IND700053AAA,IND700136AAB,2.5517241379310347,1.0,1,29.0
IND700053AAA,IND712311AAA,7.5264367816091955,1.0,6,29.0
IND700053AAA,IND743513AAA,3.0,1.0,4,27.0
IND700065AAA,IND712311AAA,3.7386363636363633,1.0,24,21.5
IND700065AAB,IND712310AAA,5.0,1.0,13,22.0
IND700088AAA,IND712311AAA,2.594827586206897,1.0,6,29.0
IND700136AAG,IND712310AAA,4.234126984126984,1.0,18,19.5
IND711303AAA,IND721134AAB,0.8108108108108109,0.07692307692307693,13,37.0
IND712103AAA,IND712310AAE,3.333333333333333,1.0,18,30.0
IND712124AAA,IND712103AAA,2.888888888888889,1.0,21,11.0
IND712310AAE,IND711303AAA,2.271062271062271,1.0,14,40.5
IND712310AAE,IND711409AAA,1.1875,0.0,1,16.0
IND712310AAE,IND712124AAA,3.7309941520467835,1.0,22,19.0
IND712311AAA,IND000000ACB,1.933649289099526,1.0,9,1055.0
IND712311AAA,IND421302AAG,2.294226899211806,1.0,4,1341.0
IND712311AAA,IND700026AAC,2.5,1.0,29,36.0
IND712311AAA,IND700028AAB,3.3421052631578947,1.0,22,19.0
IND712311AAA,IND700053AAA,2.8,1.0,15,29.0
IND712311AAA,IND700065AAA,3.3636363636363638,1.0,29,22.0
IND712311AAA,IND700088AAA,3.7281609195402297,1.0,24,29.5
IND712311AAA,IND712310AAE,1.6666666666666667,1.0,1,12.0
IND712311AAA,IND712410AAC,4.842105263157895,1.0,5,37.0
IND712311AAA,IND713103AAA,2.1633547632963177,1.0,6,59.0
IND712311AAA,IND713145AAB,2.1666666666666665,1.0,1,72.0
IND712311AAA,IND713205AAB,2.1142857142857143,1.0,9,106.0
IND712311AAA,IND721306AAA,2.094059405940594,1.0,10,101.0
IND712311AAA,IND732103AAB,2.800925925925926,1.0,3,215.0
IND712311AAA,IND742101AAC,2.9466398799010953,1.0,8,152.5
IND712311AAA,IND742102AAB,3.2337662337662336,1.0,3,153.0
IND712311AAA,IND743235AAA,2.6222910216718267,1.0,2,54.0
IND712311AAA,IND751002AAB,1.9387096774193548,1.0,25,311.0
IND712311AAA,IND781018AAB,3.2680760225864205,1.0,6,688.5
IND712311AAA,IND821115AAB,1.6878048780487804,1.0,1,410.0
IND712311AAA,IND826004AAA,1.768419080919081,1.0,4,179.0
IND712311AAA,IND834002AAB,2.3629893238434163,1.0,13,281.0
IND712406AAA,IND712602AAA,2.323529411764706,1.0,1,34.0
IND712406AAA,IND712612AAA,2.577777777777778,1.0,1,45.0
IND712410AAC,IND712406AAA,1.1951219512195121,0.3333333333333333,3,41.0
IND712602AAA,IND712311AAA,5.206896551724138,1.0,1,58.0
IND712602AAA,IND722154AAA,3.0,1.0,1,25.0
IND712612AAA,IND722154AAA,1.4821052631578948,1.0,2,22.0
IND713103AAA,IND713205AAB,2.007300792657489,1.0,4,51.0
IND713128AAB,IND731204AAB,2.844444444444444,1.0,12,18.0
IND713128AAB,IND731301AAA,4.176984126984127,1.0,2,35.5
IND713130AAA,IND741123AAB,2.1015625,1.0,12,64.0
IND713130AAA,IND741126AAB,3.6666666666666665,1.0,1,69.0
IND713145AAB,IND741316AAA,1.391304347826087,1.0,1,23.0
IND713148AAA,IND713128AAB,2.6944444444444446,1.0,12,35.0
IND713205AAB,IND712311AAA,8.095238095238095,1.0,9,105.0
IND713205AAB,IND713148AAA,4.444444444444445,1.0,3,18.0
IND713205AAB,IND713303AAA,2.6538461538461537,1.0,5,27.0
IND713205AAB,IND722101AAA,3.306122448979592,1.0,1,49.0
IND713205AAB,IND722101AAB,5.62,1.0,1,50.0
IND713205AAB,IND722101AAC,2.607843137254902,1.0,5,51.0
IND713205AAB,IND722143AAB,3.58,1.0,8,25.0
IND713205AAB,IND722202AAA,4.055555555555555,1.0,3,19.0
IND713205AAB,IND723130AAA,3.316391275611368,1.0,2,87.0
IND713205AAB,IND723133AAA,2.591549295774648,1.0,1,71.0
IND713303AAA,IND713364AAB,4.166666666666666,1.0,6,18.0
IND713364AAB,IND712311AAA,4.424325434871935,1.0,12,146.0
IND721102AAA,IND712311AAA,8.26086956521739,1.0,9,92.0
IND721133AAA,IND721434AAB,2.9147633234028465,1.0,2,55.0
IND721134AAB,IND712310AAE,3.0408163265306123,1.0,1,49.0
IND721134AAB,IND721139AAC,1.6125,0.9166666666666666,12,16.0
IND721139AAC,IND721602AAB,2.827966101694915,1.0,2,59.5
IND721139AAC,IND721636AAB,2.857142857142857,1.0,1,35.0
IND721212AAA,IND712310AAE,2.037037037037037,1.0,7,57.0
IND721253AAC,IND721306AAA,2.380952380952381,1.0,10,42.0
IND721253AAC,IND721501AAC,1.7849462365591398,1.0,1,93.0
IND721306AAA,IND721102AAA,1.9444444444444444,1.0,4,18.0
IND721306AAA,IND721133AAA,2.167763157894737,1.0,2,17.5
IND721306AAA,IND721253AAC,3.238095238095238,1.0,1,42.0
IND721306AAA,IND721507AAA,2.261121856866538,1.0,12,43.5
IND721401AAA,IND721306AAA,1.9301957831325303,1.0,2,81.5
IND721434AAB,IND721401AAA,2.4699999999999998,1.0,2,50.0
IND721501AAC,IND721253AAC,1.858695652173913,1.0,5,92.0
IND721501AAC,IND721306AAA,1.9090909090909092,1.0,1,88.0
IND721602AAB,IND721139AAC,1.8271505376344086,1.0,4,60.0
IND721636AAB,IND721602AAB,1.75,1.0,3,28.0
IND722101AAA,IND722122AAA,1.9444444444444444,1.0,7,21.0
IND722122AAA,IND713205AAB,1.8857142857142857,1.0,7,70.0
IND722140AAA,IND722151AAA,1.104978354978355,0.3333333333333333,6,42.0
IND722143AAB,IND723133AAA,1.411764705882353,1.0,9,52.0
IND722151AAA,IND723130AAA,13.457142857142857,1.0,5,69.0
IND722154AAA,IND712311AAA,5.162790697674419,1.0,1,86.0
IND722154AAA,IND712602AAA,2.0714285714285716,1.0,1,28.0
IND722202AAA,IND713205AAB,2.7058823529411766,1.0,1,17.0
IND722202AAA,IND722101AAC,1.5517241379310345,1.0,3,29.0
IND723101AAA,IND723202AAA,1.8461538461538463,1.0,13,39.0
IND723130AAA,IND723101AAA,2.333333333333333,1.0,14,21.0
IND723130AAA,IND723131AAA,1.2000000000000002,0.5,4,49.5
IND723131AAA,IND722140AAA,1.333165322580645,1.0,8,31.0
IND723133AAA,IND723130AAA,1.3333333333333333,0.5833333333333334,12,45.0
IND723202AAA,IND713205AAB,2.2275862068965515,1.0,13,145.0
IND731204AAB,IND731301AAA,2.364285714285714,1.0,12,21.0
IND731224AAA,IND742147AAA,2.221774193548387,1.0,10,31.0
IND731237AAB,IND731224AAA,3.238095238095238,1.0,11,20.0
IND731301AAA,IND713205AAB,1.8714285714285714,1.0,14,71.0
IND732103AAA,IND732138AAA,2.8513513513513513,1.0,2,37.0
IND732103AAB,IND732202AAA,4.194444444444445,1.0,4,18.0
IND732103AAB,IND733128AAA,1.976328502415459,1.0,2,45.5
IND732138AAA,IND733102AAA,2.0600358422939067,1.0,2,62.5
IND732138AAA,IND733124AAA,2.0277777777777777,1.0,3,36.0
IND732138AAA,IND733140AAA,2.500598086124402,1.0,2,41.0
IND732139AAA,IND732123AAC,1.3157894736842106,1.0,1,19.0
IND732202AAA,IND732204AAB,2.933333333333333,1.0,7,15.0
IND732204AAB,IND732139AAA,0.6440677966101694,0.0,5,58.0
IND733128AAA,IND733129AAB,2.533333333333333,1.0,1,45.0
IND733128AAA,IND733134AAA,1.9025974025974026,1.0,2,21.5
IND733129AAA,IND732103AAB,3.7906976744186047,1.0,3,43.0
IND733129AAB,IND733129AAA,2.0,1.0,3,23.0
IND733134AAA,IND733129AAB,1.5238095238095237,1.0,1,21.0
IND733140AAA,IND732103AAA,2.8545454545454545,1.0,1,55.0
IND733140AAA,IND733102AAA,2.024166666666667,1.0,6,25.0
IND733201AAA,IND733202AAB,2.0,1.0,1,42.0
IND733202AAB,IND733210AAA,1.3225806451612903,1.0,1,31.0
IND734214AAB,IND000000AFF,3.1794871794871793,1.0,3,36.0
IND735224AAA,IND736146AAA,1.4732142857142856,1.0,8,49.0
IND736135AAA,IND736101AAA,2.0890269151138714,1.0,6,23.0
IND736135AAA,IND736165AAA,2.5526315789473686,1.0,5,37.0
IND736146AAA,IND736135AAA,1.631578947368421,1.0,8,57.0
IND741123AAB,IND741126AAB,2.375,1.0,13,32.0
IND741126AAB,IND741156AAA,2.588235294117647,1.0,15,17.0
IND741156AAA,IND742101AAC,2.6875,1.0,8,32.0
IND741156AAA,IND742102AAB,3.3025568181818183,1.0,8,32.5
IND741165AAB,IND742121AAB,1.391304347826087,0.9090909090909091,11,69.0
IND741201AAC,IND712311AAA,15.842105263157894,1.0,2,57.0
IND742101AAC,IND712311AAA,2.919254658385093,1.0,7,160.0
IND742101AAC,IND713130AAA,1.684782608695652,1.0,3,88.0
IND742101AAC,IND731237AAB,2.6333333333333333,1.0,7,30.0
IND742101AAC,IND741123AAB,2.3333333333333335,1.0,1,120.0
IND742101AAC,IND742202AAA,2.566666666666667,1.0,1,60.0
IND742101AAC,IND742303AAB,2.5,1.0,7,29.0
IND742102AAB,IND712311AAA,2.59375,1.0,4,160.0
IND742102AAB,IND713130AAA,2.217034521788342,1.0,8,93.0
IND742102AAB,IND731237AAB,2.838709677419355,1.0,7,30.0
IND742102AAB,IND742303AAB,2.0535714285714284,1.0,8,28.5
IND742121AAA,IND742101AAC,3.6818181818181817,1.0,6,22.0
IND742121AAA,IND742102AAB,3.4705882352941178,1.0,7,22.0
IND742121AAB,IND742101AAC,3.388888888888889,1.0,1,36.0
IND742121AAB,IND742121AAA,3.3076923076923075,1.0,11,13.0
IND742137AAA,IND742401AAA,2.2333333333333334,1.0,3,29.0
IND742147AAA,IND742137AAA,1.8333333333333333,1.0,3,18.0
IND742148AAA,IND742225AAA,4.196428571428571,1.0,12,14.0
IND742149AAA,IND742148AAA,2.8095238095238093,1.0,11,18.0
IND742149AAA,IND742225AAA,4.1,1.0,1,40.0
IND742202AAA,IND712311AAA,2.9034383777277077,1.0,2,180.0
IND742202AAA,IND732103AAA,4.722222222222222,1.0,1,36.0
IND742223AAA,IND742226AAA,1.5568181818181817,0.8333333333333334,12,44.5
IND742225AAA,IND742223AAA,4.555555555555555,1.0,11,9.0
IND742226AAA,IND742101AAC,2.0945945945945947,1.0,6,36.5
IND742226AAA,IND742102AAB,1.8078078078078077,1.0,8,36.0
IND742303AAB,IND741165AAB,3.2196969696969697,1.0,14,23.0
IND742401AAA,IND742101AAC,3.0677966101694913,1.0,5,66.0
IND742401AAA,IND742102AAB,3.0606060606060606,1.0,7,66.0
IND743235AAA,IND743270AAA,2.1944444444444446,1.0,2,18.0
IND743270AAA,IND712311AAA,14.842105263157896,1.0,1,76.0
IND743347AAA,IND700053AAA,3.817460317460317,1.0,4,63.0
IND743513AAA,IND743347AAA,1.9583333333333335,1.0,8,36.0
IND751002AAB,IND530012AAA,1.6707648776925885,1.0,10,332.0
IND751002AAB,IND562132AAA,2.262511803588291,1.0,11,1058.0
IND751002AAB,IND712311AAA,2.0387669942118727,1.0,22,322.0
IND751002AAB,IND754103AAA,10.703832752613241,1.0,6,42.0
IND751002AAB,IND756100AAC,1.8296703296703296,1.0,12,87.0
IND751002AAB,IND760003AAB,1.9926470588235294,1.0,9,135.0
IND751014AAA,IND751002AAB,3.0,1.0,5,7.0
IND751015AAA,IND751002AAB,2.0,1.0,4,7.0
IND751015AAA,IND752050AAA,1.6363636363636365,1.0,1,11.0
IND751015AAA,IND752055AAA,2.0,1.0,1,22.0
IND751015AAA,IND752056AAA,2.283625730994152,1.0,4,17.5
IND751021AAA,IND751002AAB,3.2,1.0,1,10.0
IND752050AAA,IND751002AAB,1.9523809523809523,1.0,1,21.0
IND752050AAA,IND752056AAA,2.3333333333333335,1.0,1,6.0
IND752055AAA,IND751002AAB,1.9230769230769231,1.0,1,26.0
IND752056AAA,IND751002AAB,1.894736842105263,1.0,1,19.0
IND754022AAA,IND751002AAB,2.2413273001508296,1.0,2,51.5
IND754103AAA,IND754142AAA,2.185185185185185,1.0,1,54.0
IND754142AAA,IND754211AAA,3.68,1.0,1,25.0
IND756019AAA,IND756032AAA,1.5277777777777777,1.0,1,36.0
IND756019AAA,IND757001AAA,2.608695652173913,1.0,1,46.0
IND756019AAA,IND757025AAA,2.166666666666667,1.0,6,19.5
IND756019AAA,IND757041AAA,1.140625,0.0,1,64.0
IND756032AAA,IND712311AAA,2.5028050108932463,1.0,8,137.0
IND756045AAB,IND756019AAA,1.6875,1.0,1,16.0
IND756100AAC,IND756045AAB,1.1627906976744187,0.0,1,43.0
IND756100AAC,IND757037AAA,1.6638655462184875,1.0,1,119.0
IND756100AAC,IND758001AAA,2.8660714285714284,1.0,3,115.0
IND756100AAC,IND758034AAA,2.290909090909091,1.0,9,162.0
IND757001AAA,IND757041AAA,1.9130434782608696,1.0,1,46.0
IND757025AAA,IND757001AAA,2.408496732026144,1.0,4,17.0
IND757037AAA,IND756100AAC,2.7563025210084033,1.0,7,118.0
IND757037AAA,IND758001AAA,1.880952380952381,1.0,1,42.0
IND757041AAA,IND756019AAA,1.4724137931034482,1.0,2,54.0
IND757041AAA,IND757001AAA,1.7619047619047619,1.0,1,42.0
IND758001AAA,IND758035AAA,1.9951923076923077,1.0,2,50.0
IND758034AAA,IND756100AAC,2.0552147239263805,1.0,1,163.0
IND758034AAA,IND757037AAA,1.9222222222222223,1.0,1,90.0
IND758035AAA,IND758001AAA,1.7142857142857142,1.0,1,49.0
IND760003AAB,IND754022AAA,2.76,1.0,1,75.0
IND760003AAB,IND761020AAA,2.5,1.0,1,14.0
IND761200AAA,IND532001AAB,2.1153846153846154,1.0,9,50.0
IND764001AAC,IND764059AAA,2.533333333333333,1.0,7,31.0
IND764020AAC,IND764001AAC,2.25,1.0,1,12.0
IND764059AAA,IND764071AAB,1.8888888888888888,1.0,3,9.0
IND764071AAB,IND530012AAA,2.216326530612245,1.0,1,245.0
IND764071AAB,IND764073AAA,1.6950757575757576,1.0,2,32.5
IND767001AAA,IND767017AAA,2.1714285714285713,1.0,1,35.0
IND767017AAA,IND768004AAD,2.278481012658228,1.0,1,79.0
IND768004AAD,IND768028AAA,2.8275862068965516,1.0,1,29.0
IND768028AAB,IND767001AAA,0.9802631578947368,0.0,1,152.0
IND768216AAA,IND770001AAA,2.1457983193277315,1.0,2,34.5
IND770001AAA,IND770017AAB,1.4838709677419355,1.0,3,62.0
IND781001AAA,IND781018AAB,2.72972972972973,0.6,5,37.0
IND781003AAA,IND781018AAB,3.108108108108108,1.0,3,37.0
IND781005AAA,IND781018AAB,1.4722222222222223,0.8571428571428571,7,36.0
IND781014AAA,IND781102AAA,2.3529411764705883,1.0,3,18.0
IND781014AAA,IND781124AAA,2.0434782608695654,1.0,5,23.0
IND781018AAA,IND781018AAB,1.0629084967320261,0.5,2,35.0
IND781018AAB,IND110037AAM,2.5474475216208523,1.0,14,1323.0
IND781018AAB,IND712311AAA,2.9844961240310077,1.0,5,645.0
IND781018AAB,IND781003AAA,0.975609756097561,0.3333333333333333,3,41.0
IND781018AAB,IND781005AAA,1.8048780487804879,0.6,5,40.0
IND781018AAB,IND781022AAA,1.0953453453453452,0.375,8,37.0
IND781018AAB,IND781354AAA,1.7037037037037037,1.0,8,54.0
IND781018AAB,IND784001AAA,2.162991346053592,1.0,4,138.5
IND781018AAB,IND784125AAA,1.7153846153846155,1.0,4,65.0
IND781018AAB,IND784168AAB,2.28125,1.0,1,224.0
IND781018AAB,IND785001AAA,2.2180984933510186,1.0,2,242.5
IND781018AAB,IND785612AAB,2.5566878139043085,1.0,2,194.5
IND781018AAB,IND785621AAA,1.9437229437229437,1.0,1,231.0
IND781018AAB,IND788026AAC,2.7214859437751002,1.0,12,249.0
IND781018AAB,IND793001AAA,2.0251020408163267,1.0,10,99.5
IND781022AAA,IND781018AAB,1.1294117647058823,0.4,10,34.0
IND781102AAA,IND781018AAB,4.345588235294118,1.0,2,35.0
IND781124AAA,IND781018AAB,5.161290322580646,1.0,4,30.5
IND781335AAA,IND000000AET,1.8025490196078433,1.0,4,51.0
IND781354AAA,IND781335AAA,3.1333333333333333,1.0,2,15.0
IND783129AAA,IND794101AAA,2.225806451612903,1.0,1,62.0
IND783301AAA,IND783348AAA,1.9090909090909092,1.0,11,33.0
IND783348AAA,IND783129AAA,1.9545454545454546,1.0,10,43.5
IND783370AAB,IND783301AAA,2.127659574468085,1.0,2,47.0
IND783370AAC,IND783301AAA,2.65625,1.0,8,48.0
IND784001AAA,IND784101AAA,7.125,1.0,1,16.0
IND784001AAA,IND784168AAB,2.053763440860215,1.0,1,93.0
IND784001AAA,IND790114AAA,2.8627450980392157,1.0,1,51.0
IND784001AAA,IND791111AAC,2.3949579831932772,1.0,3,119.0
IND784101AAA,IND790114AAA,1.28125,1.0,1,32.0
IND784110AAA,IND781018AAB,1.7481481481481482,1.0,1,135.0
IND784110AAA,IND784001AAA,2.8600000000000003,1.0,2,25.0
IND784125AAA,IND784110AAA,2.5833333333333335,1.0,3,49.0
IND784168AAB,IND784176AAA,2.5272938443670148,1.0,6,41.0
IND784168AAB,IND791111AAC,3.4400000000000004,1.0,2,25.0
IND784176AAA,IND781018AAB,2.337814610190301,1.0,4,180.0
IND785001AAA,IND785112AAC,2.111111111111111,1.0,3,19.0
IND785001AAA,IND785682AAA,2.0238095238095237,1.0,11,46.0
IND785001AAA,IND798601AAA,4.135135135135135,1.0,1,74.0
IND785112AAC,IND785001AAA,15.085526315789474,1.0,2,19.5
IND785112AAC,IND785634AAA,3.2195402298850575,1.0,2,29.5
IND785612AAB,IND781018AAB,2.144578313253012,1.0,1,166.0
IND785612AAB,IND785621AAA,1.6944444444444444,1.0,1,36.0
IND785621AAA,IND785001AAA,1.5909090909090908,1.0,3,44.0
IND785634AAA,IND785001AAA,31.2,1.0,3,16.0
IND785675AAA,IND785612AAB,2.190082644628099,1.0,1,121.0
IND785682AAA,IND785690AAB,4.352941176470588,1.0,1,34.0
IND785682AAA,IND786001AAB,2.1179315476190474,1.0,10,63.0
IND785690AAB,IND785682AAA,4.327272727272727,1.0,12,33.0
IND786001AAB,IND785675AAA,3.2142857142857144,1.0,3,28.0
IND786001AAB,IND786125AAA,2.2758620689655173,1.0,1,29.0
IND786001AAB,IND786171AAA,3.083333333333333,1.0,10,50.0
IND786001AAB,IND786184AAA,2.3296703296703294,1.0,8,13.5
IND786001AAB,IND786602AAA,1.5647058823529412,1.0,12,35.0
IND786125AAA,IND786190AAA,2.947916666666667,1.0,6,15.5
IND786171AAA,IND786181AAC,2.375,1.0,8,8.5
IND786181AAC,IND786001AAB,2.958333333333333,1.0,10,60.0
IND786181AAC,IND792120AAB,5.163602941176471,1.0,8,32.5
IND786181AAC,IND792121AAB,3.1724137931034484,1.0,9,29.0
IND786184AAA,IND786125AAA,2.8666666666666667,1.0,4,14.5
IND786184AAA,IND786190AAA,2.0,1.0,1,26.0
IND786190AAA,IND786001AAB,2.4523809523809526,1.0,1,42.0
IND786190AAA,IND792103AAB,2.2147937411095304,1.0,8,36.5
IND787001AAA,IND787057AAA,2.7429787234042555,1.0,8,47.0
IND787057AAA,IND787059AAB,2.12,1.0,10,24.5
IND787059AAB,IND791102AAA,2.7183098591549295,1.0,1,71.0
IND788026AAC,IND781018AAB,2.3696248408267215,1.0,18,245.5
IND788026AAC,IND788121AAA,4.046428571428572,1.0,2,20.5
IND788026AAC,IND788151AAA,2.5454545454545454,1.0,13,22.0
IND788026AAC,IND799250AAA,4.2,1.0,1,80.0
IND788121AAA,IND796081AAA,3.5,1.0,3,50.0
IND788151AAA,IND788713AAA,2.6901270772238517,1.0,12,32.5
IND788151AAA,IND788806AAA,2.611111111111111,1.0,1,18.0
IND788713AAA,IND788026AAC,12.033333333333333,1.0,1,30.0
IND788713AAA,IND788806AAA,2.9230769230769234,1.0,10,13.0
IND788806AAA,IND788026AAC,3.75,1.0,9,16.0
IND788806AAA,IND788713AAA,4.230769230769231,1.0,1,13.0
IND790001AAB,IND784001AAA,7.05,1.0,1,120.0
IND791102AAA,IND784168AAB,2.8217821782178216,1.0,1,202.0
IND791109AAA,IND787001AAA,3.5757575757575757,1.0,1,33.0
IND791110AAA,IND787001AAA,3.5294117647058822,1.0,1,34.0
IND791125AAB,IND791102AAA,1.9503858024691358,1.0,4,80.5
IND792001AAA,IND786001AAB,2.4473684210526314,1.0,1,114.0
IND792001AAA,IND792110AAA,1.5697674418604652,1.0,2,43.0
IND792103AAB,IND792001AAA,0.6666666666666666,0.0,7,94.0
IND792110AAA,IND786001AAB,2.505098039215686,1.0,2,101.0
IND792120AAB,IND786181AAC,2.9726166328600403,1.0,2,31.5
IND792121AAB,IND786181AAC,28.903225806451612,1.0,9,29.0
IND792130AAB,IND786001AAB,2.85748055513192,1.0,10,84.5
IND793001AAA,IND781018AAB,2.0916030534351147,1.0,1,131.0
IND793001AAA,IND793150AAA,2.3171497584541063,1.0,2,45.5
IND793150AAA,IND781018AAB,1.9562043795620438,1.0,1,137.0
IND794101AAA,IND781018AAB,2.408805031446541,1.0,9,159.0
IND796009AAA,IND796321AAB,4.950381679389313,1.0,4,131.0
IND796081AAA,IND788026AAC,2.638888888888889,1.0,1,72.0
IND796321AAB,IND796009AAA,4.046875,1.0,3,131.0
IND798601AAA,IND785001AAA,3.843643198906357,1.0,4,76.5
IND799250AAA,IND799008AAA,2.725806451612903,1.0,1,124.0
IND801103AAA,IND802301AAA,2.6666666666666665,1.0,11,16.0
IND802101AAA,IND802119AAA,2.5384615384615383,1.0,11,13.0
IND802101AAA,IND802158AAB,2.76,1.0,1,50.0
IND802119AAA,IND802158AAB,1.864864864864865,1.0,13,37.0
IND802158AAB,IND821115AAB,2.3570031298904537,1.0,8,71.0
IND802212AAA,IND821115AAB,23.892857142857142,1.0,6,41.5
IND802213AAB,IND802212AAA,3.5,1.0,5,17.0
IND802301AAA,IND804401AAA,2.333091436865022,1.0,10,52.5
IND803101AAA,IND805110AAD,2.260869565217391,1.0,9,23.0
IND803116AAA,IND803108AAB,2.2285714285714286,1.0,13,33.0
IND803213AAA,IND803212AAB,3.1445035460992905,1.0,2,47.5
IND803213AAA,IND811105AAA,1.8043478260869565,1.0,3,46.0
IND804420AAA,IND803101AAA,2.8421052631578947,1.0,11,39.0
IND804452AAA,IND804420AAA,2.962121212121212,1.0,6,11.5
IND805110AAD,IND803116AAA,2.3333333333333335,1.0,9,21.0
IND811105AAA,IND803212AAB,2.7136479591836737,1.0,2,48.5
IND811201AAB,IND813213AAA,3.92,1.0,1,25.0
IND811399AAA,IND110044AAB,3.3684210526315788,1.0,34,16.0
IND811399AAA,IND209304AAA,1.6573208722741433,1.0,7,322.0
IND812002AAA,IND813203AAA,4.1521739130434785,1.0,14,23.0
IND813102AAA,IND812002AAA,2.15,1.0,13,40.0
IND813102AAA,IND813203AAA,3.7419354838709675,1.0,1,62.0
IND814101AAB,IND816107AAA,1.4883720930232558,1.0,7,87.0
IND814112AAA,IND814133AAA,2.273652882205514,1.0,2,56.5
IND814112AAA,IND814133AAB,2.558373205741627,1.0,6,55.5
IND814133AAA,IND816109AAA,2.4375,1.0,1,64.0
IND814133AAB,IND816109AAA,2.578125,1.0,11,64.0
IND815301AAA,IND814112AAA,1.9830508474576272,1.0,1,59.0
IND815301AAA,IND814133AAB,2.4224137931034484,1.0,3,115.0
IND815301AAA,IND815353AAA,1.6111111111111112,1.0,1,36.0
IND815351AAA,IND814101AAB,1.092783505154639,0.25,8,97.0
IND815353AAA,IND814112AAA,1.2564102564102564,1.0,2,39.0
IND815353AAA,IND814133AAB,1.9193548387096775,1.0,4,93.0
IND815353AAA,IND826004AAA,1.5529411764705883,1.0,1,85.0
IND816107AAA,IND826004AAA,1.9744897959183674,1.0,7,196.0
IND816109AAA,IND826004AAA,2.0042194092827006,1.0,9,236.0
IND821109AAA,IND802213AAB,5.03030303030303,1.0,9,32.0
IND821115AAB,IND000000ACB,2.0834621329211744,1.0,7,647.0
IND821115AAB,IND209304AAA,1.9598765432098766,1.0,7,324.0
IND821115AAB,IND802101AAA,2.2156756756756755,1.0,6,76.0
IND821115AAB,IND821109AAA,2.325,1.0,5,40.0
IND821115AAB,IND824101AAA,2.0,1.0,1,29.0
IND821307AAA,IND824101AAA,2.0952380952380953,1.0,5,20.0
IND824101AAA,IND821115AAB,2.030952380952381,1.0,4,31.5
IND824101AAA,IND821307AAA,1.9545454545454546,1.0,3,22.0
IND825102AAA,IND827013AAA,2.12,1.0,1,25.0
IND825301AAA,IND825409AAA,2.7089285714285714,1.0,10,41.0
IND825409AAA,IND000000ACB,1.958602637672405,1.0,10,772.5
IND826001AAC,IND828111AAA,2.5555555555555554,1.0,2,9.0
IND826004AAA,IND209304AAA,1.743006993006993,1.0,3,572.0
IND826004AAA,IND814112AAA,1.7565217391304349,1.0,3,115.0
IND826004AAA,IND815301AAA,1.627659574468085,1.0,2,47.0
IND826004AAA,IND815351AAA,3.4722222222222223,1.0,6,38.0
IND826004AAA,IND815353AAA,1.7992801771871538,1.0,2,85.0
IND826004AAA,IND821115AAB,1.6932270916334662,1.0,1,251.0
IND826004AAA,IND828401AAB,1.025,0.0,1,40.0
IND827013AAA,IND829121AAA,2.189655172413793,1.0,2,28.0
IND828111AAA,IND826004AAA,10.791666666666668,1.0,4,12.0
IND828401AAB,IND826004AAA,2.678571428571429,1.0,6,21.5
IND829121AAA,IND834002AAB,7.232462877624168,1.0,6,62.0
IND829122AAA,IND825301AAA,1.6666666666666667,1.0,9,36.0
IND832109AAB,IND834002AAB,2.5632183908045976,1.0,17,87.0
IND834002AAB,IND000000ACB,1.9366197183098592,1.0,9,852.0
IND834002AAB,IND825102AAA,2.688888888888889,1.0,1,90.0
IND834002AAB,IND826004AAA,2.4126984126984126,1.0,16,127.0
IND834002AAB,IND827013AAA,4.377777777777778,1.0,15,89.0
IND834002AAB,IND829122AAA,2.4375,1.0,9,32.0
IND834002AAB,IND832109AAB,2.310344827586207,1.0,11,87.0
IND841101AAA,IND841207AAB,2.611111111111111,1.0,3,15.0
IND841226AAB,IND841428AAA,2.553030303030303,1.0,2,23.0
IND841301AAC,IND841226AAB,2.0,1.0,1,48.0
IND841405AAA,IND841301AAC,2.0697674418604652,1.0,1,86.0
IND841424AAA,IND841226AAB,2.3488372093023258,1.0,3,44.0
IND841424AAA,IND841428AAA,3.5727882327492972,1.0,6,69.0
IND842001AAA,IND843105AAB,3.0,1.0,15,16.0
IND842001AAA,IND843109AAB,3.6,1.0,11,10.0
IND842001AAA,IND843126AAA,3.0,1.0,3,18.0
IND842001AAA,IND843301AAA,3.717853839037928,1.0,6,46.5
IND842001AAA,IND843320AAA,6.521739130434782,1.0,1,46.0
IND842001AAA,IND843329AAB,1.3793103448275863,1.0,8,58.0
IND842001AAA,IND845401AAA,2.1577868852459017,1.0,4,60.5
IND842001AAA,IND845412AAB,2.342857142857143,1.0,12,34.0
IND842001AAA,IND845418AAB,1.93125,1.0,8,80.0
IND842001AAA,IND845438AAA,2.5907787864309606,1.0,4,91.5
IND842001AAA,IND846004AAA,2.2448979591836733,1.0,17,50.0
IND842001AAA,IND847212AAA,2.2054794520547945,1.0,17,73.0
IND842001AAA,IND848101AAA,3.891891891891892,1.0,1,37.0
IND842001AAA,IND848114AAA,2.299107142857143,1.0,16,48.0
IND842001AAA,IND854326AAB,1.8709803921568628,1.0,14,201.5
IND842003AAB,IND480661AAA,2.0720720720720722,1.0,1,111.0
IND842003AAB,IND480886AAA,2.212121212121212,1.0,7,66.0
IND842003AAB,IND482002AAA,18.125,1.0,3,8.0
IND842003AAB,IND483225AAA,2.702651515151515,1.0,2,23.0
IND842003AAB,IND483501AAA,2.6551724137931036,1.0,9,58.0
IND842003AAB,IND484661AAE,1.824074074074074,1.0,2,108.0
IND842003AAB,IND487001AAA,1.9746835443037976,1.0,1,79.0
IND842003AAB,IND487001AAB,1.8181818181818181,1.0,3,78.0
IND843105AAB,IND848101AAA,2.0,1.0,15,20.0
IND843109AAB,IND842001AAA,2.65,1.0,2,10.0
IND843109AAB,IND843126AAA,1.0692640692640691,0.3333333333333333,6,42.5
IND843126AAA,IND842001AAA,2.5,1.0,7,18.0
IND843126AAA,IND843109AAB,2.1346153846153846,1.0,2,26.0
IND843301AAA,IND843320AAA,2.64,1.0,15,25.0
IND843320AAA,IND847223AAA,2.15,1.0,7,20.0
IND843329AAB,IND843301AAA,3.1315789473684212,1.0,8,19.0
IND844101AAB,IND841207AAB,2.611111111111111,1.0,1,18.0
IND844505AAB,IND842001AAA,12.139615384615386,1.0,12,52.0
IND845305AAA,IND842001AAA,2.732982673267327,1.0,16,89.0
IND845401AAA,IND845305AAA,2.6,1.0,17,36.0
IND845412AAB,IND845401AAA,1.8874643874643875,0.8333333333333334,12,26.0
IND845418AAB,IND842001AAA,3.318840579710145,1.0,1,69.0
IND845418AAB,IND845438AAA,2.1315789473684212,1.0,8,57.0
IND845438AAA,IND845455AAB,2.0606060606060606,1.0,13,32.0
IND845455AAB,IND842001AAA,2.4881889763779528,1.0,13,126.0
IND845455AAB,IND845418AAB,2.1242753623188406,1.0,2,91.0
IND846004AAA,IND847103AAA,1.7916666666666667,1.0,16,24.0
IND846004AAA,IND847404AAB,4.466666666666667,1.0,1,30.0
IND847103AAA,IND847404AAB,1.9848484848484849,1.0,14,33.0
IND847212AAA,IND847226AAA,1.7817460317460316,1.0,16,27.0
IND847223AAA,IND842001AAA,10.561538461538461,1.0,10,65.0
IND847226AAA,IND842001AAA,9.053571428571429,1.0,16,84.0
IND847404AAB,IND842001AAA,8.597142857142856,1.0,14,76.0
IND848101AAA,IND844505AAB,3.0555555555555554,1.0,12,18.0
IND848114AAA,IND848210AAA,1.7083333333333333,1.0,17,24.0
IND848210AAA,IND842001AAA,4.088235294117647,1.0,1,68.0
IND848210AAA,IND851127AAA,1.8461538461538463,0.9333333333333333,15,26.0
IND851127AAA,IND842001AAA,4.333333333333333,1.0,14,96.0
IND851127AAA,IND851112AAB,2.269230769230769,1.0,4,26.0
IND852111AAA,IND852118AAA,2.057142857142857,1.0,1,35.0
IND852111AAA,IND854311AAA,2.8461538461538463,1.0,1,52.0
IND852111AAA,IND854326AAB,4.0843373493975905,1.0,13,83.0
IND852111AAA,IND854335AAA,1.5,1.0,1,16.0
IND852113AAA,IND852139AAB,3.0416666666666665,1.0,15,24.0
IND852113AAA,IND852201AAA,3.9411764705882355,1.0,1,17.0
IND852118AAA,IND852111AAA,3.7,1.0,1,30.0
IND852118AAA,IND854326AAB,2.4705882352941178,1.0,1,51.0
IND852131AAA,IND852139AAB,3.380952380952381,1.0,1,21.0
IND852131AAA,IND852201AAA,2.8484848484848486,1.0,7,33.0
IND852139AAB,IND854326AAB,3.1710526315789473,1.0,17,75.0
IND852201AAA,IND852113AAA,3.514705882352941,1.0,14,17.0
IND852201AAA,IND852131AAA,2.375,1.0,1,32.0
IND853204AAA,IND851204AAA,2.0434782608695654,1.0,11,46.0
IND854105AAA,IND853204AAA,2.4876923076923076,1.0,2,51.0
IND854105AAB,IND851204AAA,2.3917693169092944,1.0,4,95.0
IND854105AAB,IND853204AAA,3.020408163265306,1.0,5,49.0
IND854311AAA,IND852118A1B,3.592948717948718,1.0,2,25.0
IND854311AAA,IND854326AAB,6.34375,1.0,1,32.0
IND854311AAA,IND854334AAA,1.7777777777777777,1.0,7,19.0
IND854326AAB,IND000000ACB,2.2497308934338,1.0,14,929.5
IND854326AAB,IND852113AAA,3.074626865671642,1.0,1,67.0
IND854326AAB,IND852131AAA,2.363157894736842,1.0,8,95.0
IND854326AAB,IND852201AAA,4.814814814814815,1.0,3,81.0
IND854326AAB,IND854105AAA,4.854166666666666,1.0,2,17.0
IND854326AAB,IND854105AAB,2.65,1.0,11,20.0
IND854326AAB,IND854311AAA,1.755926724137931,1.0,16,31.0
IND854326AAB,IND854334AAA,3.5625,1.0,1,48.0
IND854334AAA,IND852118A1B,1.2564935064935066,0.75,4,21.5
IND854334AAA,IND852118AAA,1.3333333333333333,1.0,7,21.0
IND854334AAA,IND854335AAA,1.3459051724137931,1.0,2,30.5
IND854335AAA,IND852111AAA,2.25,1.0,13,20.0
IND854335AAA,IND852118A1B,2.2222222222222223,1.0,1,18.0
IND854335AAA,IND854326AAB,3.262295081967213,1.0,1,61.0
