node,betweenness,pagerank,in_degree,out_degree,clustering,sla_breach_contribution,emb_0,emb_1,emb_2,emb_3,emb_4,emb_5,emb_6,emb_7
IND000000AAL,0.0,0.0005055073716175325,1,1,0.0,29.0,-0.007600193423272792,42.93193467756181,-18.48810166458065,-1.1072870887590722,-27.834471375996312,7.753699253353842,5.34716306774665,-0.0180274619592458
IND411033AAA,0.0388306934674611,0.006242017484767769,22,19,0.06349206349206349,615.0,-0.051520503451652266,398.31486299480366,-164.08125375534604,-9.171715442694829,-227.61288425562634,65.20408546472906,52.55156685851082,-1.4801780393810349
IND000000AAS,0.004546359676415682,0.0005320076969202133,1,1,0.0,17.0,0.00026508856707834773,0.18423280368588185,-0.005219615794402964,0.0009593948557776353,0.16438113944973592,-0.33570903807848207,0.055261004324543714,-0.12836742992987554
IND783370AAC,0.004162650129131942,0.0005809647948163091,1,1,0.0,17.0,0.00039627973274144676,0.3284227440102637,-0.008827153836047479,7.032547972629568e-05,0.28265937819023623,-0.5480723438863735,0.08433389246845244,-0.20925241006673548
IND000000AAZ,0.0007831468786982801,0.0012105285449572,2,2,0.3333333333333333,4.0,-0.006430179931979084,17.691401734278337,-6.639366321865552,-0.6712102994359473,-4.4649190329837625,-6.210847359133352,16.94514169702693,-0.29060844239309885
IND444203AAA,0.002609831985065339,0.0012048341434196838,2,1,0.6666666666666666,8.0,-0.00760515829016365,23.275036228749272,-8.630616733130008,-0.8571756159474934,-5.887358999834035,-7.4281480789809295,21.10148828345952,-0.5097230514890431
IND444303AAA,0.0,0.0005391574710086019,1,1,1.0,3.0,-0.004640825912662012,12.381394549553598,-4.836849452292556,-0.4770555831143617,-3.7699742405194705,-3.8937172928097716,12.577764035781975,-0.13034322812548318
IND000000ABA,0.0003928204885190418,0.0003568244598242304,1,1,1.0,7.0,0.00021205252930540662,6.21087266749317,-2.9909766470375354,-0.022165536867681395,-5.010559119969098,6.135199838925689,0.19289761140821685,2.1733754866687414
IND683565AAA,0.0013055382700684506,0.00043196234290552595,1,1,1.0,12.0,0.00021290425301268237,6.675500402007445,-3.397130680879113,-0.03781893069874258,-6.089441920262584,7.474942043101053,0.274416360158636,2.5475107945898166
IND000000ABD,0.0,0.0004604392832698648,1,1,0.0,19.0,0.0003987854295110348,30.22716197410434,-14.048528713550176,-0.20842829643168076,-21.81136586077864,23.21499891044621,1.1526246417682504,7.540860896578774
IND562132AAA,0.11541949108003409,0.009525741332492788,36,35,0.05102040816326531,1147.0,0.00186286373328376,608.4693923799986,-263.83452071711554,-2.737065238485145,-354.43053136325295,360.2555742495634,10.245129685490623,102.51324367039933
IND000000ABG,0.0,0.00012846922524445772,0,1,0.0,11.0,-8.320843645479222e-19,1.5091588982748543e-19,-3.543057794191254e-18,1.3504466240434312e-17,2.9543368939521653e-18,1.9673032693391904e-16,-2.3478308052474705e-16,1.6671270099487083e-16
IND501359AAF,0.0,0.0005489770592250309,3,0,0.0,50.0,1.0326557968758932e-19,4.563201541932403e-20,-9.058256832798833e-19,7.959045095303551e-18,1.5291860974574406e-17,4.779664798330152e-17,-2.497257553163511e-17,-6.865489414059675e-18
IND000000ACA,0.008339641323717752,0.003032646528570883,12,9,0.10833333333333334,212.0,-0.007626250190865295,52.4774832164119,-12.433278489609435,-3.8754108742374282,202.72398242628583,202.15651005066223,-5.92731051451487,26.299734050833695
IND140406AAA,0.0001964102442595209,0.0004093877134040099,1,1,1.0,7.0,-0.0010661725804563525,5.279781795677587,-1.3124030976553427,-0.44686389402132165,24.371029625644482,25.7130870815596,-0.7766380730462634,3.4727270057873967
IND142001AAB,0.000781165733250363,0.0006915912232221421,2,2,0.8333333333333334,46.0,-0.001998321760552086,18.19827615878331,-4.339072006628933,-1.2234829692387916,61.74757752891166,59.00600858703262,-1.422238165050657,7.282483663888527
IND142401AAA,0.0,0.0007293375160770287,2,1,1.0,15.0,-0.00201684152448033,10.5719373528164,-2.57128261588091,-0.8713898946220956,47.15015506333948,49.327172573992286,-1.55888794070808,6.676257179871224
IND143001AAA,0.0,0.0009214553634589519,3,1,1.0,40.0,-0.004568331213126917,31.611478027658706,-7.364508456204311,-2.348471211914655,123.24736761746874,122.615683921504,-3.7747488746988815,15.986322901166325
IND144001AAB,0.0041717485998755445,0.002421765255151134,5,5,0.26666666666666666,107.0,-0.010004546147535816,76.84928467006766,-17.031419251445893,-5.454850485738251,282.4112672227891,275.86957318378927,-8.242546013539975,35.36164403847403
IND144514AAA,0.0003928204885190418,0.00041909466482637295,1,2,1.0,16.0,-0.0010029466548533165,4.943685842020575,-1.2416580837489524,-0.4222070440615989,23.07795330822368,24.42196952210971,-0.7268035482382406,3.301183924764471
IND147301AAA,0.00019601742377100187,0.000634565238705347,2,1,1.0,5.0,-0.001962151597593817,8.471701617507858,-2.1422192059811174,-0.7412836279593725,40.947085404512336,44.34561822434033,-1.4987087636005327,6.198001844007222
IND152026AAA,0.0024974071769342456,0.0009955708945336094,4,5,0.21428571428571427,45.0,-0.002289002677921691,21.40748462551225,-5.424544819320339,-1.3691932921695353,68.12266908066087,67.9879869805175,-1.750744635762968,8.799214544127341
IND160002AAC,0.051655152009964164,0.009491934028691725,30,28,0.030197444831591175,644.0,-0.017555836493622395,323.13888514488514,-63.89717073449978,-16.783301363695028,768.7635640681442,616.5717237631573,-14.007780370134562,65.20454570778094
IND000000ACB,0.21918058101198865,0.010538601745443214,42,48,0.03932244404113733,1568.0,0.013315529612219892,941.7749248755623,-127.09176839521874,-17.96582148067505,340.02745937651775,-463.4615756022948,-51.05618710022853,-68.93342464425895
IND000000AEL,0.0,0.00029979662275863526,1,1,0.0,35.0,0.001741819264672212,63.720229774181234,-10.562696995765794,-1.4600535536625656,28.033649474931075,-42.89588841672028,-5.564400818739803,-5.929452352372552
IND110024AAA,0.00039327940261356566,0.0022951221509113356,3,1,0.3333333333333333,36.0,-0.004753469906662493,413.8291712731426,1147.844549691672,9.447577822159785,-110.0198596297227,75.35306381934954,2.626506895622428,11.588976576920947
IND110030AAD,0.0,0.00033711109755456845,2,1,1.0,53.0,0.0014012255794261489,51.537112335671814,-5.276836598192186,-1.1517951878194364,23.32636313920412,-34.92529239712288,-4.245836594791642,-6.099775496292981
IND110037AAK,0.0,0.00028586459398970143,1,1,0.0,67.0,0.001600327045452659,59.815327730126825,-8.574382431305668,-1.2974048053500156,26.649420534282253,-39.414829335999194,-4.444174110723859,-6.716341442127193
IND110043AAA,0.00039327940261356566,0.0007077621937805715,3,2,0.0,50.0,0.0030633517135666612,98.63957051145277,-15.769318685591562,-2.367863829584635,49.285052395495775,-74.34185860655373,-9.013875654153821,-10.914172286140426
IND110043AAC,0.0,0.00030974290229534353,1,1,0.0,10.0,0.0015636099111253933,57.70052354131418,-7.981329237135017,-1.3025199500529918,26.68547423773983,-38.57020520173218,-5.1435357499751895,-6.119934099536911
IND110052AAA,0.0,0.00026087045827938955,1,1,0.0,12.0,0.0011773387512613034,48.205620436829726,-6.282542726880483,-1.1250423467815258,22.120672190900013,-33.518048002647554,-3.9166657901527637,-4.036604736242316
IND110064AAA,0.0007865588052271313,0.0007370640595821079,2,3,0.16666666666666666,70.0,0.0016498086860512815,57.067083479633254,-7.572337702344446,-1.4214640565622378,31.410616022521122,-37.058636912543804,-3.738356290535602,-6.845303043779279
IND110085AAB,0.0015731176104542626,0.001004728087218991,4,5,0.06666666666666667,55.0,0.002281101144456573,65.28188296966638,-6.486223475873172,-1.6006355417029137,35.26918384790936,-46.328562628275826,-4.734929399354498,-8.02300108614494
IND110092AAC,0.0016975731176104541,0.001018129432779521,3,2,0.3333333333333333,14.0,0.003743936106394986,129.88771436735047,-19.51588589690501,-3.1757363002115953,65.03874568355752,-93.85382821752701,-8.777411216622456,-17.790605799082343
IND110095AAB,0.0,0.00032662003276252047,1,1,0.0,18.0,0.0009157037730403607,40.80393349491326,-6.972825973532282,-0.8499898796205709,17.436740648288367,-26.631204551513925,-3.035231254038944,-3.930356975834275
IND121002AAB,0.0,0.0003112958699336299,1,1,0.0,70.0,0.0016292839563105139,62.20737806844737,-8.645355993717152,-1.4709790932415505,29.78505050915355,-41.12384204408824,-5.0839965613735725,-7.419929429019256
IND121004AAB,0.008146128985695325,0.0020679459216368487,8,6,0.07142857142857142,253.0,0.005639011995051787,133.96511557865912,-12.8197514182533,-3.6907887921442137,83.89594882360545,-116.4228744871954,-7.065958555462006,-23.635783872370673
IND122001AAA,0.001248804779099191,0.0005004494273479238,2,4,0.1,63.0,0.0014925287636185522,50.21046376099108,-5.14789583328265,-1.1861168920563092,24.48698652878575,-35.46262773431901,-3.6064414147033745,-6.927051948994447
IND122015AAC,0.0,0.00035628566273660704,1,0,0.0,2.0,0.0003911075069042524,21.13613550424059,-3.5649130953079275,-0.5022429341578849,8.99398064924132,-15.120327241834891,-1.6257074313226165,-1.9719737797812151
IND124103AAA,0.0,0.0002986204621349681,1,1,1.0,19.0,0.0008399400996094926,30.8579287651939,-5.348342603368072,-0.7487979621009092,14.93332178102089,-19.638303773166577,-2.7479667670518015,-2.7502605296374734
IND124112AAA,0.0,0.0003209689500782011,1,2,1.0,10.0,0.0007530493017737895,30.637451284059733,-5.07829199027363,-0.7462544626901394,13.792546830462681,-20.628456897667604,-2.146108866221316,-3.802704144815858
IND125001AAA,0.011156600039912484,0.0018359372973987082,5,7,0.08888888888888889,58.0,0.0029438568180887095,87.37988993543973,-6.115185041627116,-2.23096535173847,48.89267699237784,-63.74141028829192,-4.28641139773176,-13.42193969444219
IND125005AAA,0.008921078416846931,0.0011532498512329956,4,5,0.14285714285714285,23.0,0.001989497479731295,67.8791450575805,-6.516922882863625,-1.5234193108699188,32.59949442012511,-48.76747801816038,-5.221395419666338,-8.02584307580755
IND125033AAA,0.0,0.00045707973814917426,2,2,0.6666666666666666,10.0,0.0014421485126956657,53.922823253532826,-7.837402380102281,-1.2678155045643937,25.809789373365053,-37.373684821411906,-3.8932994360540127,-6.6841914919423076
IND127021AAA,0.002088363410080896,0.0005556208608761779,2,1,0.3333333333333333,14.0,0.002130316795092826,76.7116576750555,-12.562128401446426,-1.8166696538028975,36.32947243674155,-53.09465249179509,-6.610200253094427,-9.23782354139111
IND131028AAB,0.04091390982547369,0.006151007320990393,19,18,0.034482758620689655,489.0,0.013055899201863615,214.21895715493466,-30.457291282961705,-8.727465742050926,305.943623724056,-16.736115032622784,67.38536205318873,-70.60994440407241
IND201007AAA,0.0021029750792663057,0.0021794223891399593,7,5,0.17857142857142858,61.0,-0.01517179459433751,56.34418202341267,-6.530230984886329,-2.697896887250369,43.526532402318935,-57.62723699717184,-24.27770823958008,-22.810570776579304
IND201301AAF,0.0007952706907280647,0.002274910301503585,8,2,0.1388888888888889,96.0,0.0070126601657001545,80.72275008511325,-9.858685744749147,-2.6286106591838925,61.8985181356166,-71.59977295330276,-10.988874916237465,-20.7907005242603
IND201301AAM,0.0,0.00035909183616972794,1,1,0.0,54.0,0.0016306605468287359,57.16424182971245,-6.473737456875441,-1.3003251706349486,26.655765850366297,-37.01483511926029,-4.279087690694267,-6.534188497933066
IND209304AAA,0.030730150722351225,0.005000489074076786,15,13,0.03463203463203463,255.0,0.01511947750620125,280.6572353635524,-40.863396314676635,-8.024157881905099,152.67274023766817,-271.2127765008231,-26.349070639947097,-68.77460038067036
IND282002AAD,0.0033164742720325205,0.0012361004240933773,6,5,0.25,31.0,0.002403881103694815,68.19120722129058,-2.3413244368464325,-1.82893891308562,41.241386987437544,-50.82954737945523,-2.669049719921851,-11.254476281642237
IND301001AAB,0.002871954238283661,0.001327243525920381,5,3,0.26666666666666666,42.0,0.0032101093835953617,51.286342338243905,-8.413789733991857,-1.1746390618675344,20.71215502243077,-32.88368143435735,-3.590303021889446,-6.180085562584392
IND301705AAA,0.001179838207840697,0.0005403244447634327,2,1,0.3333333333333333,8.0,0.0007965907622091713,22.911486844062065,-3.7916325514359004,-0.5395524239286076,10.559301503043137,-15.660901367057956,-2.274701200266769,-2.8689504859129955
IND302014AAA,0.03958244134903376,0.0030866512959891288,10,8,0.06666666666666667,147.0,0.010027940464112147,124.23460081736319,-16.604939139151494,-2.598416584578482,43.61189944125079,-68.13679954198818,-6.876542286001739,-14.047106039832016
IND302022AAD,0.0,0.00028606781641438356,1,1,0.0,23.0,0.001165331924902806,46.33572432845672,-7.435296781647511,-1.0872041644408255,22.22836088768727,-31.11730458431202,-3.6071565426966776,-5.6689654745884415
IND328001AAA,0.001329682638456752,0.0005486129888138723,3,3,0.5,16.0,0.001138326919326444,56.58786453041381,-8.896909599644928,-1.3873991355490831,27.29900817022294,-39.080172172157674,-2.6936605775555673,-6.973444931713403
IND382430AAB,0.03141527422245048,0.003650803740398203,16,12,0.043478260869565216,421.0,-0.010117859263219217,134.75763427971927,-32.76138650179302,-3.528424537625657,31.768499147114582,-74.82801171679296,23.613556841875724,-9.243126655978894
IND390022AAA,0.00425784267243508,0.0015645264991508523,5,4,0.26666666666666666,66.0,-0.006374619618256825,59.95321252696604,-13.367465328704936,-1.5658454651087195,15.241229602906078,-36.177812167069185,10.647542390073143,-4.775359065249684
IND421302AAG,0.05912478783708482,0.006733851453260593,28,27,0.06218487394957983,1088.0,-0.061653138451782497,464.95902994474403,-159.3138423703279,-12.143441620939134,-103.8376650781195,-66.7270586776777,243.72916325081036,2.2851114621337096
IND462022AAA,0.02091067083947179,0.0046978820910748165,13,9,0.0718954248366013,193.0,-0.006943556620378811,274.3680839425669,-81.15268574452304,-6.859762973753057,14.134772925710012,-158.46708379701354,-39.787616532028835,-61.89463835180801
IND474003AAA,0.006634598630989421,0.0023273611585981455,8,6,0.10606060606060606,63.0,0.0023746789440061704,83.98955899967069,-10.10577194870651,-2.0562338115402663,42.34452909241781,-62.14731319799639,-6.0792394338399385,-10.787352151957657
IND501359AAE,0.08166886750460937,0.009338729197298461,30,27,0.041463414634146344,608.0,0.01980348903345566,578.6172608025811,-247.41174063148642,-3.3636180339438893,-384.5724293091622,132.37071028598612,-179.02441633621166,-62.54060847494661
IND521225AAB,0.009232109520846297,0.003962325321991263,8,7,0.09090909090909091,109.0,0.014289587158078683,134.60990732177626,-57.3664380676559,-2.377335296749254,-96.99083380755218,15.312558119061137,-59.335358710649956,-34.945793317956344
IND600056AAB,0.044058449639968016,0.005036702656525493,18,18,0.05928853754940711,452.0,-0.008102333661863078,195.20371437206475,-86.58506691152135,-1.9458464045146235,-143.56475093146733,117.23053167859045,-73.04893972203415,22.264244188658555
IND712311AAA,0.09294807680939726,0.006663055437984377,22,22,0.04032258064516129,408.0,0.00788828445222343,242.93471529685579,-77.93622772261652,2.9327926875862285,-29.176850197545857,-68.81112374007371,2.652044676443683,-17.30750745545194
IND751002AAB,0.016895132052041472,0.0020738288916214917,12,6,0.11428571428571428,147.0,0.004634041106006853,131.36751671337794,-52.02817887367972,32.454191960548826,-58.4616249145437,30.366170685895074,-18.485242610449976,3.2050150269549054
IND821115AAB,0.009266533321480426,0.0023060442571825974,6,5,0.1388888888888889,62.0,0.01014800945017224,133.81121592044755,-19.622014506177756,-3.095043603666797,63.35121842410175,-120.17785453159708,-11.654916598871386,-23.520794072725284
IND834002AAB,0.006454754496696004,0.0017705305802224612,5,6,0.16666666666666666,108.0,-0.0007197884922515522,113.32944531443871,-26.248359162116806,-2.6001416932490646,29.10676461218435,-71.42957122776171,8.793538387333399,-11.247227862991092
IND842001AAA,0.026524579962663348,0.00550415863440747,12,15,0.057971014492753624,257.0,-0.0021274540175278637,60.084185562362414,-9.678565331482545,-2.149999537461269,58.37442380398625,-187.24885357548456,-181.81068566338237,862.2253892593282
IND000000ACK,0.0,0.00012846922524445772,0,1,0.0,26.0,-8.320843645479222e-19,1.5091588982748543e-19,-3.543057794191254e-18,1.3504466240434312e-17,2.9543368939521653e-18,1.9673032693391904e-16,-2.3478308052474705e-16,1.6671270099487083e-16
IND000000ACN,0.0,0.00023768950610103222,1,1,0.0,21.0,-1.6674145129228986e-18,2.961762450199453e-19,-7.102830778660437e-18,2.7119011862048152e-17,5.965043364814524e-18,3.947622933773378e-16,-4.694188335927646e-16,3.340443195122759e-16
IND000000ACT,0.0,0.00012846922524445772,0,3,1.0,103.0,-3.8008301673993713e-06,2.225137862771841,-0.35970382024388353,-0.10783805442210848,4.524820463673636,1.981022429581676,0.2217370743412322,-0.14782111677673584
IND000000ADV,0.0,0.00012846922524445772,0,1,0.0,13.0,-6.714215794884847e-26,-1.1350220939413043e-25,-1.8247649669182194e-25,-6.897049419946414e-25,-9.071346218715359e-25,1.6320218176724572e-24,3.2068736105502985e-23,-2.2061558405480348e-23
IND600044AAC,0.0,0.00045613006781418126,3,0,0.0,46.0,-3.849158929076311e-26,-1.0030615521223031e-25,3.8411181605371696e-25,-1.864506152739543e-24,1.4543865905871863e-24,-2.2230997686473915e-23,-9.665590635613933e-23,-1.969248460052054e-23
IND000000AEM,0.0,0.00012846922524445772,0,2,0.0,22.0,2.541083228694797e-30,4.3743039107535855e-30,1.0505448989014162e-29,-1.4766250645324573e-29,5.632544570976347e-29,-1.0404567678300231e-28,-3.9010327556578355e-28,-4.3760381839861625e-28
IND110037AAB,0.0,0.00018285339267786933,1,0,0.0,11.0,2.788259780825211e-31,-6.40515697352889e-31,3.0207459940879165e-30,1.474603270744854e-29,9.903835767465361e-30,-1.2332489660559284e-28,-1.0936814486774097e-28,3.2530962816066835e-28
IND110064AAB,0.0,0.00018330533866762065,1,0,0.0,11.0,4.647099634708684e-31,-1.067526162254815e-30,5.034576656813194e-30,2.4576721179080903e-29,1.6506392945775602e-29,-2.055414943426547e-28,-1.8228024144623492e-28,5.421827136011139e-28
IND000000AET,0.0049396390790292476,0.0004744986507143281,1,1,0.0,12.0,0.0006647816117431275,0.944010926383555,-0.03210356836424663,-0.0043121227660728205,0.5923661723222152,-1.1775761230335504,0.13354247108036163,-0.4293871923966451
IND000000AFF,0.0,0.00023768950610103222,1,1,0.0,6.0,2.810602982489286e-23,3.6261233423176614e-23,-1.0065085635353886e-22,5.332573320171983e-22,-1.700585229701319e-21,2.8303548918207952e-21,2.7586122069018505e-20,-2.630606377387894e-21
IND734203AAA,0.0,0.0003305364975118818,1,0,0.0,3.0,2.902151070448548e-23,3.7865485103825963e-23,-9.796174024372577e-23,5.2525046172263e-22,-1.6728442193926733e-21,2.7858791134332875e-21,2.7183597242361345e-20,-2.5474342127525045e-21
IND000000AFG,0.0,0.00012846922524445772,0,2,0.0,2.0,3.108039259678755e-06,0.062086670321606766,-0.03329524362357374,-0.00035497765519579624,-0.06490118594765096,0.08552213647675663,0.003537028640450266,0.030902267639427824
IND673027AAB,0.0,0.00017348825738652563,1,2,0.3333333333333333,4.0,1.74495604458223e-08,0.00014028294256905147,-8.421121893493549e-05,-6.871662619868154e-07,-0.00019984301754256598,0.00029523070769647396,1.734185342067611e-05,0.00012033925878306885
IND673632AAA,0.0,0.0001926704739589643,1,3,0.0,4.0,1.0129090303707538e-05,0.19978754442890598,-0.10729595990456668,-0.0011813881576738339,-0.20923372672941373,0.27760653720562156,0.011526492412634037,0.1003714062955511
IND000000AFJ,2.4891101431238333e-06,0.0004494289716386677,1,2,1.0,4.0,1.194994340960101e-05,0.029889427611268643,-0.018389052197101626,-0.0004740667971428461,-0.04569646664615724,0.07196854124019608,-0.008395486974323237,0.03566228235095989
IND695121AAA,0.0,0.00025306731491364176,1,1,1.0,15.0,6.580235485996727e-06,0.016919926274748198,-0.010376721076607196,-0.00026314018302681997,-0.025661638795327974,0.04025646273050586,-0.004552190669224793,0.01984594266519509
IND695572AAB,2.49409833980344e-06,0.00070390250253838,3,2,0.3333333333333333,24.0,2.874895243669674e-05,0.09930300254399597,-0.059297319168592044,-0.0014155553617205508,-0.1407969872792665,0.21210194109931416,-0.013583381445206332,0.10071770043466136
IND000000AFR,0.0,0.00012846922524445772,0,1,0.0,6.0,2.4089127225738976e-05,0.7398310870143068,-0.3790900586531175,-0.004153835115634662,-0.6884944094171536,0.8500049040924703,0.02914466875809123,0.2914790904597936
IND683511AAA,0.017734909769757314,0.0025252512511365855,12,7,0.029411764705882353,130.0,0.0009432366397058663,54.17670054491062,-25.995555655709126,-0.3006202413619324,-41.63348606824694,49.299494073290816,1.4870207731493537,15.93186135776735
IND000000AFT,0.004957020450359337,0.0015894494629705752,5,8,0.07142857142857142,179.0,-0.01104978146647082,43.46944850466074,-17.160582948892493,-1.3526015097139799,-16.235294141283024,-5.716737009588746,31.81992155095112,0.2807886431267085
IND400072AAB,0.004492833167662041,0.0019834339095804758,11,10,0.07692307692307693,397.0,-0.026945845456585366,113.13527271746821,-44.65183175518378,-3.5406950443077947,-44.716585705798735,-11.110509418661294,68.86093321912242,-0.6633605370306822
IND400701AAA,0.0,0.00029669507151889034,1,1,1.0,11.0,-0.0010813141591885535,3.772040638681715,-1.4569614878451909,-0.12362788611293138,-1.2923071060451234,-0.6201022915728899,2.740246416059994,0.02778228438454205
IND400706AAA,0.0,0.00042653605207594255,1,1,0.0,2.0,-0.0011108392668146643,3.222942357423137,-1.3031250374981251,-0.11344585003830862,-1.2009275209559895,-0.7640458705237819,2.9811358048762315,-0.014814771375620282
IND410206AAA,0.0013055382700684506,0.0005182457017555325,2,1,1.0,20.0,-0.002615864913598962,7.980449714122738,-3.1742025128973017,-0.28580257430312805,-2.98872091056909,-1.8157673984087128,7.383640607893305,-0.038496749901394754
IND410206AAB,0.0,0.00030641400171331663,1,1,0.0,25.0,-0.0017664694256352802,6.123724133091517,-2.5682680927300066,-0.1984304045256577,-2.85312184428659,-0.18365096004459258,4.827731748103145,0.2648688226512951
IND410209AAA,0.0,0.0002568916346771719,1,0,0.0,27.0,-0.0006172682312024045,1.6767208190551635,-0.6871427131698243,-0.06260834769270571,-0.6739765948002683,-0.34396897470393,1.6086740125342243,0.0030370910067127168
IND410210AAA,0.0,0.00033394508033680046,1,0,0.0,9.0,-0.0008754681428344826,3.0550673303285008,-1.1645806824666471,-0.10165176747163321,-1.071438541642321,-0.5499537846750119,2.406751260004561,-0.0062615798275305525
IND110014AAA,0.0,0.0020593755240824957,1,1,0.0,18.0,-0.005194641339584615,383.0584020214642,1117.8527727116725,9.663939148926364,-117.48256573991267,85.77129129167777,3.582869769733619,13.386990550734891
IND110020AAB,0.0,0.000424564200289233,1,1,0.0,11.0,0.0006692345479912901,27.706177668607587,2.02993177918956,-0.8236993284802449,20.035016497460028,-18.265205974863132,1.1444942158513873,-5.649339231477837
IND110037AAM,0.03368556050441684,0.005530970628949172,21,22,0.06666666666666667,349.0,0.006222799654056265,320.09085358645,29.54415771826146,-8.747607623586996,200.35006688938208,-181.33360651403464,11.179403274369164,-53.92771790586915
IND110035AAC,0.0,0.00031199505804096735,1,1,0.0,28.0,0.0006850792444021283,27.397382499066833,-0.3577329347905749,-0.8889492366856929,21.54456363288509,-18.67126227501228,0.6177032249781654,-5.096052545853679
IND201001AAC,0.0,0.0003457075385463053,1,1,0.0,5.0,0.0008849012289658666,20.396872144686757,1.4314879955274151,-0.6285565352648432,15.00142377965125,-16.046827599848726,0.03694843489841107,-5.010302878380386
IND201301AAD,0.0,0.000516934254321315,1,1,0.0,5.0,0.00044697905478107114,20.887827433035323,2.7613666181955496,-0.6512873296097462,15.624012740161064,-14.416785989284563,1.7276977990712203,-4.821966751328912
IND202001AAB,0.004709023938771557,0.0011290714811638873,4,4,0.26666666666666666,46.0,0.001261809065628184,34.5042339147295,2.1761408903579023,-1.1143650147460578,27.409481231299317,-29.00269679973553,0.2906706274731493,-8.737038563044589
IND226004AAC,0.0,0.000284051384897772,1,0,0.0,1.0,0.0002201633047713735,9.903699506129618,0.03355404131227056,-0.3380958605151537,8.587453074672805,-6.0014827996607805,0.5294179258756321,-2.0597149599024767
IND282001AAA,0.0,0.0006292585812602622,2,2,1.0,16.0,0.003078661616071574,82.05374126020823,-5.799809255633286,-2.1843051554165482,44.767142246142754,-62.45646203167078,-4.368168703449366,-15.712883852195787
IND282001AAC,0.0,0.00030757810616135507,1,1,1.0,3.0,0.0010872632299223934,28.939143041389627,-3.2312738082273187,-0.7658646341571481,16.002348747873395,-22.54711708788453,-0.4533001171482335,-4.828237185200209
IND811399AAA,0.0002567013364150886,0.00026524321987600284,1,2,0.6666666666666666,45.0,0.00044354259222432763,13.730498699583897,-0.2610881546259759,-0.4231384374303237,9.523719320891631,-11.495160309471796,-0.2306079981019517,-3.296740648218162
IND110039AAA,0.0,0.0002472037310970785,1,1,0.0,5.0,0.00043889195566919174,9.927791518244982,-0.3581681853596907,-0.23976257998170825,6.34104359871199,-7.778665489291466,-0.9221894133256175,-0.8141309854344807
IND110078AAA,0.0,0.00032336978050110017,1,1,0.0,32.0,0.001572011611297307,42.00345241282262,-6.888330019611311,-1.0517067790031422,23.12466764671304,-34.25505216970472,-4.012890737960752,-5.8132519197591295
IND110044AAB,0.0,0.00041525560956442347,2,6,0.39285714285714285,184.0,-0.0003258506668532889,16.03150618929418,0.8366838474791561,-0.4761048335733047,10.435196809178114,-11.381535288868324,-1.21043938116269,-3.805183575826304
IND110005AAA,0.0,0.0002607735304230877,1,0,0.0,2.0,0.00020262188167861873,8.217178351515294,-1.1329690759542348,-0.2194341951007496,4.631507805853898,-5.06436812842046,-0.3002586692069286,-1.247088586324608
IND110046AAA,0.0,0.00027803061370725675,1,0,0.0,1.0,0.0002833747159826821,8.541628431213576,-0.9778740769644984,-0.22010302739842835,4.967502891351518,-5.517361161095965,-0.4624391984073597,-1.1693152607169537
IND110077AAA,0.0,0.00012846922524445772,0,1,0.0,1.0,0.00010736632686884917,2.463151925907837,-0.38854310309352563,-0.06511144769890984,1.5176510560365248,-2.0443237676852952,-0.18862704753833565,-0.39447689340590875
IND110083AAA,0.0,0.0004017212387135028,1,1,0.0,4.0,0.0005530085488694907,13.068482135373044,-1.513047045160191,-0.34621759528772994,7.747364270513493,-10.840643109699814,-0.9734679183406637,-2.123971493973932
IND110085AAA,0.0,0.00027035007839184655,1,0,0.0,1.0,0.00023506310901204042,5.91747227103566,-0.7648507700959887,-0.15322724918068278,3.2605292099891883,-4.35933460894111,-0.33001840703277285,-0.8641545308954961
IND110087AAA,0.0,0.00026509523197898026,1,0,0.0,2.0,0.0002837269488922411,6.3250358721479465,-0.839744039423667,-0.15957482342414492,3.2812985252111257,-4.950230734347812,-0.6581051894521028,-0.9520377596874231
IND110093AAA,0.0,0.0006454955286465409,1,1,0.0,2.0,0.0016381398265285806,46.28924098160227,-7.15552843685037,-1.1655617857224985,24.06964886728636,-37.70329048807398,-3.2922605881790776,-7.265828804179832
IND121001AAA,0.0,0.00040963032874424474,1,1,0.0,44.0,0.001398321945688009,22.925503755795987,-2.683972876252121,-0.6664335744522326,16.028310410597534,-24.533868937265783,-1.7038328259833324,-4.5151607240322384
IND121004AAA,0.0,0.0003889567181927897,1,1,0.0,26.0,0.0010448200294108164,19.638124447138363,-2.079504362922834,-0.6005707033489304,14.019378201883258,-19.63006232533497,-1.3028207581787548,-3.621349128737413
IND121004AAC,0.0,0.00040326921780533555,1,1,0.0,14.0,0.0015248670055615383,24.486748301018206,-2.5043329555712885,-0.751994343261144,18.000621717137815,-26.309231007644076,-1.5486977747939359,-5.817219523736918
IND121102AAA,0.0,0.00041333732098105733,1,1,0.0,44.0,0.0011572619464138344,17.804766033402323,-2.001174118762283,-0.5284351665993199,12.446223201526932,-18.43147377781217,-1.3604208462617708,-4.0995157245165785
IND122001AAD,0.00039327940261356566,0.0002630698338682318,1,1,0.0,10.0,0.00010832576761158225,4.963684172820405,-0.8021108931471476,-0.12276908157190815,2.3854114663528385,-3.5185449485130773,-0.2986198495676819,-0.6636297571206152
IND122101AAC,0.0,0.00018630542426248563,1,0,0.0,1.0,0.000342444180239666,9.831526517644761,-1.560029986258425,-0.2370897119974944,4.852408086073318,-7.126001830173761,-0.8392158776967219,-1.4151175683948394
IND122050AAA,0.0,0.0003521299122965742,1,0,0.0,7.0,0.0001230543336905431,3.900314748840232,-0.5718855714591439,-0.09254950270692838,1.947760342881039,-2.9462103083663065,-0.34180094128037025,-0.4985381468293407
IND122001AAJ,0.0007856409770380836,0.00043573508854667035,1,1,0.0,13.0,0.0006987388883052947,7.303123312845808,-3.602786382948008,-0.05841172402127775,-7.314864041232112,2.952176814479871,-4.395053432512294,-1.5340426915613394
IND507123AAA,0.0016975731176104543,0.0004989239436546484,1,1,0.0,7.0,0.00048058328671429887,3.4218030311809224,-1.791583014220144,-0.0334020422729592,-4.052247229346967,1.7429257926213557,-2.684704434731652,-0.9292357327313507
IND122002AAD,0.0,0.00012846922524445772,0,1,0.0,2.0,7.156258963477905e-05,2.243287391998404,-0.3256036124878778,-0.05324394799692282,1.1226574007172092,-1.6992116178427306,-0.19798968656180357,-0.2881740694879244
IND122503AAA,0.0,0.00023768950610103222,1,1,0.0,4.0,0.00013510950144458717,5.030629302145987,0.010588702336166765,-0.11184036663210231,2.4199455142265807,-3.650686266201767,-0.4248937254112225,-0.6558280900461626
IND122004AAA,0.0,0.00012846922524445772,0,2,0.0,38.0,5.172972246676534e-05,1.6561397587596196,-0.24763281558087127,-0.03921786956363641,0.8244950440579194,-1.2474111627756257,-0.14517745629285925,-0.2068355697600055
IND122413AAE,0.0,0.00018590402810869086,1,0,0.0,37.0,2.7563387841793603e-07,0.004382720020029532,-0.0007273160178217547,-0.00012469933905008294,0.0029106001923912645,-0.004841295570039303,-0.0006001377981353976,-0.0008755963464943665
IND123001AAA,0.000788135075377887,0.000634808171539299,2,1,0.3333333333333333,13.0,0.0006273856765642407,18.585701345780016,-3.0487762751339536,-0.4407710909701504,8.884723510397249,-12.820094383350787,-1.7833387099950957,-2.280349961263727
IND123401AAB,0.00039531458685884523,0.0006681966543029463,1,1,0.0,20.0,0.00044275659283872,13.966021802068065,-2.1262353984360565,-0.32884693646182533,6.882958136205832,-10.393496968050341,-1.2573140704627548,-1.7203332585832523
IND123106AAB,0.0,0.0006967999997153449,1,0,0.0,10.0,9.153444788298394e-05,1.3644526826125056,-0.24365611294281908,-0.03872571486198825,0.8679292862224868,-1.4096594077821414,-0.20296816892953262,-0.26948378925973404
IND124001AAB,0.0007865588052271313,0.00035876756283998443,1,1,0.0,5.0,0.0019398386782161303,15.429852944731582,-2.498247021627816,-0.7362003421119526,28.668669334570737,-0.8509703972523824,6.8265316379242575,-7.678016689413008
IND126102AAA,0.00039327940261356566,0.0004337444541277569,1,1,0.0,4.0,0.0016230398121254194,16.447667393510528,-2.5887994792152775,-0.7816109851798294,30.507405985927033,-0.7958402412711346,6.976595290154163,-7.658448705779115
IND124141AAA,0.0013056604808871005,0.0006395163245709814,1,1,0.0,11.0,0.002074947663690866,71.57770226960707,-10.528971118618816,-1.6364451263234772,32.59331893984511,-50.35880062451564,-6.43133554459054,-9.149352713576631
IND124507AAA,0.00039327940261356566,0.000836788177369378,2,2,0.0,21.0,0.0017499945883852608,24.034240924689986,-4.077451633200607,-1.1577847666993546,44.80335222025436,0.2929027894483668,10.901129480069708,-10.916386272859446
IND131028AAE,0.0,0.0005333316888566528,1,1,0.0,2.0,0.000341303076583003,7.128446666322386,-1.275560035857423,-0.3611268882073333,14.342091474635536,1.5518093362151686,3.2863933017518314,-3.010329276322998
IND125047AAB,0.0004102791768976659,0.0005188147175358888,2,2,0.3333333333333333,20.0,0.0006702065610070813,14.773259663882106,-1.9971426926739861,-0.37937817439917676,8.240261610451839,-12.40131308383255,-1.3464983362244847,-2.510340439984733
IND125051AAA,0.003394467840472482,0.0009363953565737088,3,1,0.3333333333333333,12.0,0.0009783516216296587,16.595879477307513,-1.427277717714809,-0.4883665397004633,11.667007046312461,-16.75159277520099,-1.2374001651337327,-3.703095495862731
IND335513AAA,0.006641783878896561,0.001195808809757858,3,3,0.06666666666666667,29.0,0.001080301973976417,17.71057913065111,-2.1959153708891685,-0.4695584479798284,11.10797456605042,-17.619336480942138,-1.856381726202812,-3.592516472651335
IND335523AAB,0.0,0.0010484198155041253,3,0,0.6666666666666666,4.0,0.0009656652747652469,22.992778380843568,-2.8027951540134723,-0.595670698146942,13.800358318967428,-18.814300088721232,-1.778011481325925,-3.6655636194411945
IND335524AAA,0.0,0.00045794526181456934,2,1,0.6666666666666666,7.0,0.0004936354291792282,13.27168474652255,-1.6143974321123713,-0.361902364679852,8.289330888426804,-10.65654267399615,-0.7455792649013981,-2.1905490146013356
IND125050AAA,0.0,0.0003725129529941831,1,1,1.0,3.0,0.00024069520208336664,4.034407363728944,-0.45424141536355467,-0.11391129073632483,2.6979037810672377,-4.058254135110351,-0.3700861427252979,-0.836470349250819
IND125111AAA,0.004301182327317984,0.0009244928664777654,1,1,0.0,2.0,0.0011493250283951975,22.007102073624086,-1.851212186131483,-0.6267767265785223,14.788639234455651,-20.66063895437451,-1.494931727037496,-4.526936990481461
IND125104AAA,0.005202689136829974,0.0005743079046842581,1,1,0.0,8.0,0.0005368095488778326,13.978653366479419,-0.6215541984669383,-0.3241633390258445,7.135480522604489,-11.554502158257598,-1.096542215788917,-2.0745109258339034
IND125121AAA,0.0039169814426613025,0.0009145364461176935,1,1,0.0,5.0,0.0009664455216829457,21.01718543445354,-1.6224898598350652,-0.5759137321084771,13.588965784558914,-18.28430801182734,-1.1427782555436135,-3.4645260664073643
IND131301AAA,0.0,0.0004969429174861307,1,1,0.0,4.0,0.0014362175233979077,17.670875257466793,-2.83554587735662,-0.8513492090699425,33.06879161947984,-0.9321219061423622,7.852712853472516,-8.43428717597422
IND126112AAA,0.0,0.00012846922524445772,0,1,0.0,13.0,9.52898824799484e-05,1.5850246070935583,-0.21645950488317817,-0.07902259802369867,3.1322269078730542,0.25563754316654835,0.6532883944158155,-0.6525451874128407
IND127201AAA,0.0016950840074673303,0.0006009476130606556,1,1,0.0,7.0,0.002077293841193774,71.83974749611922,-11.127694688466029,-1.6940830173652457,33.16619341242714,-51.185969751938224,-6.410997848712919,-9.151768590609187
IND131021AAA,0.0,0.00012846922524445772,0,1,0.0,42.0,-6.110290402422806e-29,1.9942193682751997e-29,-4.268555409882101e-28,-2.3484607545836894e-27,2.450257075933841e-28,-8.238704876849044e-27,1.6048246613614443e-26,-1.2581432080867254e-27
IND131028AAA,0.0,0.00023768950610103222,1,0,0.0,42.0,1.0166431404096878e-28,7.443579059198977e-29,1.2889025677830812e-28,7.689458740694349e-28,3.804662517929962e-27,-5.2304111377928865e-27,-1.4926674255784093e-26,2.7464820798017407e-26
IND132103AAA,0.0007865588052271313,0.0009350663392030621,2,2,1.0,11.0,0.0013145034949244476,17.565224266689373,-2.8376589392122713,-0.8275031501321555,30.51140644021142,-2.174703481489479,8.485262928020823,-8.298383600905831
IND136118AAA,0.001179838207840697,0.00039026733545943337,1,1,0.0,32.0,0.00028513618105947835,13.371545650756842,-2.391025624547549,-0.6052951844316978,21.186515595605105,-1.1183928766768512,6.081113149405028,-5.320623859737631
IND201204AAA,0.0,0.0003669462092434707,1,1,1.0,13.0,0.0010443672800280912,17.242617230739196,-2.8536730650037447,-0.8178443287907602,31.080624060808944,-1.0602819829102335,7.914114227970358,-7.9401958860805975
IND244001AAA,0.0035171126322339763,0.00036895275046140133,1,1,1.0,25.0,0.007293440406797298,10.606806523148286,-1.8199916684721225,-0.4626199675185377,18.351166694966572,-1.1114706977708049,3.4983620500378385,-5.744670836683503
IND244235AAA,0.006967019290603609,0.0003539134995182989,1,1,0.0,20.0,0.0012304382751088998,10.46278785743969,-1.737971195209646,-0.5064390693596212,19.54059263202149,-0.8171914995463802,6.40550929601777,-5.679974217184085
IND247667AAA,0.0,0.0003681674949867406,1,1,1.0,15.0,1.7551845951756072e-05,19.4831626717162,-3.584079253513725,-0.9631621946008914,37.04810964104196,-1.3408615851325776,11.498419920643773,-10.647023650198143
IND247667AAB,0.0,0.0003803874067775237,1,0,0.0,12.0,0.0005631521175016246,8.027823705128515,-1.354484787953656,-0.38829703029331664,14.760672265151888,-0.7358933225512548,4.102368521302391,-4.006040834149319
IND248001AAD,0.0006515245799626635,0.000583498761696237,2,1,0.0,11.0,0.0017817574390456173,23.944232652193396,-3.0825644398118177,-1.1714646062061147,46.507352449865905,0.6184161761523873,11.096864623088182,-11.421494925074443
IND249407AAA,0.0007865588052271313,0.0016406011197463248,4,3,0.16666666666666666,79.0,-0.002311858977534577,78.44982862790235,-14.015854752810249,-4.1239907660128665,166.83577986359623,-13.072075220192803,56.37677391470632,-54.271387545429974
IND250002AAA,0.0013081545792269045,0.0007878872128696242,3,1,0.3333333333333333,12.0,0.0025843371552684595,37.502587213940735,-6.015228526428056,-1.7701005419297535,67.17443971328184,-2.0294876680392613,16.643634456453306,-16.902707305201076
IND250609AAA,0.0,0.0005172846004057366,1,0,0.0,1.0,0.0006313299591125799,9.804066870347581,-1.6830944388064697,-0.4467480622816243,15.68049808372055,-1.6203820397237485,4.758333243388927,-4.414841157703373
IND250611AAA,0.0007831468786982801,0.0005896403407333685,1,1,0.0,12.0,0.0011924399750183143,16.265472676254728,-2.783200835286613,-0.7939407355160699,30.20417062693696,0.1332825906892263,7.944641286800086,-7.6654317403565955
IND251001AAA,0.0007843939278681819,0.0003825297569044051,1,1,0.0,20.0,0.001120192590759239,13.931761931964049,-2.2262622032983663,-0.6637598628550085,25.088692019765656,-2.4680016263560987,6.8763415795368115,-7.158305826261684
IND132001AAA,0.00039327940261356566,0.000429389874684004,1,3,0.6666666666666666,11.0,0.0006016864875375489,7.634847082221885,-1.229739000413336,-0.3512949802231546,12.95487483622784,-1.6825355644120668,3.6006839040771066,-3.7436253794331336
IND132103AAB,0.0,0.00026463665917334254,1,1,1.0,9.0,0.00039637442827283875,5.166454018918249,-0.8322503193350859,-0.24861367246687013,9.610488754856009,-0.9374273827486237,2.6112735307949637,-2.7783051695823944
IND133004AAA,0.0,0.00012846922524445772,0,1,0.0,6.0,-0.0001342656488741853,1.5487866902220007,-0.3444988064291548,-0.10074474088871364,5.016630422412192,4.4678663215434895,-0.11514228657676764,0.5194160753681722
IND135001AAA,0.0016988176726820162,0.000526718324658643,2,1,0.3333333333333333,18.0,-0.0014023355087377798,19.372370027232627,-4.160501866595518,-1.1450181503485417,55.09828503365155,46.80355127127241,-1.3791150304159014,5.381565086701324
IND134102AAA,4.148516905206389e-07,0.0004036381796017523,2,1,0.0,16.0,-0.0009793903788940467,11.865305586859037,-2.501078049980272,-0.7557695658705308,37.22152830333202,32.30506548695598,-0.8036504149244377,3.6643704031067585
IND174103AAA,0.0006515245799626634,0.0007890949525280675,3,1,0.0,19.0,-0.0030003105588651585,37.756304961007345,-8.331226589777721,-2.3147313937306744,112.12165539114228,98.65900418174958,-2.303554188151589,11.409608614504585
IND134109AAA,0.0,0.00012846922524445772,0,1,0.0,10.0,-0.0001780154640848044,2.0348578397256003,-0.45073263155482296,-0.13275260542623524,6.606393908100088,5.883527277133462,-0.14611753114783005,0.6807364412171938
IND134203AAA,0.00039327940261356566,0.0005631773392628274,1,1,1.0,13.0,-0.0014272751515381362,19.704714751853768,-4.112068089465302,-1.1853982158975145,57.11219608718831,48.367265371178696,-1.2123590697821787,5.389656540600642
IND140501AAA,0.0,0.0006075519303945342,1,1,1.0,24.0,-0.0015130129963234003,21.451511205497205,-4.505622710470357,-1.2780323482683915,61.37484151353707,51.60422002737959,-1.3150166524224092,5.7295360832137066
IND173025AAA,0.0013055382700684506,0.0005764507008016031,1,1,1.0,21.0,-0.001598570708302379,23.315172220733807,-5.215158334430929,-1.3182949677210392,63.86164749279346,55.250250267681366,-1.5928753428759101,6.428028751705936
IND136027AAA,0.0003940675376889435,0.0005197036740175628,1,1,0.0,33.0,0.00044540805490099657,6.368190215739498,-1.0395372125951718,-0.3187054217804076,12.329459369919793,-0.7295681466917098,3.4253845637456477,-3.4359036700841217
IND132039AAA,0.0,0.0005707237497729634,1,0,0.0,16.0,1.62014289462454e-05,0.9892981897563138,-0.19287881584968833,-0.0554516739897695,2.1993851791924053,-0.12586115452102253,0.7464481500235769,-0.6710735922507446
IND136128AAA,0.0007865588052271313,0.0004605604804536007,1,1,0.0,34.0,0.00021789416366564318,10.821162542213031,-1.9501725021853233,-0.4856342270040196,17.051847725379666,-0.737961775113304,4.650471161062369,-4.124585096892146
IND140001AAA,0.0003928204885190418,0.00026118220347390807,1,1,0.0,29.0,-0.0010506970777554889,14.972172515571264,-3.440239559940849,-0.8731572881968774,41.69033127914551,36.94208851438695,-0.8064317669847301,4.244789576926604
IND140118AAA,0.0013055382700684506,0.0003505930663403484,1,1,0.0,29.0,-0.0012275769343591076,18.079793597253072,-4.155468040214987,-1.0043270455308126,50.01226047601251,43.859823519516375,-0.9496404370535004,4.942679476908001
IND140301AAA,0.0007840696950840075,0.0003522265114290358,1,2,0.3333333333333333,44.0,-0.0018681506709241685,21.894459770067957,-4.920196156496024,-1.3956658430091928,69.02331808135871,61.76872955438573,-1.5896554094190563,7.234405178796478
IND140901AAA,0.0,0.0005520185648150076,2,2,0.6666666666666666,60.0,-0.0023124891557783113,32.262611884596616,-6.954168143483132,-1.932426108562358,92.79191862337397,78.53338796656512,-1.7540930521010463,8.558799358950047
IND140401AAA,0.0013055382700684502,0.0010165669632437031,2,3,0.5,12.0,-0.0029282933984028795,13.40953656637359,-3.3911362657807627,-1.1627427977947427,63.92704740782647,68.70721282530057,-2.249206579445725,9.501003950505599
IND160055AAA,0.0,0.0005313411935395349,2,1,1.0,25.0,-0.002398124745894023,31.579335699518822,-6.843162897017453,-1.924184336480148,94.19622691394271,80.22633147197978,-1.3177868152507177,8.627415167083328
IND141003AAB,0.0,0.00012846922524445772,0,2,1.0,22.0,-0.00011876736323270491,0.7268257250333331,-0.17503270064936782,-0.05702004604952237,3.0395939919878736,3.0892175202784116,-0.09374671760059651,0.4075868769809465
IND142026AAA,0.0,0.00018088029961523005,1,2,0.6666666666666666,32.0,-0.00014627273774446548,0.8664335483372004,-0.21292173981647156,-0.06896628687952934,3.6893828991517212,3.7803561167295903,-0.11328934793294736,0.5012970347601158
IND141010AAA,0.0,0.00012846922524445772,0,1,0.0,1.0,-0.00013210564839794486,0.7963916728029472,-0.19367694416957054,-0.06281944209344432,3.3543420633752774,3.4272637285965013,-0.10334437963854967,0.4538413953133635
IND141109AAA,0.0,0.00018158652815389463,1,1,1.0,21.0,-0.0001483414680959346,0.6287841435715714,-0.16653345873013625,-0.0571995422961479,3.1833572944078012,3.4938130845667072,-0.11312529427144123,0.48971348479237853
IND141115AAA,0.0,0.00041726683673290064,2,1,0.3333333333333333,21.0,-0.0008809737139515733,4.459230361684881,-1.1152250802847818,-0.37589970543526313,20.48959517168831,21.64850365515385,-0.6859324086847387,2.9499056618948836
IND151001AAA,0.004957020450359337,0.0017168076557142543,5,4,0.14285714285714285,52.0,-0.0035053709962877275,36.18132725399719,-8.57451499768755,-2.347435031441369,116.32103757014822,108.25230417234671,-2.265742687867938,12.943650909550135
IND144001AAA,0.0,0.0004015486677072936,1,1,1.0,15.0,-0.0010660421766085014,6.0678266163712635,-1.4509745974512802,-0.4901388717934548,26.417102558744197,27.258760958859277,-0.8655363839922554,3.653230079889808
IND144040AAA,0.0013069075300570026,0.0007099598392427343,2,1,0.6666666666666666,21.0,-0.002385583112641638,12.67120608135158,-3.068056143735499,-1.054723114115833,57.364728635802244,60.01285958144626,-1.9345117586294516,8.132119220685018
IND144401AAB,0.0,0.00036667837012648757,1,1,0.0,25.0,-0.0025279152357562044,16.04137732518556,-3.8000030420465887,-1.222124294154734,64.7389292349335,65.99667470087746,-2.0996468441298006,8.800505982270865
IND144601AAA,0.0007843939278681819,0.0006029349810340746,1,2,0.6666666666666666,6.0,-0.00222094599967939,12.236030945244115,-2.94405994256175,-1.0029971273159874,54.29608567189789,56.398994432501496,-1.8027135727728754,7.598274812018914
IND144001AAC,0.0,0.00012846922524445772,0,2,1.0,22.0,-0.00011256252189030834,1.6559853949278358,-0.33538294842321736,-0.0930423358385858,4.3978450346544165,3.449368476964012,-0.09418732925643218,0.36569628213501015
IND144527AAA,0.0,0.00012846922524445772,0,1,0.0,4.0,-7.64907965574516e-05,0.3094279185491772,-0.08229069583131023,-0.028671820097085427,1.6042155097599333,1.7727215028071566,-0.05853605661973282,0.2500533472675624
IND145001AAA,1.2445550715619167e-06,0.0009203207079688876,1,2,0.6666666666666666,20.0,0.0001894515868520608,0.0001320385818590068,0.00025149901607619384,-0.0019807994701927295,0.028896059089698875,0.005785168828310418,-0.055401478328066994,-0.14795678584310945
IND176201AAA,0.0,0.000598511559532049,1,1,1.0,16.0,0.00010649399360250867,7.422115700355745e-05,0.00014137192066062548,-0.0011134414356194075,0.016242971536647624,0.0032519428167687853,-0.031142123259701282,-0.08316905277760253
IND176303AAA,0.0,0.0009459868029278156,2,1,0.6666666666666666,17.0,0.0001909128135249313,0.00013305698723100213,0.00025343881052736455,-0.001996077250231083,0.02911893246076877,0.00582978944967725,-0.055828785870964584,-0.14909796673208442
IND147001AAB,0.00019601742377100187,0.0005011832746382904,2,2,0.0,25.0,-0.0011660567115604795,17.1900378193463,-3.6271900529164562,-1.0052992694634253,47.95720829861918,39.977398174924915,-1.0797078703837326,4.4503645853834
IND147201AAA,0.0,0.0002872782289769857,2,1,0.3333333333333333,7.0,-0.0006144897697325969,6.632267761006695,-1.485762426513023,-0.4420205209440726,22.181187207840185,20.028384658491007,-0.5076524425590274,2.349788600719679
IND147001AAD,0.0013748717098166464,0.0005003303067759394,2,3,0.16666666666666666,16.0,-0.0015619274878453343,19.219195015480448,-4.43023107265882,-1.1862396222999065,57.483921732452664,51.55764676428073,-1.1486372449917752,5.960089987920233
IND148023AAA,0.0007890479153702551,0.0004496089324868821,2,2,0.16666666666666666,5.0,-0.0006832322319256758,7.86404958861389,-1.7452229539798991,-0.5155139433227308,25.671364117770498,22.799607834926736,-0.5165898064222031,2.597809400985374
IND147101AAA,0.0,0.0005306389478691609,2,2,1.0,16.0,-0.0029850860956341214,38.30933890360636,-8.131277902991904,-2.37549063595614,115.8202611176033,99.43353883583075,-2.6282947824362046,11.307900330024037
IND147105AAA,0.0,0.0005654756928342072,2,2,1.0,16.0,-0.0030253373822524605,38.49181097201202,-8.332658124824977,-2.3712055973559063,115.41157526075109,100.27465643620788,-2.709125524948021,11.550900821168572
IND148001AAA,0.0,0.0002819320941580165,1,0,0.0,2.0,-0.00012778236960215623,1.2915370344955448,-0.29597863458520557,-0.08901762654432943,4.5180026273152025,4.15021306891774,-0.10501863881332917,0.4932876446381667
IND148024AAB,0.0,0.0003573808342539667,1,0,0.0,1.0,-0.00014959818793839442,1.5249132700163215,-0.3483794593347781,-0.1047999211452777,5.314231027832992,4.868719011210157,-0.12353092631466578,0.5775319881761407
IND148028AAA,0.0,0.00012846922524445772,0,2,0.0,12.0,-6.0494544280107936e-05,0.6570390625135052,-0.14760745523232155,-0.04395411067205176,2.207194229755606,1.9902827799936418,-0.05080356730024216,0.2332497955341867
IND148101AAA,0.00039203484754200374,0.0004985570512047472,1,1,1.0,6.0,-0.0008736824792989591,7.4955300876466575,-1.780640440039949,-0.5355761164085908,27.54798414413502,26.35892396375563,-0.6559804836518104,3.2591140163712704
IND148102AAA,0.0,0.0005526144307410419,1,1,1.0,3.0,-0.0007988869157687497,7.680511044859999,-1.8700008252218947,-0.5091515249086951,25.59591928511555,24.545095201488692,-0.6394995847343484,3.082965197646409
IND151103AAA,0.0,0.0005239780202420614,1,0,0.0,2.0,-0.0006093400623399699,4.772115018324908,-1.1514467874578502,-0.3508078428110612,18.231241563355994,17.79235285710787,-0.450002805025309,2.2378494957448765
IND151302AAA,0.0007840696950840075,0.00036528114407878174,1,1,0.0,2.0,-0.0006773647757670743,5.420360488692097,-1.3093391704912292,-0.39009382376329255,20.18062539779714,19.57566360597714,-0.5244071071428696,2.487811917739911
IND151505AAA,0.0003928204885190418,0.00043920376963900063,1,1,0.0,4.0,-0.0008325258110280067,6.8435728582699715,-1.6526005354004534,-0.49793080817154695,25.758965692127685,24.928343442137667,-0.5990977693893993,3.1015917187837276
IND151506AAA,0.0013055382700684506,0.0005020321348101227,1,1,0.0,15.0,-0.0007503727284421571,6.880275401738594,-1.7191633711033014,-0.4777102849390077,24.276318309185584,23.487107902423634,-0.3872021359878286,2.821495553499055
IND152024AAA,0.00039327940261356566,0.00024740233570622283,1,1,1.0,4.0,-0.0004641888542263249,3.38687833245739,-0.8213878493189807,-0.24972786044898293,13.019308611845089,12.955910107749094,-0.36298571397683355,1.6744650344044048
IND152123AAA,0.0,0.0003388651316594994,1,1,1.0,3.0,-0.0004836506085003404,3.661992550583182,-0.8857052727385454,-0.26738103602791213,13.88703992164731,13.728073605049264,-0.37818734977119334,1.762562726463059
IND152107AAA,0.0,0.00025306581715678307,1,0,0.0,1.0,-0.00016947061547736904,0.8962091095081323,-0.2326336343129676,-0.07426502830576433,4.022284394723444,4.284416796253266,-0.13025660443001474,0.586421197630933
IND152101AAA,0.0,0.00012846922524445772,0,1,0.0,1.0,-0.00010830831107478843,1.058855803399703,-0.2425815421151463,-0.0716761688149513,3.619778981245918,3.3614406341154943,-0.08724018885965629,0.40667675237457646
IND140603AAA,0.0,0.00032045570000323364,1,0,0.0,15.0,-0.0008731530138237825,11.329559335385524,-2.456466725815452,-0.6849131384330632,32.796184421781646,27.600811162350492,-0.46728997233034575,3.040417335297942
IND160003AAA,0.0,0.0004377807679113745,1,1,0.0,2.0,-0.0012063491960867196,17.245806465413892,-3.720982396505042,-1.018720797188256,48.8229336070744,41.47662882147856,-1.1273004592311837,4.7374197172316075
IND160102AAC,0.0,0.00040191102598865645,1,1,0.0,49.0,-0.0018000677150134114,26.71143809397421,-5.618350690159341,-1.5746130835999885,75.27219858742694,62.16158838024784,-1.4281152504590633,6.68969659612363
IND173212AAA,0.0014372241683117324,0.0006144537120769552,2,3,0.0,23.0,-0.0017596708515497867,20.81471254499478,-4.57304428929051,-1.3395712427810964,66.3479878312472,58.41192127614809,-1.456647926660655,6.700845507187372
IND174001AAA,0.0024816278481044228,0.000725422309445702,2,1,0.0,38.0,-0.0011909786125260191,12.28801496872184,-2.7356707199758463,-0.8408338702011291,42.624195887549035,38.734932604726964,-0.9234384230261083,4.519215916750684
IND174307AAA,0.0,0.00033811371527425694,1,1,1.0,18.0,-0.0007458011764756955,11.008350813913232,-2.4067622188053637,-0.644911383895303,30.821069986366307,25.923585809169275,-0.8499856382070513,2.80177702857801
IND176041AAA,0.0,0.0006337804820881278,2,0,1.0,6.0,-0.0017038790987221632,21.350575697490324,-4.615636523824862,-1.334456264446548,65.46882597831356,56.508182935657885,-1.4839551701744078,6.421507716607942
IND181152AAA,0.00019601742377100187,0.0008380475940219513,3,1,1.0,10.0,-0.0026443753596386388,28.869019270823664,-6.365913253834847,-1.9351985220478023,97.37132112871424,86.79691179114556,-2.0035529068572893,9.936268625856258
IND184104AAA,0.0009825762289981332,0.0006716844781633136,2,4,0.8333333333333334,16.0,-0.0019303871212987015,21.668407077646044,-4.636261274848644,-1.4203058231103645,70.88505111557946,62.71535981861392,-1.7064627764314724,7.300451590591065
IND160102AAD,0.0,0.00012846922524445772,0,2,0.0,11.0,-0.0001222095652540083,1.233969570377456,-0.21902065794066916,-0.0787974041333572,3.77871991880962,3.166820374070296,-0.10892945240735595,0.34032747729112706
IND160002AAD,0.0,0.00019084987152446456,1,0,0.0,3.0,-3.2588168306939695e-07,0.0019589682292429906,-0.0003861391549195096,-0.00015669846772220744,0.00800800778387125,0.007380785709038572,-0.0003027050840780158,0.0008522280010512229
IND173220AAA,4.1568305663390664e-07,0.00031706979839728915,1,2,0.0,8.0,-0.000435345740875419,4.920994002308277,-1.0955609472309746,-0.3261739506299179,16.30498814444131,14.507025156717368,-0.30688046811883896,1.6427816145304213
IND175018AAA,0.003390168014934661,0.000745412327775821,1,1,0.0,23.0,-0.0019309700587049825,21.329050265854743,-4.708707538662978,-1.416099624706391,70.97925283042167,63.618253111791184,-1.5404950555983676,7.3604385135053825
IND174021AAA,0.0,0.00012846922524445772,0,1,0.0,12.0,-8.907503791603293e-06,0.05635992661726261,-0.014040619846051186,-0.004865019764753027,0.266837413731895,0.26893090186868523,-0.007138440246691435,0.03433126417861314
IND176048AAA,0.0,0.00023768950610103222,1,1,0.0,23.0,-4.287247554357499e-05,0.2910890002708573,-0.07174746162468783,-0.024367854341907618,1.3225004844816015,1.3140766456249546,-0.03487082581650098,0.16596092586853878
IND174101AAB,0.0,0.00012846922524445772,0,2,0.0,11.0,-0.00014075336172020625,1.581186775125186,-0.35178787456987937,-0.10405638833055918,5.193136408453917,4.645039883630012,-0.11565813764586347,0.5398377056207267
IND175001AAA,0.0030041414502932433,0.0007624739730084338,1,1,0.0,23.0,-0.002106725747957724,23.939198080402836,-5.203961335761878,-1.5682811678072166,78.21522874162505,69.36452941851287,-1.684402862027107,7.963842805260318
IND175101AAA,0.0039116365899191045,0.0007769781320615114,1,1,0.0,15.0,-0.0022290599931067447,25.72602809447233,-4.805223339109327,-1.6590061812819263,82.65401246457934,72.83169380669213,-1.7345087552214153,8.263286922139756
IND175015AAA,0.0,0.00033053649751188193,1,1,0.0,24.0,-0.00010462762190815726,0.7337044503831192,-0.1791342975207886,-0.06053548553681318,3.268597227716519,3.2200620358710017,-0.08550170036201304,0.40402950579438923
IND176061AAA,0.0,0.00023768950610103222,1,1,0.0,5.0,-0.00025727594818498567,4.845422718138211,-1.0179451511859923,-0.25962481638458207,11.79020233338261,9.739855087035588,-0.2504427759717724,1.0464826702288108
IND176110AAB,0.0,0.00023768950610103222,1,1,0.0,16.0,-0.00025270525352172536,3.5090816375489418,-0.7411903319958166,-0.20874236322814013,10.071805070318312,8.416810622092052,-0.26614107554120087,0.9621391955726507
IND177033AAA,0.0,0.0003305364975118818,1,1,0.0,23.0,-0.00047298815995014073,7.054302301063056,-1.4312933305213449,-0.41010121050817105,19.52258310462655,15.849412700325304,-0.49667679291749905,1.7683406923422529
IND176215AAA,0.0,0.00012846922524445772,0,1,0.0,3.0,-9.765126707201333e-05,2.4306779926712854,-0.5303466828145522,-0.11209760199489324,4.752803565565881,3.877018645121235,-0.12618733745109756,0.45623168887737026
IND176310AAA,2.4891101431238333e-06,0.0009311569312577371,1,1,1.0,21.0,0.00018873261798948684,0.0001315374965574111,0.00025054457958173,-0.0019732823426387523,0.02878639844983862,0.0057632139397719665,-0.05519122956363173,-0.1473952897027468
IND177001AAA,0.0,0.00012846922524445772,0,1,0.0,7.0,-0.00011945543520726313,1.4127853853950227,-0.31063222436265486,-0.09107723388158875,4.511600076592927,3.984260212797951,-0.10016559962907644,0.45813276710538636
IND177101AAA,0.0,0.00023768950610103222,1,2,0.0,6.0,9.056626920765175e-25,2.29783318212113e-24,-4.24374627222384e-25,9.510046794780774e-24,-7.255149737840116e-23,1.5461035466478978e-22,4.2343500799784795e-22,-5.619299438466999e-22
IND176001AAA,0.0,0.00024599934699907227,1,0,0.0,2.0,8.113780607559601e-25,2.0421062309470386e-24,-2.890887398762569e-25,8.612693435175317e-24,-6.398220769108866e-23,1.3680550796062708e-22,3.6876605643896576e-22,-4.962655261532274e-22
IND176001AAB,0.0,0.00021300637575726736,1,0,0.0,1.0,3.5220198556445703e-25,8.846377304171794e-25,-1.1557991615418653e-25,3.748671291125087e-24,-2.766269109062397e-23,5.919825896103254e-23,1.589230931722739e-22,-2.1463858816312736e-22
IND177203AAA,0.0,0.00012846922524445772,0,1,0.0,3.0,7.494669405453006e-25,1.8909762408142764e-24,-2.9295008442989736e-25,7.929154081139237e-24,-5.938885835678784e-23,1.2685204519011447e-22,3.4364296157948293e-22,-4.604345756270182e-22
IND184121AAA,0.0,0.0010787941974875726,3,3,0.8333333333333334,16.0,-0.003333454236962731,37.555530908188906,-8.255965236942036,-2.467888043749604,123.22053034086932,109.55211493885099,-2.6210410882912227,12.57752455905184
IND181152AAB,0.00039327940261356566,0.0005706734149019988,2,3,0.5,18.0,-0.0008388792167514048,8.918444906850091,-2.0954475995391877,-0.5897676986183608,29.57342933463992,27.536696926035933,-0.6895881176920868,3.3182542522247913
IND181201AAB,0.0,0.0003567586728240459,1,1,0.0,12.0,-0.0002412565416002137,2.3970248744805653,-0.5473763795839065,-0.16592067598093743,8.451516814464096,7.800714341982241,-0.20053638594072534,0.9330690780643502
IND201001AAA,0.0,0.00033361590139658546,1,1,0.0,6.0,-0.003942115116628379,9.42449855031303,-1.090168413935512,-0.5706900640510673,9.222561708529822,-11.03792875506159,-5.750818872085472,-5.013643423826862
IND201005AAA,0.0,0.0005708742976276217,1,1,0.0,3.0,-0.004491892536953038,10.429798667914529,-1.301009428488422,-0.6311402833505416,9.907153429476288,-12.231794879997434,-6.550060582060041,-5.554811976128916
IND201007AAB,0.00013657806619847695,0.0007937937700384472,1,3,0.6666666666666666,17.0,-0.0027014444123062277,14.471186709666732,-1.0946828099154708,-0.649457834880586,11.868314645158303,-15.596865277445438,-5.512542790550011,-5.924052517676332
IND245101AAA,0.0,0.0007352234196531592,2,1,1.0,30.0,-0.012383694729549732,21.090128032472098,-2.7769693838599263,-1.4156133237174662,18.2249768514484,-29.153972890577716,-17.84161938925733,-13.480944876304784
IND245304AAA,0.0,0.0010274786807616782,2,2,1.0,53.0,-0.015176153597798217,25.17133646010047,-2.9427605859879917,-1.754514641135988,23.871823551508395,-36.890435083720966,-21.96464712475948,-16.913865984344326
IND201304AAA,0.0,0.0011087864676191034,2,1,1.0,27.0,0.005346342216631794,37.74399052596524,-4.958560716231232,-1.4034972792067772,34.40888418035488,-40.25842377026307,-6.994381238598306,-12.769815856529773
IND203205AAA,0.0,0.001168964164744855,1,0,0.0,14.0,0.002651305552103398,29.099630415169077,-3.9738259452761193,-0.9625815981915625,22.857470541396527,-26.13613298829787,-4.60264933457534,-7.760849655281205
IND201301AAL,0.0,0.00035244739262061786,1,2,0.0,22.0,0.0003673087789218957,1.6214782970196373,-0.2239159403324914,-0.06808969870446623,1.7172818639028253,-2.1931616179487388,-0.441956104994606,-0.7390918603501722
IND201307AAA,0.0,0.0002634311031003708,1,1,0.0,15.0,0.0002013743995066152,0.7963652807311851,-0.11152065761599958,-0.03431988733837689,0.8707925349528683,-1.1197672886215362,-0.2337063223088919,-0.38500825419757573
IND201306AAA,0.0,0.00012846922524445772,0,2,1.0,9.0,0.00016149064667210646,0.6732829481127057,-0.09381107861042168,-0.02877091628288639,0.7290465891712198,-0.9287111643370239,-0.18957748883111047,-0.316854403789518
IND205001AAB,0.00235718730553827,0.000885108090714409,3,4,0.19047619047619047,33.0,0.0006656158225923438,20.556131990347232,3.9489715020705973,-0.5706111636371426,13.755378751274089,-16.17489497109342,0.38946544826354423,-4.580823837333326
IND207123AAA,0.0,0.0004213111220323782,1,1,0.0,3.0,0.00031532981224245867,8.091105329161337,0.42505080006681384,-0.2956297443454555,8.01283813106706,-6.42846216234356,0.1548822310365548,-2.264785504569998
IND202001AAC,0.0,0.00012846922524445772,0,1,0.0,4.0,2.8532611821862823e-06,0.029474236345490144,0.0020306225392846874,-0.0012369927609127427,0.03414337610725656,-0.04179910205564963,0.00024127482533924615,-0.01410548207190947
IND204215AAA,0.0013105164903546983,0.00023768950610103222,1,1,0.0,10.0,2.5951833773477455e-05,0.34831103661402263,0.02433725926187482,-0.013906615803556954,0.37416520059687297,-0.4388848743620911,0.0007171502133717138,-0.14499102165577596
IND203001AAA,0.0,0.00012846922524445772,0,1,0.0,5.0,7.82613090439628e-06,0.014847291483308177,-0.0022705161185564114,-0.0007938350044874085,0.020963593981499707,-0.029344306553618506,-0.00759875138550452,-0.011392826167503818
IND203131AAA,0.0,0.00023768950610103222,1,1,0.0,16.0,5.8043023802610415e-05,0.21683812311110795,-0.030139434875581655,-0.009431501596920699,0.23959123614361894,-0.3125405697464541,-0.06605680696739732,-0.10812358416041862
IND203135AAA,0.0,0.00033053649751188193,1,2,0.3333333333333333,22.0,0.00027214349055278375,1.230616567400164,-0.16946635859721498,-0.05138478754665979,1.2940850727150965,-1.652906197223594,-0.3310207351842049,-0.5543759818014327
IND203390AAA,3.74114750970516e-06,0.0004988330625313053,2,1,0.3333333333333333,28.0,0.0006812823998704064,3.1169041255786163,-0.4313130737813009,-0.13005054290349258,3.275542574974062,-4.167045407944324,-0.8344483252242986,-1.3968234087737366
IND203396AAB,0.0,0.00026109453441312705,1,1,1.0,20.0,0.00032376222956538835,1.4227562695566502,-0.19858803882810716,-0.05990424858478014,1.5119635875523625,-1.9285257497876085,-0.392931352056976,-0.651385907936904
IND204101AAA,1.590068046062201e-05,0.00038913492407410507,1,2,1.0,6.0,0.000483721581670587,10.26342622551213,-0.4682623539047552,-0.32124249102759006,8.056801880660243,-8.729896112954597,-0.2825623029889918,-2.3452543277329116
IND207001AAA,0.0013118957267366095,0.00033053649751188193,1,1,0.0,12.0,0.00010279740859099082,2.0828867156454485,0.1810074340427479,-0.07317560045938382,1.8708468607855357,-2.009022749041331,0.059198127024024376,-0.64281798695966
IND205135AAA,0.0003928204885190418,0.00028073091005751457,1,1,0.0,18.0,5.740687948801071e-05,8.18877550074022,1.4042397222610579,-0.240890347605652,5.17641240044824,-6.369912356285809,0.5764028723577277,-1.819228383236621
IND209625AAA,0.0007865588052271313,0.0005719915580361356,2,1,0.3333333333333333,11.0,0.00015117785683350116,2.772921524567145,0.11358965171813742,-0.0898717454801254,2.2503068277597946,-2.7921972157656834,-0.0389100390376331,-0.7788604511317654
IND209721AAB,0.0,0.00029227386886215335,1,1,1.0,11.0,6.553610781555289e-05,1.0991897991141537,0.08525902733501563,-0.03804947677438203,0.9763510934177562,-1.1785936520406817,0.0022108786925457632,-0.35061340808562014
IND283203AAA,0.0013055382700684506,0.000367211068883747,1,2,0.3333333333333333,21.0,6.66215815097023e-05,11.330289288917882,3.7877442435906135,-0.29137831528467273,6.7438082631792335,-7.554044678676599,0.47293022641669186,-2.174107566707653
IND206001AAA,0.0,0.00044657509600526597,1,1,0.0,25.0,0.001981164970370434,55.8280334793128,-9.586841352999555,-1.328606659343429,26.72594521062352,-43.1711504759112,-5.59474055944941,-8.33912598117151
IND206122AAA,0.00039203484754200374,0.00037418335950561673,1,1,0.0,24.0,0.002051209970975332,46.33324922095299,-7.884953579375166,-1.1909902372120336,23.265128175679443,-40.174371372612974,-5.21152355127092,-8.370128283918666
IND207302AAA,0.002616054760423149,0.0004094826622930656,1,1,0.0,12.0,0.00021674631361943918,4.529872185776091,0.22569421824335048,-0.15210086974585427,3.793540025316505,-4.279217565537516,0.0408939846665988,-1.293238011670303
IND207247AAB,0.0,0.0003400216294939852,2,1,0.3333333333333333,15.0,-4.758213779280364e-06,1.5116895802647297,0.06544319345057399,-0.05100564218751797,1.0087641765083806,-1.241170109186344,0.2507609177664942,-0.37453209977305046
IND208012AAA,0.0,0.0003891624528817642,1,1,0.0,18.0,0.002809435697294577,33.784449492555424,-5.232738216624076,-1.0829593817115228,22.45911600480028,-42.54582098629931,-4.332759945454931,-11.516455082628271
IND208017AAA,0.0,0.00012846922524445772,0,1,0.0,5.0,0.00017057453825769191,2.557955723351695,-0.3556958668557879,-0.0772493148351293,1.6438721418056894,-2.832972292955063,-0.28564270632923555,-0.6942355518627124
IND208019AAA,0.0,0.0008444445540054889,1,1,0.0,17.0,0.0025715392978820635,32.71465132101572,-4.3571204167769615,-1.0600451003905749,21.073197139100404,-40.67713290731659,-4.195093434918215,-11.176863535287575
IND209101AAA,0.001568139390168015,0.0005090731525642302,1,1,0.0,15.0,0.001067747190097699,12.743124673590543,-1.9986685066474743,-0.42975053402364616,9.082282670509368,-16.182493668568856,-1.7668404137555218,-4.5180737119732495
IND209111AAA,0.0011784614655571254,0.0005612471073644532,1,1,0.0,21.0,0.0010027635833367674,11.430661800223826,-1.8256963059926763,-0.3894283214677866,7.9633922502258905,-15.581920716433418,-1.6800782474096285,-4.295420779553589
IND285001AAD,0.0020896079651524582,0.0006058536765598629,1,1,0.0,30.0,0.0015803182791864659,15.313361287299054,-2.4748002980793466,-0.5451713453990876,11.505801246213517,-22.609559068920813,-2.3760876410840726,-6.225133368444605
IND209206AAB,0.0003940675376889435,0.0002517527220581593,1,1,0.0,12.0,0.0013530381845027804,15.122605659768395,-2.572364574452592,-0.5211536734836002,10.750462395453782,-20.090294061639753,-2.2687606253841555,-5.565813113956621
IND210301AAA,0.0,0.000342494815876236,1,0,0.0,11.0,0.0010677183309619849,11.581948598033813,-1.9419991037839162,-0.39423639416660605,7.9648686223245,-15.880865229461502,-1.742203258449336,-4.3262667459630535
IND208006AAA,0.0,0.0003879318513103086,1,0,0.0,5.0,0.0012977672512436299,13.46994247256154,-2.010899271869043,-0.45769987530973844,9.380946682405305,-18.196931132114145,-1.5532337083823102,-4.924141292225693
IND209801AAA,0.0,0.0004805743638714691,1,1,0.0,16.0,0.0025727091082783657,33.27869901114716,-5.387347506687664,-1.0575545127515142,20.849043988424143,-40.34152780142832,-4.06657439484972,-10.701942104331117
IND211002AAB,0.0072906036092097075,0.001848541856409606,6,4,0.027777777777777776,79.0,0.003139850868770105,40.3560616563305,-6.924472159197301,-1.2882339758335497,25.072735042488603,-50.00845903936544,-5.767823848591166,-12.63725814852616
IND212601AAA,0.0007865588052271313,0.00045864359031175,1,1,0.0,23.0,0.0021676662555079776,22.322265554653242,-3.849925521958138,-0.7618624870663253,15.047488547756563,-30.45211623579604,-3.2635728687070267,-8.355869325237569
IND221313AAA,0.006685749844430616,0.0004347877982258322,1,3,0.16666666666666666,6.0,0.0014206629560535857,17.498147568093938,-2.93631746374964,-0.561076240735703,11.170143234691432,-22.16870606381484,-2.3988712670625567,-5.907221186744606
IND241124AAB,0.0003940675376889435,0.0006149022330836432,1,1,0.0,8.0,8.171174489585616e-05,1.1393964284844682,0.11683464026355193,-0.03959147326713786,1.034958417826579,-1.352749092039049,-0.013907214779574907,-0.3946479195721717
IND210001AAA,0.00039327940261356566,0.0005183761146501087,1,1,0.0,21.0,0.0020955529512004206,21.259826560349634,-3.3208232664742354,-0.7506905851007586,15.507157143690774,-30.51739839058054,-3.169834599217919,-8.497443433689146
IND210427AAA,0.0,0.00056937448172404,1,1,0.0,17.0,0.002346912461800534,25.383899375911543,-3.8865355770026353,-0.8793714179538379,18.328663104695305,-35.192856302369435,-3.3912539808423254,-9.5721121573256
IND210431AAA,0.0013030491599253268,0.0006757153803274163,1,1,0.0,8.0,0.0016877634958912763,21.88198691890273,-3.070018665506377,-0.7131700817471684,15.113054865668241,-27.076930285462975,-2.371796608593619,-7.185027374467419
IND210501AAB,0.0,0.00012846922524445772,0,1,0.0,11.0,0.00014253817724570362,2.05621688915222,-0.28767911309981237,-0.06592136259899474,1.3781331105681238,-2.4655556793064375,-0.21295546505036264,-0.6358021210895719
IND211011AAA,0.0007853142501555694,0.0006550491410384645,1,1,0.0,19.0,0.0006082333343002882,4.9099446225062655,-0.8963525376703244,-0.1839596638943369,3.856744563169861,-8.286351872344447,-0.9881952043680282,-2.2898933789671654
IND211013AAA,0.0,0.0006949415589016469,1,0,0.0,7.0,0.0005436720092938898,6.467421485188761,-1.1098581597275448,-0.21486951064052065,4.296677778512769,-8.666659154127247,-1.018630591275107,-2.3147016669573413
IND485001AAC,0.0027535780958307405,0.0006236244182094787,2,5,0.23809523809523808,46.0,0.0006030541888645643,5.074677324928348,-0.9096941818748316,-0.18652200285302312,3.9828330781114247,-8.29043252371055,-0.9889836561654947,-2.2412929205545806
IND211008AAA,0.0,0.00012846922524445772,0,1,0.0,6.0,4.560139523575522e-05,0.36537649986847015,-0.06523629469982833,-0.013735165834826321,0.29180490240357904,-0.6163323185017817,-0.07213443380006261,-0.16901763726688648
IND211010AAB,0.0,0.00012846922524445772,0,1,0.0,1.0,2.8793384965306954e-05,0.20032714785607958,-0.03827503091856555,-0.007902019547138324,0.1699653503801628,-0.3754492687575957,-0.04681579352218791,-0.10299571492320007
IND212501AAA,0.00039203484754200374,0.000685455541687787,1,1,0.0,20.0,0.0006799811287114071,5.443907508783215,-0.9637292747854695,-0.20427599569424368,4.3481991204354244,-9.155377907850799,-1.0670449572674603,-2.516911647096921
IND212402AAA,0.0,0.0007124262785787411,1,1,0.0,19.0,0.000636181610996456,4.9294868936632374,-0.8848680673850066,-0.1868856487975751,3.992247413627903,-8.481814963029155,-1.0016387604082484,-2.3331143643689365
IND221010AAB,0.0031649035469819542,0.0009687047219025535,2,3,0.1,7.0,4.3561451137208955e-05,0.25265702157748676,-0.04450475376673901,-0.01056206151928776,0.23993240469342447,-0.5197410601368385,-0.05954597887050051,-0.15177184816999523
IND222001AAA,0.00039656163602874695,0.0001854242597098296,1,1,0.0,2.0,7.114877925318639e-06,0.035771627246274536,-0.006302539729811721,-0.0015687677448190025,0.036580751190318284,-0.08043415985998544,-0.009330004975497864,-0.023899081853996876
IND232101AAB,0.004726820161792159,0.0009901662448675982,2,1,0.3333333333333333,7.0,0.0004062716475153904,4.495582564655964,-0.666736514604735,-0.15181655794093143,3.157133730883226,-6.0249547358452284,-0.6153413667002636,-1.6341168336296699
IND233001AAA,0.00196764156813939,0.0003321252453265519,1,2,0.3333333333333333,7.0,5.055027253771579e-06,0.022468491204642456,-0.00402242533355848,-0.0010202540585246128,0.024249684197965117,-0.0545043247414374,-0.006468087362068161,-0.016429169923705134
IND221303AAA,0.0,0.00023768950610103222,1,1,0.0,3.0,-4.5618816199855057e-23,-5.054888567579199e-23,-1.3314606788112106e-22,1.4812203536565649e-22,6.827020835103985e-22,4.82636411160551e-22,-6.822210542295541e-22,9.239874040000944e-21
IND231001AAA,0.0,0.00033053649751188193,1,0,0.0,2.0,-4.6333797869109525e-23,-5.1415540708400714e-23,-1.380848681178984e-22,1.359205260671619e-22,6.977450477149994e-22,4.766018329441304e-22,-7.580026192145457e-22,9.203040111540203e-21
IND276128AAA,0.001179838207840697,0.000155554385675988,1,1,0.0,5.0,0.0002458101163384217,2.9553056964349613,-0.5591042270167298,-0.10262944841034538,1.8923799135401587,-4.10751071386702,-0.49277650497333425,-1.1764445293388384
IND221401AAA,0.0,0.00012846922524445772,0,1,0.0,1.0,-3.36569918749372e-23,-3.73215728249821e-23,-9.92774202069187e-23,1.0396682954132866e-22,5.052787595062143e-22,3.511058177947527e-22,-5.271579865651076e-22,6.7505754445697904e-21
IND221706AAA,0.0,0.0006335426413144444,1,1,0.0,14.0,0.0003202814119967969,5.131658944164816,-0.7997478013767689,-0.1788920694605557,4.337943460725325,-8.631614449367584,-0.8376147436888414,-2.4699481598790602
IND273014AAB,0.005297464873742506,0.0024978177836961248,5,5,0.0,70.0,0.001833991949579018,26.612544030395686,-4.081025816407009,-0.8943355108455926,21.34795569032292,-41.3721258693826,-3.9976131282290983,-11.678678317856566
IND222136AAA,0.0,0.00028610116107961436,1,0,0.0,1.0,4.336066977065314e-06,0.01895508019704702,-0.00352648873194013,-0.0008726838829241916,0.020711575311299593,-0.04695454203178211,-0.005604191330999042,-0.014156668557955093
IND223101AAB,0.0003945239576851276,0.00035011223839627784,1,1,0.0,10.0,2.7944079319173055e-05,0.18462518996855212,-0.03511407235757724,-0.0074916635196438305,0.1618753609997094,-0.3605507260257683,-0.04281803853334976,-0.10510198697186937
IND222125AAB,0.0,0.00042614368197995984,1,0,0.0,5.0,1.1081005415399963e-05,0.06655416183960816,-0.01315833875532164,-0.0028825775702167188,0.06192807348914781,-0.14251312809139827,-0.017462770788674874,-0.043029622053910574
IND224001AAA,0.0,0.00012846922524445772,0,1,0.0,11.0,-3.1062657171582362e-24,-2.722086638341616e-23,-1.107173037220732e-23,-9.477872380121703e-23,-7.4634326380507155e-22,6.624453532801594e-22,5.862984252609684e-21,-3.25110365537056e-21
IND224141AAB,1.24704916990172e-06,0.00023768950610103222,1,1,0.0,26.0,-4.753379607296671e-24,-3.804864230197771e-23,-1.465286262744823e-23,-1.3103801232540803e-22,-1.01394755632336e-21,9.490581182666866e-22,8.043206560592854e-21,-4.551521501872601e-21
IND224122AAA,0.0,0.00033053649751188193,1,0,0.0,15.0,-3.733095793286584e-24,-3.6320146613037985e-23,-1.5595652403516648e-23,-1.2790219217753094e-22,-1.0251001720007352e-21,8.607757060610979e-22,7.97476250061466e-21,-4.330658362407358e-21
IND226004AAA,0.0,0.00012846922524445772,0,2,0.0,6.0,5.89842269878174e-32,4.8943634295389945e-31,-7.143485398012555e-30,8.816017760170071e-30,-5.532572115228544e-29,-1.3947988719596945e-29,-4.41706766402962e-28,4.1866686013726845e-29
IND226016AAA,0.0,0.00019717230513810946,1,0,0.0,5.0,-3.227572258137916e-31,-5.612278187467043e-31,2.587123055153253e-30,-1.390809270962675e-29,-1.875254464135765e-29,-5.228933203448962e-29,1.4015753070078654e-29,-3.6229329793482037e-28
IND226024AAA,0.0,0.00016898642620738052,1,0,0.0,1.0,-3.227572258137916e-31,-5.612278187467043e-31,2.587123055153253e-30,-1.390809270962675e-29,-1.875254464135765e-29,-5.228933203448962e-29,1.4015753070078654e-29,-3.6229329793482037e-28
IND231205AAA,0.0,0.00031014503889186754,1,1,1.0,7.0,5.29106771034328e-15,-3.590222189485394e-15,-2.6748044759604217e-14,-4.483056871559987e-14,6.207964633006182e-13,1.1625448531623912e-12,-1.2788480744097808e-12,-5.730948137096132e-13
IND231216AAA,0.0,0.0006157033096831123,2,0,1.0,6.0,7.634627945120854e-15,-5.180212716966922e-15,-3.859172455772388e-14,-6.467916855466775e-14,8.957399317710461e-13,1.6773028465902405e-12,-1.8453278591863073e-12,-8.267985780831882e-13
IND231208AAA,0.0,0.00012846922524445772,0,1,0.0,6.0,1.3086092799112669e-15,-8.879504504768069e-16,-6.615464012541592e-15,-1.1087728565184211e-14,1.535380982022942e-13,2.8752631271866707e-13,-3.162890695175795e-13,-1.4174143353899321e-13
IND231217AAA,0.0,0.00023768950610103222,1,1,0.0,13.0,3.4475053707044732e-15,-2.3392080212458192e-15,-1.7426932472535266e-14,-2.9207469257512735e-14,4.0448434595737876e-13,7.574227344941266e-13,-8.332749610615402e-13,-3.733645453202532e-13
IND231225AAB,4.98819667960688e-06,0.0003305364975118818,1,1,0.0,14.0,5.82363740716993e-15,-3.951513078393414e-15,-2.9438954083186605e-14,-4.9339950575007786e-14,6.832732869435013e-13,1.2794986291881762e-12,-1.4075853428562316e-12,-6.307290472668053e-13
IND486886AAA,7.4673304293715e-06,0.0004094826622930655,1,1,0.0,14.0,7.679484193061981e-15,-5.2108602496415775e-15,-3.882213050105218e-14,-6.506709180204848e-14,9.01026757346675e-13,1.687319269960088e-12,-1.8561310613045615e-12,-8.317872676242313e-13
IND232104AAB,0.00433105164903547,0.0009703293687597,1,3,0.16666666666666666,8.0,0.0002870749836032712,2.7320055209415104,-0.4473008449215261,-0.09740663299281722,2.0471146201988,-4.071137352542736,-0.43360613348042704,-1.1210485725009147
IND232327AAA,0.0,0.0004466723051685821,1,0,0.0,1.0,2.8523126422831647e-05,0.17577995465012786,-0.03130030802038094,-0.0072051969617312,0.16157263729087842,-0.34926529375302606,-0.039981156816912514,-0.10118260523848994
IND233221AAC,0.0,0.00033956473251438334,1,0,0.0,1.0,1.5853325014936038e-05,0.0949209736812329,-0.016754008617424272,-0.00393467692053713,0.08886739598469356,-0.19186049258554755,-0.02190542453512163,-0.05579478921886989
IND275101AAA,0.0,0.00026954897590337904,1,1,1.0,5.0,1.7301699606639843e-06,0.005655312323858582,-0.0010887663290910874,-0.00028556683310840064,0.007115581749877315,-0.016925585657446444,-0.002117884225938627,-0.005267136406641093
IND275503AAA,0.0011959201539357494,0.0004991440115778903,2,1,0.3333333333333333,7.0,3.497330028135487e-06,0.011491521967402985,-0.002205594638092406,-0.0005798187517904454,0.01444324770120177,-0.03428434819249472,-0.004279301503853041,-0.010663453534266008
IND242001AAA,0.0,0.0006514338038371392,1,0,0.0,3.0,3.6129982729087416e-05,0.4350201725936551,0.07092186086926773,-0.015722719726566144,0.4248669552015996,-0.5643641364012537,0.0011425104017486803,-0.1747806113222251
IND242221AAA,0.0,0.00017441762768704086,1,1,1.0,10.0,2.1757606330334826e-05,0.5064161442801334,0.06753798810420565,-0.017202685721117775,0.4330104383113469,-0.4776387148200565,0.023786346388908038,-0.15223263385994282
IND242307AAB,0.0,0.00012846922524445772,0,2,1.0,8.0,6.226124269022687e-06,0.10037924398383434,0.01930805585463186,-0.003490867509711368,0.09105216968629727,-0.11840169075898992,0.0033062406251718646,-0.03675036975126027
IND243001AAA,0.0,0.00012846922524445772,0,2,1.0,11.0,9.547117569956631e-05,0.2726141441706958,-0.04854913265884237,-0.014966823153105088,0.6969366472274022,-0.03616226843303088,0.3804418126963838,-0.28773795464812335
IND243503AAB,0.0013081545792269045,0.0008454140124313901,2,1,0.6666666666666666,20.0,0.001466850358138272,3.842851300301252,-0.693295016167432,-0.2133866742284351,10.107923655840596,-0.5174838849956214,5.760571728182498,-4.291787010048713
IND244901AAB,0.01310392034847542,0.0037356482947047986,10,6,0.075,57.0,0.007108302734840046,28.70825789688423,-4.882679303194897,-1.4529237649113333,63.05719629807454,-3.189822457401365,29.571594623151416,-23.210482834993485
IND243002AAA,0.00039032639017923834,0.0007718500399790954,1,1,1.0,13.0,0.001285333481283769,2.7776306145843295,-0.5187691851243145,-0.15927632345004133,7.870787548531071,-0.39068971984216505,4.914215599546226,-3.5548166768279787
IND243201AAA,0.00039327940261356566,0.0013527063649956983,2,1,1.0,4.0,0.002748611918778762,5.327042820582689,-1.0093521129898648,-0.3086359459219884,15.601437742367267,-0.7603814689464184,10.284491468131488,-7.301686168308448
IND262001AAA,0.00039327940261356566,0.0017147342497412833,2,2,0.6666666666666666,8.0,0.0035931996978991504,7.817147292347011,-1.4515354210334053,-0.4449506080271564,21.913432104437753,-1.0875444720853202,13.66907715256271,-9.877532791553499
IND243301AAB,0.00039327940261356566,0.0002503690665976097,1,2,0.3333333333333333,8.0,0.000687015712508287,1.5226074221653902,-0.28222923894814594,-0.08663285632616181,4.253261501219961,-0.2126069184046011,2.6290620567301013,-1.9068807024956511
IND244901AAC,0.0,0.0002332225022488667,1,0,0.0,1.0,9.423538190945913e-05,0.10637807641268185,-0.022042630458732657,-0.006660258499375755,0.3866645783133585,-0.017393842308260216,0.3260030459113661,-0.21556723645480047
IND263153AAB,0.005736154324828874,0.0021039170396811306,6,5,0.05555555555555555,76.0,0.07197070366679915,23.982026150466705,-2.863935155443731,-0.8378825069292242,52.64284208236981,1.5874423470427255,-5.739454340403113,-21.53447366941427
IND244221AAA,0.0064281269446173,0.0003912278740117255,1,1,0.0,21.0,0.002202040132778724,18.86794196895961,-2.9996807916279957,-0.905309926638103,36.00613941147372,-1.7745002199221376,10.591893079476238,-10.22519713062135
IND244301AAA,0.001179838207840697,0.00038400441203226623,1,1,1.0,9.0,0.0014919967736387277,3.2001558763448656,-0.5975573046420005,-0.18334564646109722,9.069193277339116,-0.44977830249352274,5.689504984377957,-4.107568754148351
IND244412AAA,0.0007865588052271313,0.0004548022929636214,1,2,0.6666666666666666,10.0,0.0015408958987490498,3.825868421149835,-0.6970566840289096,-0.21443806452496122,10.277213956355428,-0.5210154574993521,6.007352273292904,-4.439081406547803
IND244501AAA,0.00039203484754200374,0.00022974938675922958,1,1,0.0,6.0,0.0003169208850991359,0.5667097602070608,-0.10947205217976418,-0.03346113539371017,1.7274337099138526,-0.08290047196649708,1.176918026598136,-0.8280946558879161
IND244601AAB,0.0,0.000323792523091895,1,1,0.0,10.0,0.00047342006636288925,1.325730116789462,-0.23619932721325584,-0.07278701159053069,3.399913462003273,-0.1758696772002453,1.8738077363200176,-1.4121230037896835
IND244713AAA,0.0,0.001262376490238672,2,1,0.0,13.0,0.07885238586438795,9.015831889468418,-1.2531380320889547,-0.15037166991917264,30.179575597298708,4.763922325800351,-13.849592336221871,-16.31982648999962
IND263401AAA,0.00019663970130678283,0.0016719983324483432,2,2,0.0,24.0,0.09502894511902096,13.927710993090797,-1.8365449630539614,-0.31595304778552397,41.16383874063977,4.745196990030294,-15.438582187053493,-21.030607928566337
IND244715AAA,0.00019663970130678283,0.00042431595460332215,1,1,0.0,12.0,0.028471515318065015,3.6481793615173697,-0.5037495691615015,-0.07538797070746277,11.731382265319684,1.6578666875067944,-4.72344972897291,-6.146795408376162
IND244921AAB,0.00039327940261356566,0.0009839565897079906,1,2,1.0,6.0,0.001718081959021456,3.2413896597372553,-0.6154882039695043,-0.18795577246285738,9.55215772455557,-0.46358660155484804,6.387224165345451,-4.512009399189244
IND246725AAB,0.0019614187927815808,0.00045787005196311706,1,1,0.0,12.0,0.001190931297364304,2.7257452751133813,-0.5008612449250542,-0.1534365221870784,7.461588620717305,-0.3733046257764016,4.557061301161464,-3.311718577232874
IND246149AAA,0.0,0.0006016222836274486,1,1,0.0,26.0,-0.00187278594000787,22.512443933194664,-4.139787680238678,-1.3202513556691593,57.136863835369205,-3.6169483837622463,20.896003457628453,-19.96927012406351
IND246174AAA,0.0,0.0008489940004216223,1,1,1.0,13.0,3.479954397114132e-05,2.152316895984799e-05,-0.0002742170840088656,0.004544320536054344,0.0023904722406155694,0.031476092741069744,0.05672792395986469,-0.03262396349490358
IND246444AAB,0.0,0.0008489940004216223,1,1,1.0,18.0,3.4799543971141355e-05,2.1523168959848053e-05,-0.00027421708400886545,0.004544320536054345,0.0023904722406155694,0.031476092741069744,0.05672792395986469,-0.03262396349490358
IND246424AAA,0.0,0.0008489940004216223,1,1,1.0,19.0,3.479954397114133e-05,2.1523168959848036e-05,-0.0002742170840088655,0.004544320536054344,0.0023904722406155694,0.031476092741069744,0.05672792395986469,-0.03262396349490358
IND246701AAA,0.001568139390168015,0.0005175614579160886,1,1,0.0,20.0,0.0012515032733463045,2.2445120201463533,-0.43384337831561826,-0.13238987502580907,6.821733536380967,-0.3273124700901082,4.6561021627690105,-3.270841883179674
IND246763AAA,0.0011748599875544493,0.0005680062033433625,1,2,0.3333333333333333,24.0,0.0013221539707250387,2.6330303910898434,-0.49724323211265903,-0.15205906733849262,7.6423622581617545,-0.37421576710943744,4.973032488229168,-3.5448237500413473
IND246761AAA,0.0007843939278681819,0.00043415016604364315,1,2,0.3333333333333333,12.0,0.0005762742084084554,1.3593976343049783,-0.24795564114340915,-0.07606833595950033,3.67576195033654,-0.18521859123568202,2.209299223313233,-1.6147242160920048
IND247554AAA,0.0016963285625388926,0.00045397341353293943,1,2,0.0,15.0,0.0010851984710307594,15.767149579256754,-2.4740640026081078,-0.7248730359257398,27.269098152240808,-2.1288060257608667,6.625965508592179,-7.09608161707
IND248001AAA,0.0019583074051026765,0.0005075883198245386,2,1,0.0,26.0,0.0009717358459140826,12.65874053715196,-1.1890009648705242,-0.5319168191348003,19.76410537876004,-3.2254231823785053,4.424178424470011,-4.68484239903425
IND247776AAA,0.0016997280185760445,0.0006302884281019404,1,1,0.0,19.0,0.0011587628321092806,19.079988436251114,-3.0052619511958922,-0.8887686579062587,33.48626979392728,-0.8230187675341476,7.803424999203168,-8.043075112911326
IND251309AAB,0.00260983198506534,0.0006637644101632629,1,1,0.0,17.0,0.0016687137891785904,20.546339028263404,-3.289712415679786,-0.9505393003464095,36.09558391829867,-2.1744595296539613,8.42498080917215,-9.465653290221205
IND248122AAB,0.0,0.00023768950610103222,1,1,0.0,21.0,0.0002119987878294713,3.381008609006792,-0.4356442638483815,-0.13655713791266239,4.757529502993378,-1.2697109570833962,1.0262732714730665,-1.3325816445272392
IND248197AAA,0.0,0.00012846922524445772,0,1,0.0,11.0,7.994696811271767e-05,0.9749186315770169,-0.15079982779310444,-0.048100239164696794,1.8664653870935168,-0.1314384367511568,0.49860289787546586,-0.5162989794438699
IND249201AAA,0.0,0.0005206000793471175,1,1,0.0,26.0,-0.0019781469150565276,28.875295808523127,-5.165493063134629,-1.6083120309976844,68.07022490305772,-6.991935392574486,24.671334382582035,-24.120387444434638
IND251201AAA,0.0,0.00012846922524445772,0,1,0.0,1.0,9.013127937574256e-05,1.140250094380066,-0.18565280366400574,-0.058092127044869775,2.2926939843142904,-0.12092087838988437,0.6357188920962019,-0.6481964524801918
IND261001AAA,0.0,0.00023768950610103222,1,1,0.0,31.0,5.431006915987399e-17,5.237334014149849e-17,1.2488915461788256e-16,5.692035428824564e-16,-1.4013338001289116e-15,6.618584802948456e-15,1.601284179969897e-14,1.8695667629329907e-15
IND262701AAA,0.0,0.00033053649751188193,1,1,0.0,32.0,6.852980317351906e-17,6.608602834256203e-17,1.5758855661610031e-16,7.182341925235854e-16,-1.7682353541452303e-15,8.351496596931632e-15,2.0205397808314094e-14,2.359040183560816e-15
IND261201AAB,0.0,0.00012846922524445772,0,1,0.0,15.0,2.3528538331922118e-17,2.2688602929960098e-17,5.40959571416928e-17,2.4664114572826464e-16,-6.070963150859963e-16,2.867317451162527e-15,6.938266854602815e-15,8.108826745157228e-16
IND262122AAB,0.0,0.0008930194696104337,1,1,1.0,6.0,0.0018550156939835941,4.442648721438608,-0.8073357989838619,-0.24778371664602813,11.930456030760045,-0.6028609780620329,7.117526505022626,-5.214831995741191
IND262405AAA,0.0,0.00012846922524445772,0,1,0.0,2.0,0.0011209767920521293,0.15432990829822338,-0.020357565221532103,-0.0036879783584029607,0.4937958638053425,0.06060753354021014,-0.17239995580646347,-0.2545189036978811
IND262501AAA,0.0,0.0003166710908133996,1,1,1.0,13.0,0.006663224572580427,2.132880941848083,-0.2679216881920244,-0.06682155291180691,4.383271967846887,-0.18817459301580536,-0.7558656050286957,-1.9021315763820859
IND262802AAA,0.0,0.0004094826622930656,1,1,0.0,33.0,7.49308188872367e-17,7.226153452580899e-17,1.7233683549864532e-16,7.851733518371814e-16,-1.9333957878191958e-15,9.131647721192813e-15,2.2089263744493592e-14,2.5764744651755928e-15
IND262723AAB,0.0,0.00047660160154822226,1,0,0.0,17.0,7.303961468318824e-17,7.043160055770466e-17,1.679237272688048e-16,7.656800100717377e-16,-1.884609117947495e-15,8.900992596037001e-15,2.1539196774212e-14,2.517858655187762e-15
IND263002AAA,0.0011761045426260113,0.0003882104531820849,1,1,0.0,15.0,0.01298821011321587,2.824162142316971,-0.40379172254610873,-0.09481358722283109,7.7286651995590105,0.5954110128275917,-1.4325035023409456,-3.4949024433845794
IND263645AAA,0.0007856409770380836,0.0006542011604798971,2,1,0.0,16.0,0.017579733380371002,2.6172513591976907,-0.35891161207413125,-0.07017406291273598,8.294970128727355,0.9882232125011479,-2.532553837305867,-4.149045989083065
IND263139AAA,0.0,0.0005388621843020708,1,1,0.0,11.0,0.016680623505933526,4.580748415633445,-0.6177643628595774,-0.1661946938122103,11.5268927011596,0.48408569053938866,-1.413397727727618,-4.941248478147661
IND263601AAA,0.0016975731176104545,0.0006872138300571333,1,3,0.3333333333333333,21.0,0.019921044484529582,3.7549793289182163,-0.5345736695438176,-0.11977541787276681,11.029197403681255,1.4773592294038087,-2.5849416287453706,-4.948268696306755
IND271001AAA,0.0,0.0011552179025795157,1,2,1.0,16.0,-6.360394236629895e-05,4.855980212659923e-05,-0.001651226995515791,0.01827994628236938,0.0008893401802931725,0.08877904581181711,0.5079106804035001,0.15087182210224442
IND271201AAA,0.0,0.00019120080426377275,1,1,1.0,11.0,-3.447676986866604e-05,2.6322033834201645e-05,-0.0008950541587651219,0.0099087175696407,0.0004820703812198462,0.048123034798955286,0.2753150039399048,0.08178067108345283
IND271210AAA,0.0,0.0012005632944215789,2,1,1.0,17.0,-6.369326992297652e-05,4.8628001187366756e-05,-0.001653546035517716,0.018305619267589394,0.0008905892009020949,0.0889037301607753,0.5086240076367717,0.15108371165932605
IND272001AAA,0.0013266957062850033,0.00023768950610103222,1,2,0.0,6.0,0.00014204019175091524,2.3535961409109287,-0.32333961558815477,-0.07117535388163682,1.5643158188335209,-2.7356239377786755,-0.2680238068453259,-0.6892924545828039
IND272175AAA,0.0,0.00024062295230207437,1,0,0.0,1.0,6.736134529450868e-07,0.006842549533818703,-0.0010619067205246758,-0.0002528444603446112,0.006196585287029422,-0.012090702558656671,-0.0012481761626347257,-0.0033308119523611786
IND272155AAA,0.0,0.00012846922524445772,0,1,0.0,2.0,3.469887044105923e-05,0.38721403368523555,-0.06322117729221498,-0.013942802141026382,0.3126974510256998,-0.6272644219296559,-0.06386562428582722,-0.17735459068523177
IND272207AAB,0.0,0.00012846922524445772,0,1,0.0,3.0,-7.654737885338825e-30,5.917891918176745e-29,-7.1660480082498e-28,2.914300830526816e-27,-7.831760166022153e-27,1.9978533587770693e-26,5.354181798997645e-26,1.829178492963528e-26
IND272153AAC,0.0,0.00023768950610103222,1,0,0.0,3.0,-3.221581298148847e-29,1.6497496514543165e-29,1.3787563128068648e-29,-1.195652185325653e-27,1.2893809762503054e-28,-8.43536767507019e-27,-6.438235273060237e-27,-7.572883062976696e-27
IND273155AAA,9.956440572495333e-06,0.0004842692216244247,1,1,0.0,4.0,0.00014131344877855214,2.4441910376569487,-0.42309900135269246,-0.09799283234753703,2.7027121282718136,-5.806708948625715,-0.5535028251793952,-1.7810648032695802
IND274001AAA,1.995278671842752e-05,0.0007861520749576478,2,2,0.0,22.0,0.00029353320878398604,4.230840811483621,-0.7160292181793785,-0.16370347989102071,4.227067993869887,-8.91274765378034,-0.8637384301096483,-2.6803890975959415
IND274301AAB,0.0,0.0008873372655028688,3,1,0.3333333333333333,22.0,0.0005632355186410748,8.30471946886049,-1.2501814868657792,-0.30736000638909633,7.719949444450748,-15.549739469320118,-1.4590930618269922,-4.59832302363887
IND277303AAC,1.866832607342875e-05,0.000492073866706308,1,1,0.0,21.0,8.801143944071446e-05,1.8476272626610004,-0.32115359011732053,-0.07493708885856964,2.097998071502267,-4.544901789625018,-0.42717483690535046,-1.4075228065764263
IND273303AAA,4.98819667960688e-06,0.0005403704277468573,1,1,0.0,2.0,0.0002636700597711876,3.7602702425747103,-0.6342676084645561,-0.14328076224933084,3.6230291798220686,-7.591623250371284,-0.740158689321121,-2.2625819333017425
IND273304AAA,0.0013229620410703175,0.0005882046624486605,1,1,0.0,14.0,0.00037007339783718676,5.8707006180145855,-0.9619486723937726,-0.20118145910613588,4.88322465609004,-9.79299353211073,-0.9820582181348492,-2.765164444419691
IND274509AAB,1.866832607342875e-05,0.0003117390883723662,1,3,0.0,12.0,3.498674167592069e-05,0.8507951867466886,-0.14819882782292415,-0.03473267623032958,0.9828684658895425,-2.139114981632535,-0.1990487408911523,-0.6667337564679088
IND274304AAA,3.1113876789047917e-06,0.0005239395960344619,2,1,0.0,7.0,1.2874965088884102e-05,0.8121154699756159,-0.14254817139837409,-0.03344057052152616,0.9692303143340487,-2.132085329372369,-0.1922986221581535,-0.6737282048119968
IND274304AAB,0.0,0.0006684489586777288,2,2,0.3333333333333333,17.0,6.701497426105934e-05,1.5434972586525197,-0.2622828792344649,-0.060215861919200725,1.5892539981715783,-3.4008593021692684,-0.31709832086877215,-1.0425273281304017
IND274402AAA,3.1113876789047917e-06,0.0002158117815507263,1,2,0.3333333333333333,4.0,3.353188002093083e-05,0.5938006997639322,-0.10105062909532529,-0.02333094045784953,0.6201041031548833,-1.322487411813894,-0.12539657925686698,-0.4036959797200279
IND275303AAA,0.0008126944617299316,0.0005531337407249648,1,1,0.0,8.0,4.556253147980308e-06,0.013904173275073331,-0.0027140971294343733,-0.0007234816891240287,0.018241927128748583,-0.043870563385559204,-0.005530250385695361,-0.013737144315040148
IND276140AAA,0.00041692594897324207,0.0005987612567910852,1,1,0.0,5.0,1.1943355903377222e-05,0.06021224739805173,-0.010317770439977158,-0.002622868524245411,0.0613296493575549,-0.13417921429570082,-0.01550935390893528,-0.03990281842298431
IND276305AAA,0.000788135075377887,0.00026072989965391323,1,1,0.0,9.0,0.00019929677920746834,1.9611054486585673,-0.3224084457505589,-0.06941943301598374,1.4475560791315736,-2.8757276042592617,-0.3065829130151523,-0.7901903545937004
IND276129AAA,2.1157436216552582e-05,0.0006380474313357215,1,1,0.0,2.0,1.8428026116849715e-05,0.09540846272339257,-0.01663395883713346,-0.0041419982618747945,0.09621600199350583,-0.21023104602637582,-0.02424726268791008,-0.062266515799968676
IND277201AAA,6.222775357809583e-06,0.000593856738324693,1,1,0.0,9.0,0.0002841361080463551,4.0323671729935775,-0.6769626630488006,-0.15277707103126242,3.8243089865961046,-7.9856993981367435,-0.7780225300716814,-2.374265093647871
IND277211AAA,1.2445550715619167e-05,0.000547009880221669,1,1,0.0,10.0,0.0001222679676180412,2.29821220179168,-0.3971912320230437,-0.09254587022090394,2.5686988445424515,-5.532243443171891,-0.5229117102538032,-1.7045804289865163
IND281121AAB,0.0,0.00012846922524445772,0,1,0.0,11.0,0.00012178032152207249,3.078924826276386,-0.00916244417828421,-0.0930571325011669,2.202198102421217,-2.6005457522835886,-0.03733424820680124,-0.6985537209029298
IND281401AAA,0.0,0.00012846922524445772,0,2,1.0,8.0,6.329042945428131e-05,1.2445351758719831,-0.026756529577728148,-0.04288640170406462,1.0561636943769859,-1.3833833975436731,-0.06358825447913864,-0.36222875161844414
IND321022AAA,0.0,0.00017304321948198085,1,1,1.0,14.0,0.00019826381750543862,2.640112789745229,-0.27106365740624805,-0.08241113037517278,2.022672393915533,-3.0200988904273554,-0.2095822962555987,-0.6623069505934611
IND282001AAF,0.0,0.00012846922524445772,0,1,0.0,14.0,4.247690317435977e-05,1.2806015989677646,-0.19050412684015014,-0.03158874959868545,0.6702973553710903,-1.016753839890747,-0.1091680785585039,-0.17582403819295578
IND283122AAB,0.0,0.00023768950610103222,1,2,0.0,18.0,1.4763019874717061e-05,2.118694645194045,-0.3779609290256067,-0.053197458984479556,0.8385468621612201,-1.4659926452414338,-0.12248035514327382,-0.26524783608757285
IND281004AAA,0.0,0.00030714554727251896,1,0,0.0,3.0,0.00031377899598466515,9.664628615673037,-1.0337988950430201,-0.258785685514215,5.550647599069751,-7.894541853507573,-0.4193212015084724,-1.6096336524893065
IND282005AAA,0.0,0.00031699639178526065,1,0,0.0,3.0,3.442090754586275e-07,0.013246669609571384,-0.0025560178724881007,-0.000402053845625819,0.007342153852050401,-0.013763388252108799,-0.0013007880651624295,-0.002714067596300823
IND284001AAA,0.0,0.00012846922524445772,0,1,0.0,6.0,1.6599612750915723e-05,0.2523287124184344,-0.03684365444969911,-0.007716089864255906,0.17712170719071774,-0.292667101395346,-0.031121985257967222,-0.059205149840014334
IND284403AAA,0.0,0.00023768950610103222,1,2,0.3333333333333333,9.0,8.023068273455979e-05,2.0140177719877395,-0.2994941409783241,-0.05072270061138478,1.0941792779931845,-1.7068134286691659,-0.19506588647186718,-0.3038065778564942
IND472001AAA,0.0,0.0005337494494692125,2,2,0.3333333333333333,26.0,0.00029077935921799857,7.02797983229037,-1.1314337553738223,-0.19585699895938807,4.294803395208101,-5.941477848007598,-0.7134589897088345,-1.2149711075455056
IND285205AAB,0.0016963285625388924,0.0006433239667652953,1,1,0.0,18.0,0.0013641694579376105,15.451976531280406,-2.0781833201299045,-0.5213391360076802,11.250378098960185,-20.440283703562105,-1.9779248312463364,-5.514695856014949
IND321001AAB,0.0005892307327785627,0.00039472014906263614,1,2,0.6666666666666666,14.0,0.0006622537100418952,9.444508531851989,-1.7968670047146151,-0.21334433109913725,3.529715691518194,-6.003528933371769,-0.7610788691794081,-1.0334719390611435
IND321606AAA,0.00019601742377100187,0.0006038710239351754,2,2,0.6666666666666666,11.0,0.0011070315876381513,14.334734038289607,-2.6756727786050436,-0.3250561454168884,5.648858024895529,-9.21656788773693,-1.0686957139341968,-1.6400002545641916
IND301019AAA,0.0,0.00012846922524445772,0,2,1.0,8.0,1.360057845677088e-05,0.20062680929508248,-0.03588618730431784,-0.005706857986621313,0.12817229195167826,-0.20817794174520457,-0.03000458492419626,-0.039848084619427813
IND302004AAA,0.0,0.00035971350144824946,1,1,0.0,29.0,0.0005081106102158555,4.261330914796586e-05,-0.0020958930086989267,0.009376394684271608,0.010094714973808337,0.024818266414868333,0.20527796331233436,0.1053190629722628
IND302014AAB,0.00015432482887367766,0.0030783165564314294,8,11,0.02197802197802198,165.0,0.003088703033696716,0.0002590510281377475,-0.012740490161274536,0.05699734090310648,0.06136314764242465,0.1508659190961447,1.2478435861268173,0.6402128247298661
IND302006AAA,0.0,0.0003310032745884882,1,1,0.0,24.0,0.0005489079483821233,4.6034826025451076e-05,-0.002264176953205513,0.010129246396229835,0.010905242296260454,0.02681098052872308,0.22176019045046572,0.11377536632144032
IND303702AAB,0.002747355320472931,0.0004645722871270871,1,2,0.6666666666666666,16.0,0.0009367821788781106,8.145231704394204,-1.7619340816112912,-0.1741140901291711,2.0434311705339185,-4.129930618765833,-0.3561151622650948,-0.7703726938948957
IND305001AAC,0.013731176104542626,0.0027174521936309238,5,4,0.10714285714285714,89.0,0.023154221374764722,21.407521972467077,-3.814835734088485,-0.29688158501513556,10.545596791666446,-15.084533560965687,-5.574558136243818,-7.941457926682201
IND306401AAB,0.015079444098734705,0.0013431331863661294,3,4,0.2,78.0,0.009005963043853413,25.2458288142905,-3.7171238266742828,-0.5444658408592498,10.777278851003773,-18.257741772586176,-2.097161311700759,-5.510016062140513
IND313001AAB,0.009911968471271517,0.002011848154318556,4,5,0.14285714285714285,83.0,0.0011970507994414287,33.573897727033035,-7.476220450042863,-0.8706712947035404,12.18401574798256,-26.216948636332315,4.780027984914365,-5.492056520117997
IND332404AAA,0.002747355320472931,0.000694771720096861,2,1,0.6666666666666666,16.0,0.0015702819537880437,14.245806019799724,-2.7715022349609435,-0.31273661521028623,4.744318648851475,-8.504649517735855,-1.0755635596308288,-1.646986261042097
IND302006AAC,0.0,0.0004034624185678858,1,0,0.0,17.0,0.0004022772391973302,3.373795202954742e-05,-0.0016593426121298508,0.0074234075734640765,0.007992084490324725,0.01964894255532751,0.1625210101086222,0.08338232623242285
IND302020AAA,0.0,0.00034539093929598767,1,1,0.0,28.0,0.0005604597687536622,4.7004289540963666e-05,-0.0023118255366464885,0.010342422611160978,0.011134714640832427,0.027375253619309016,0.22642714801166555,0.11616973299075642
IND302023AAA,0.0,0.00041355533644819224,1,0,0.0,14.0,0.00017451028731605805,1.4635577509329268e-05,-0.000719833091663955,0.00322031768805269,0.003467021036626918,0.008523821875319679,0.07050259375048648,0.03617176580348853
IND302026AAA,0.0,0.000582103830139734,1,1,0.0,16.0,0.0006431960007153727,5.3943324577214344e-05,-0.0026531017074991683,0.01186919375500591,0.012778437088761307,0.031416454196391684,0.2598527916120269,0.13331893549218288
IND303008AAB,3.74114750970516e-06,0.0003327910909130888,1,1,0.0,9.0,0.0004494608129827925,3.7704263530586334e-05,-0.0018539516532923804,0.008294181163265588,0.008929074261003518,0.02195405666070311,0.1815831956840071,0.09316168458761637
IND303301AAB,0.0,0.0002546379772948374,1,1,1.0,15.0,0.00028498330883126426,2.3897778873912864e-05,-0.0011755257210916176,0.005258904356748497,0.005661929255461746,0.01391964787314032,0.1151339977513084,0.05907036266347196
IND303303AAA,3.1176229247543e-05,0.0005703087430875449,2,1,0.3333333333333333,26.0,0.0005706021094616543,4.784689961019387e-05,-0.0023536764299366152,0.01052952017278802,0.011336571093637985,0.027870234156176493,0.2305247535092259,0.11827259591606396
IND303603AAB,2.3693934228132678e-05,0.0008133123075074256,2,2,0.0,8.0,0.0019451857599240526,0.00016317624867875525,-0.008023572127672978,0.035895719474209525,0.03864347958226846,0.09501316943534556,0.7858595091092341,0.40318711347634945
IND303901AAA,1.496459003882064e-05,0.00035658857879684695,1,1,0.0,11.0,0.000496044570989246,4.16017021610957e-05,-0.002046121469133649,0.00915373726201392,0.00985498192266456,0.024228925569381478,0.20040324817423108,0.10281804611697952
IND303002AAA,0.0,0.00021376395323673727,1,1,1.0,15.0,0.0003290689063746639,4.47601628003936,-0.6318275608657175,-0.1089217979929173,2.137557018152973,-3.278707310760713,-0.3828941113279671,-0.6611910170253984
IND303338AAB,2.1157436216552582e-05,0.0005911145092776361,2,1,0.0,6.0,0.0013490013606738004,0.00011317410763830135,-0.005564390030738224,0.024894041037193736,0.026799088987698044,0.0658928614748076,0.5449995083206135,0.2796127510769661
IND303106AAA,0.0,0.00023768950610103222,1,2,0.3333333333333333,14.0,0.00030391051798365506,2.5671008463199216,-0.3595389215223897,-0.06330748623822935,1.2814909486169612,-2.0128205155063243,-0.1697092331589165,-0.438336321821664
IND303108AAB,0.0,0.00012846922524445772,0,1,0.0,6.0,9.678422907904484e-05,0.601265239004685,-0.09252027007656148,-0.014902769638702884,0.2877962722534116,-0.4945842171958548,-0.04695446470391829,-0.11445101109046449
IND322230AAA,4.3559427504667084e-05,0.0006133106522444411,1,1,0.0,26.0,0.000638218406047301,5.351662674975472e-05,-0.002632587129823602,0.011777266187813901,0.012679960358910603,0.031172850622723552,0.25784192028920294,0.132287884604544
IND303503AAA,0.0,0.00040203485219117343,1,1,1.0,21.0,0.0003978988807521379,3.336736780514152e-05,-0.0016412887968956086,0.007342584731138118,0.007905250560928475,0.019434910137473865,0.16075217479346454,0.0824750498010533
IND332001AAB,0.005101431238332297,0.0010327034607080907,3,6,0.08333333333333333,39.0,0.0015880677822482899,10.519114540204693,-1.9619305457573557,-0.2390857479282468,3.8487929238568404,-6.966886333342111,-0.8438012163275141,-1.4977293503905014
IND304001AAA,2.8682130907739558e-05,0.00043086798302624095,1,1,0.0,4.0,0.0004720941302994705,3.959245381377525e-05,-0.0019473300178762813,0.008711764129221903,0.009379181495392578,0.0230590511941178,0.19072721320796013,0.09785375222671376
IND322001AAC,4.107031736154325e-05,0.0004961183758432876,1,1,0.0,2.0,0.0005766305375969903,4.835928817019467e-05,-0.002378530164983535,0.010640819625663924,0.01145603499695857,0.028165041826662567,0.23296019162157713,0.11952162782103078
IND305802AAA,0.0015662937573965603,0.0007695026314913677,1,1,0.0,12.0,0.004933410211046079,3.5212300463589807,-0.7085450897379028,-0.04197602518854754,1.6994131626127766,-2.4793559668051746,-1.1332442170870713,-1.5602933295954882
IND305901AAA,0.0,0.0006780173925977243,1,1,1.0,19.0,0.008948878723840625,4.693040288430441,-0.830534534332967,-0.03949884032078604,2.9212336589910417,-3.7341712481089147,-2.049560708790643,-2.7188598365209855
IND342602AAC,0.0019516319508961918,0.001268964494956806,2,2,0.3333333333333333,10.0,0.016649840751911407,6.995259941511408,-1.4629591550864276,-0.02001661921187464,3.870996927709203,-4.653501032961479,-3.6729857515508413,-4.603661201010077
IND305404AAA,0.004297448662103298,0.0012139373023307555,1,2,0.3333333333333333,14.0,0.01605433362733668,4.688293956438123,-0.9227102556377529,0.021492202893738162,3.503685197907156,-3.8342227863596245,-3.4776590255853836,-4.383478722657619
IND305601AAC,0.0,0.0005231626924670928,1,1,1.0,23.0,0.009161297038584327,2.976506742805865,-0.5659735334624882,0.004170556517545642,2.156086126145399,-2.455449114655038,-1.9995617003833281,-2.5541980088260567
IND305624AAA,0.004690728064716864,0.0012808431079233645,2,1,0.0,10.0,0.017158709739375316,4.658630544221001,-0.9396229854847127,0.03277640425350371,3.570869908983436,-3.7760370240117247,-3.7135489001557422,-4.618559703535795
IND341512AAA,0.002476664592408214,0.0007826043287564441,1,1,0.0,9.0,0.004922149254328791,2.8990356990762565,-0.5200477326334015,-0.03188274446096356,1.785528273630471,-2.485449117395036,-1.1322776782807775,-1.5892133096467265
IND306116AAA,0.0003957685127566895,0.0006165867696204142,1,1,0.0,4.0,0.00010176233892844719,0.0787024481343949,-0.015030941161184525,-0.001393201864591643,0.057111809358417566,-0.10268649701718098,-0.014440459416438884,-0.04638528030485384
IND306001AAA,0.0,0.0006528274406647537,1,0,0.0,3.0,4.889579660370715e-05,0.026798102784347674,-0.005373806236316605,-0.00033453319826318146,0.021526716982932598,-0.038753945181038196,-0.006075897590075171,-0.020372646878093717
IND306304AAB,0.0,0.0006849549407434666,1,1,1.0,2.0,0.008854400919397612,2.482905686285888,-0.4861270473435947,0.01519590360321804,1.8653088659299286,-1.9573350080043508,-1.9285449830327372,-2.383359670167471
IND311302AAA,0.00378479423065172,0.0012307871707063997,2,1,0.3333333333333333,7.0,0.01695039044973431,4.713392484683048,-0.9376058334425679,0.029892676843705557,3.5680512039902057,-3.772307372160141,-3.6841998150497695,-4.567756002856315
IND342005AAD,0.0031412570006222776,0.0009205479100563051,2,4,0.2,45.0,0.003094483453118322,13.271880604739682,-1.7459122020404567,-0.321489502476369,6.799331963344535,-10.49160586704612,-1.0604401658063338,-2.7648665723492365
IND343001AAA,0.0019663970130678284,0.00039806343106453567,1,1,0.0,5.0,0.0012033927065264029,2.69896568463213,-0.5758860932286217,-0.0560312312785896,0.9767022588949188,-1.9004024864134164,-0.15818041338710265,-0.6230213781970586
IND306902AAA,0.0007906291737176905,0.0005743550139410895,1,1,0.0,3.0,0.00015845690206632828,0.14337710514018115,-0.03012080548949047,-0.002644366100640726,0.08856838102020709,-0.16487126068067187,-0.02034842457394572,-0.07192671420472638
IND307001AAA,0.0011835718730553828,0.0005251506918766354,1,1,0.0,4.0,0.0004915932554400114,0.6221977225636517,-0.10780947660072257,-0.013195333226976092,0.35889753547373493,-0.6415513150800494,-0.08576678595988671,-0.24590128477236778
IND311001AAA,0.0029943995021779715,0.0009467589579907683,2,1,0.6666666666666666,19.0,0.0005782009871572948,8.891799203315136,-1.9690951845351725,-0.23798373530675035,4.137369607021313,-8.791026261172696,1.6789291154134027,-2.045548052576504
IND313324AAA,0.002601120099564406,0.0009322701987637399,1,1,1.0,19.0,0.0007413482271682643,8.433806881068554,-1.9325151897710164,-0.22748202883363156,3.8900997933713835,-8.530830832922847,1.7852801846128716,-2.0710001726387928
IND311301AAA,0.0,0.00012846922524445772,0,1,0.0,3.0,0.00040647473152141645,0.08185706547889418,-0.01675810941703738,0.001532939710434691,0.0717866633499405,-0.06389416932521133,-0.08704185832535938,-0.10482646851956055
IND312001AAA,0.003779713752333541,0.0009427314029118104,2,2,0.16666666666666666,33.0,0.0003605252234886306,5.63614258137997,-1.3060408223874536,-0.14958247423468243,2.7143834437413057,-6.037153592937441,1.473114092899057,-1.5037868328014343
IND312601AAA,0.0007831468786982801,0.000499263543165214,1,1,0.0,5.0,9.255723622525267e-05,1.8547650880077553,-0.461511485823463,-0.04859859209074892,0.919356782379089,-2.167395389458826,0.7045399063822094,-0.5727899804832993
IND312403AAA,0.002609831985065339,0.0005996700764062806,1,1,0.0,9.0,0.00013285235061135699,0.9623249303655245,-0.2501520610941793,-0.0225532358185406,0.6118499103283546,-1.4694389754689452,0.5531225628484501,-0.456584770613099
IND458664AAA,0.0016997280185760443,0.0005526512123801269,1,1,0.0,7.0,0.0001333989411129858,1.2007298941629398,-0.3075469384742081,-0.029541602972987274,0.7012476294420219,-1.6735459548214313,0.5885110458216547,-0.49516323405418344
IND312605AAB,0.0020913014579251846,0.0010700468679704937,2,2,0.3333333333333333,25.0,0.0004284405279334217,8.974148896955098,-2.0868148644609565,-0.2422118670338032,4.02261634509208,-8.960288423791885,2.1334425632331597,-2.109055671662218
IND458001AAB,0.00039327940261356566,0.0005290967204951547,1,1,1.0,17.0,0.000161194319929324,1.9379813587857002,-0.49889812972438025,-0.05129150074812132,1.0355531985298103,-2.493753370517536,0.8166774492475596,-0.6882574365007511
IND327001AAB,0.0011747203180474202,0.0005312929313646587,1,1,1.0,9.0,0.0001115047519481323,6.926336354708913,-1.7625986558880242,-0.1864858994102475,2.3185572582500633,-5.866974700260351,1.7957708363759803,-1.2901842478589245
IND321001AAA,0.0013042937149968887,0.00036901883860624904,2,2,0.5,12.0,0.0007916078514430948,10.089255126612338,-1.5611501186396466,-0.2461851538058051,5.044302346801593,-7.961283632265206,-0.8942524288958451,-1.5084230947858144
IND321401AAB,0.0,0.0003766153520890331,2,0,1.0,7.0,0.0002475439709667049,2.5458043326771205,-0.42605319774764583,-0.0641149614835141,1.3021544584683578,-2.149829195724218,-0.2513784500975522,-0.4167155565857929
IND321408AAB,0.0,0.00012846922524445772,0,2,1.0,4.0,7.226684769563534e-05,0.49352799353549803,-0.08475159963014225,-0.012799040686972355,0.25281808511363796,-0.4365532358989433,-0.049787019965365435,-0.09382056660127198
IND322201AAA,4.7293092719352835e-05,0.0006815243634708696,1,2,0.3333333333333333,26.0,0.0006814462900185323,5.714305719044982e-05,-0.0028108947407920228,0.01257497849648422,0.013538727103944532,0.033284336553632395,0.27530608145007474,0.14124790904846216
IND322241AAA,3.491737675724816e-05,0.0006506237068532985,1,1,0.0,27.0,0.0006814253003351827,5.7140323347413764e-05,-0.002810810010474305,0.012574583293712797,0.013538354446272927,0.03328326325903635,0.2752976138935241,0.14124362121294248
IND331022A1B,0.0,0.00012846922524445772,0,1,0.0,1.0,-4.556774671704626e-29,1.0054112359343282e-29,4.100196887994134e-28,-1.0280894011509471e-27,3.1082363272720014e-27,1.5959268943256051e-27,-6.493940593711057e-26,-1.763799924501044e-26
IND331001A1C,0.0,0.00023768950610103222,1,0,0.0,1.0,1.3693362867481276e-28,2.5134884189998414e-28,5.253064907773534e-29,4.962984473602643e-28,-7.682400151503707e-27,7.027891207517115e-27,6.709571112523637e-26,-3.9256194803761045e-26
IND331304AAA,0.0,0.00012846922524445772,0,1,0.0,2.0,1.8297963001436753e-05,0.05481809211395718,-0.011113248015262525,-0.0014109673228587794,0.02872523333375081,-0.05570767870522153,-0.006974899806350794,-0.014073932649049192
IND331507AAA,0.0,0.00012846922524445772,0,1,0.0,3.0,0.00021273430776981678,1.525855554349524,-0.14474095523654767,-0.039505768120472275,0.8722312777578064,-1.2143139995732248,-0.10288199737944602,-0.298004627900545
IND331701AAA,0.0,0.00023768950610103222,1,1,0.0,2.0,9.619834925735461e-05,1.8869639262133548,0.6622000886871615,-0.04769957129956008,1.2612243313923304,-1.6316143943780872,-0.05086080481040947,-0.43628753051724006
IND333001AAA,0.0,0.00023474404543719042,1,1,1.0,1.0,0.00014459134561280174,0.7127938283663451,-0.12269967739901647,-0.017580383325621982,0.33077571770435865,-0.5929091765239628,-0.06799324175297257,-0.13796941087080283
IND333028AAA,0.00039327940261356566,0.0004595096794056151,2,1,0.3333333333333333,3.0,0.0001828977477399316,0.8297503271351564,-0.1517575010444681,-0.020575689103658583,0.38456470635779366,-0.7058529873447905,-0.08345609794793857,-0.164426816780423
IND333031AAA,0.0003940675376889435,0.0005633608320970669,2,1,0.3333333333333333,15.0,0.0003655123859436602,1.8576420902017206,-0.3110172243169024,-0.04575605488067696,0.8669770626205406,-1.5376653060796923,-0.17546034459791718,-0.35834752227139155
IND333042AAA,0.0,0.0002702531017091856,1,1,1.0,21.0,0.00019913021515929273,1.008462672333559,-0.16751799036495613,-0.024871773714433693,0.4744786855911313,-0.8396647742351266,-0.09588464401455131,-0.1962749135508095
IND334001AAB,0.00019601742377100187,0.0002766094797755686,1,1,0.0,10.0,0.00026839771104277834,1.2233815564239237,-0.19953340457287058,-0.031003676128366894,0.6287601280695119,-1.1078027052438164,-0.12351966702011082,-0.26791206975105664
IND334001AAC,0.001763951050825983,0.0002743627792878733,1,2,0.3333333333333333,6.0,0.00033901652234157395,1.5999495809025495,-0.2534883515879123,-0.040572376090899566,0.8249196384614105,-1.4424652780941516,-0.16057655713868388,-0.34860712471119076
IND332713AAA,2.49409833980344e-06,0.00023768950610103222,1,2,0.0,5.0,8.705522568450548e-27,-1.1638285614680899e-26,-1.4803066400961545e-24,-7.082386534094766e-25,-5.036189772355393e-24,5.701866787989219e-23,-7.479612715793466e-22,-2.480251638845378e-22
IND332709AAA,0.0,0.00025793526720101136,1,0,0.0,3.0,-2.5378222908479382e-27,-2.1903078058652544e-26,-1.2740348389956705e-24,-4.270814154212987e-25,-3.4804932996147965e-24,4.8055777723524004e-23,-6.04728701858132e-22,-1.9624106783845599e-22
IND332715AAB,0.0,0.0002010704555553282,1,0,0.0,1.0,-1.5226933745087626e-27,-1.3141846835191527e-26,-7.644209033974023e-25,-2.5624884925277923e-25,-2.088295979768878e-24,2.8833466634114404e-23,-3.628372211148792e-22,-1.1774464070307359e-22
IND333502AAA,0.0,0.0005193050175044526,1,0,0.0,0.0,8.793576941328565e-05,0.2971065087771427,-0.06232370062590448,-0.007538206076786027,0.1437172529823119,-0.2808339377831927,-0.03551611785983872,-0.06771574111418935
IND331023AAA,0.0,0.0006076824463138361,1,0,0.0,3.0,0.00012669583120507994,0.4243437705709237,-0.0884406464317978,-0.010797182062219003,0.20635855318813742,-0.40314379704431547,-0.049829181541270466,-0.09782048058066561
IND333504AAA,0.0,0.00012846922524445772,0,1,0.0,1.0,3.6377284283027382e-28,-1.754052870573555e-26,-1.2117963364272964e-24,-4.567505088406602e-25,-3.5469602504260436e-24,4.598998723388149e-23,-5.859898196924366e-22,-1.9142427529127526e-22
IND334803AAA,0.0,0.000480560838124828,2,1,0.3333333333333333,8.0,0.00038170145634703196,1.3582346274132955,-0.2193631098129724,-0.03710306598519236,0.8436269195787267,-1.4982476914835203,-0.16854305418326998,-0.38216158108827414
IND341001AAC,0.002476664592408214,0.0006537411789090307,2,2,0.3333333333333333,10.0,0.0008395533915908607,3.920928079109699,-0.5726140933953101,-0.10176545973259113,2.167520935853934,-3.730643521331618,-0.4099590421848329,-0.9202977745726453
IND335001AAA,0.005584318606098319,0.000524939291646448,1,1,0.0,13.0,0.0005732199428782502,12.406443759370577,-1.6362870141012662,-0.3115086576077454,7.0306957495400795,-10.987396390896562,-1.221251004248677,-2.0139423770854465
IND335051AAA,0.0026138150601140047,0.0008769900601817645,1,1,0.0,9.0,0.000506799878291222,3.5648608843293452,-0.4746006273943249,-0.11060561544698115,3.205116216817321,-5.732588040887303,-0.6449988471123177,-1.3706230775132444
IND335501AAA,0.0,0.00012846922524445772,0,1,0.0,1.0,4.342178873117643e-05,0.7679411650982223,0.002758008423347149,-0.02465638309926045,0.6103254794907963,-0.7589383225119247,-0.01951432000431744,-0.20177187372986527
IND335803AAA,0.0,0.0004158890557121426,1,1,1.0,8.0,0.00035430607761499655,4.141939625510003,-0.5020221297086771,-0.11689898996434735,2.9964540894033744,-4.84841167732837,-0.49689647512429314,-1.087274192108707
IND335804AAD,0.0011747203180474202,0.0008138617443311002,2,2,0.3333333333333333,5.0,0.0006180969132610665,6.546560716913829,-0.8441230530447035,-0.18682477167576728,4.879460254312692,-8.123095043395168,-0.8719920247237728,-1.8266626949097584
IND335701AAA,0.0016972339202362405,0.0008799198245425154,2,1,0.3333333333333333,5.0,0.0005403457766847153,4.034274488534381,-0.539585733457481,-0.12516014216164406,3.561061781631037,-6.253542706302329,-0.693929624886698,-1.4867949973878143
IND335703AAA,0.0,0.00045798854011608065,1,1,1.0,3.0,0.00029195690570386565,2.1087121559048696,-0.2781072379071767,-0.06576128643426091,1.8903346571712027,-3.3242756983000787,-0.3664321181966897,-0.8007505735335938
IND341030AAA,0.0,0.0003977369154238924,1,1,1.0,3.0,0.0007366364497778297,3.8289022277381397,-0.5527062522165607,-0.09721017040752614,2.0070732048989797,-3.42110742171059,-0.3725900230924101,-0.828483563259691
IND341303AAA,0.0016947398218964374,0.0007533808539078028,2,1,0.3333333333333333,17.0,0.0019438698211343853,15.490072017991377,-1.946763500385277,-0.38694359643864157,8.205391345748351,-12.536009288992078,-1.1503587018494958,-2.8298422813468926
IND341306AAA,0.002611320961774202,0.0007691908138267286,1,1,0.0,13.0,0.0023647581351724494,19.66001414546167,-2.0622799207768945,-0.47720749975183,9.64144077920405,-15.355174798908624,-1.6432495154300288,-3.5498207940754805
IND341503AAB,0.0,0.00044280610748336185,1,1,1.0,17.0,0.0019551124322383755,0.8302138527549393,-0.1599396456247012,-0.004748185776249086,0.5705187159441719,-0.7614549388532045,-0.425228387643736,-0.5924905985746155
IND341510AAB,0.002611320961774202,0.0008614709066207129,2,1,0.3333333333333333,20.0,0.004964558634399587,2.4304629506437294,-0.44955382002511857,-0.02005247151760759,1.5826019513380538,-2.137842131308303,-1.1059619160539969,-1.5390415455684199
IND341505AAA,0.002088807359585381,0.000792749875844196,1,2,0.3333333333333333,13.0,0.005160184182555045,2.1711752983630617,-0.42517130904180594,-0.011206301685608005,1.4856764932069049,-1.947015691040478,-1.1392993471078778,-1.5441246070950612
IND342601AAA,0.0,0.00034791253462748803,1,2,0.6666666666666666,14.0,0.0009319734305523323,4.860077207373222,-0.5630587486648194,-0.12137894927417883,2.65640761264993,-3.9583995735037707,-0.3724634259744238,-0.9999792966274625
IND342902A1B,0.0006521468574984444,0.0004485095297169121,2,1,0.3333333333333333,12.0,0.00160441791807806,11.47567748165179,-1.5874725236219245,-0.29128305882249284,5.6582866310372975,-8.99308552314184,-0.4248569708719528,-2.1434293067132177
IND342902AAA,0.0006534537650285013,0.0004908217333410953,2,1,0.3333333333333333,13.0,0.0015369658612976083,7.624196637342255,-0.18883028388603398,-0.17645581279372055,3.944432083327193,-6.000005092026899,-0.49832738265840437,-1.5864056990308824
IND344022AAB,0.0015731176104542626,0.00030502626811473036,1,2,0.6666666666666666,9.0,0.0005184432976631279,1.0631889237086765,-0.1664817228933598,-0.026137754421491174,0.6428355560544482,-1.0964872670445291,-0.12059533169095656,-0.3448117121805279
IND342301AAA,0.0,0.0006696166941379886,4,1,0.5,24.0,0.0008552091786535828,3.22613527918632,-0.46786761481892636,-0.08087359491130172,1.7355988350222542,-2.926253652913845,-0.31391729562542553,-0.7708803518391957
IND343029AAB,0.001576270150755774,0.0004667640080237522,1,1,0.0,3.0,0.0010203988200550274,1.9650721461989689,-0.3318491036398076,-0.04372014937769687,1.0190292948393995,-1.7759872587480074,-0.20145463869329527,-0.5859998880584558
IND344001AAA,0.0007865588052271313,0.00024654973999831934,1,3,0.6666666666666666,9.0,0.00021526737587256433,0.3957825160906876,-0.05897666136692274,-0.01007449552742439,0.26338393960290335,-0.4476143150008453,-0.05222164404230484,-0.14387903350267783
IND345001AAA,0.0,0.00016626805720412134,1,2,1.0,5.0,9.15148734024152e-05,0.1878761212345041,-0.027296867961730045,-0.004999288693229624,0.13093076761692285,-0.21936077220989744,-0.024650198176866416,-0.06758296878898416
IND345021AAA,0.0,0.000278364028159514,2,1,1.0,13.0,0.000156563663694502,0.32625872401103323,-0.0451305514645694,-0.008674240523634523,0.22688250983965844,-0.3804619522076112,-0.041362221160779235,-0.1170385670442859
IND360003AAA,0.0,0.00012846922524445772,0,1,0.0,2.0,1.7646193927271933e-23,3.345670264795086e-23,-7.389448659571834e-23,8.234245254651847e-22,-1.27530921494758e-22,3.748352661723973e-21,8.007832824350953e-21,5.14973568241354e-21
IND360311AAA,0.0,0.00023768950610103222,1,1,0.0,3.0,2.494828311943714e-23,4.583983354925641e-23,-1.0118385004232144e-22,1.1434067131071152e-21,-1.6576001294629147e-22,5.1369554524166474e-21,1.108235737721129e-20,7.045627561413841e-21
IND360050AAA,0.0,0.00033053649751188193,1,0,0.0,1.0,2.3262010971659714e-23,4.5565570982062053e-23,-1.0069963570235176e-22,1.1062308704171225e-21,-1.826608071155804e-22,5.103733873430809e-21,1.0795451031414958e-20,7.023712960764449e-21
IND360370AAA,7.48229501941032e-06,0.0005925312263561184,1,1,0.0,10.0,0.0013061103479684497,0.0009837513701426827,0.0004515303743439079,0.010865974300957617,-0.0062374719706632525,0.04023016764860607,0.2101088864907893,0.07722589952369943
IND360410AAA,1.7423771001866835e-05,0.0006297009662264985,1,1,0.0,2.0,0.0012294074001355621,0.0009259785253157299,0.00042499786937952473,0.010227973828044055,-0.005871279871291822,0.03786800129327285,0.19777305347325783,0.07269071844514557
IND360490AAA,1.2445550715619167e-05,0.0006638868566518526,1,1,0.0,10.0,0.0012367426062993346,0.0009315035706250598,0.0004275387959924673,0.01028896332441741,-0.005906272591148197,0.03809379778010263,0.19895212775416268,0.07312445333837789
IND362001AAA,4.2314872433105165e-05,0.002047709999054875,3,4,0.0,60.0,0.003706697666351561,0.002791883814515816,0.0012820471862383226,0.030832848927510086,-0.017697305866439316,0.11415566275060066,0.5961655601731015,0.21916569300562622
IND360510AAB,4.978220286247667e-06,0.0005122215854770235,1,1,0.0,18.0,0.001068106605164328,0.000804488002968261,0.00036923171489103285,0.00888607955418807,-0.005100997321434082,0.03289979854359442,0.1718258111327046,0.06315351640807197
IND360530AAB,0.0,0.0005639872421052656,1,1,0.0,21.0,0.0011023832513738416,0.0008303050692196554,0.0003810831935672716,0.009171220926439362,-0.005264679396239648,0.03395554591988912,0.17733933245637498,0.06518015438877156
IND360575AAA,9.956440572495333e-06,0.00045345948467154804,1,1,0.0,17.0,0.0010751253884051218,0.000809775174564097,0.0003716733135098297,0.008944365161348625,-0.005134405735886538,0.03311557688774988,0.17295208402937895,0.06356855499601183
IND361001AAA,0.0,0.00012846922524445772,0,1,0.0,10.0,-6.7845814139784075e-18,-1.3225857151608448e-17,7.938291238117735e-18,1.1754278773873288e-17,6.365562804814967e-17,8.030681506866774e-16,1.7327380115470365e-15,-2.7915976758297743e-15
IND361305AAC,0.0,0.00023768950610103222,1,1,0.0,19.0,-1.5841482531078775e-17,-3.090037715450562e-17,1.8623776297330193e-17,2.734959691643315e-17,1.4897853439129555e-16,1.8794161353904424e-15,4.039710384044134e-15,-6.529398851804295e-15
IND361315AAA,0.0,0.00033053649751188193,1,1,0.0,19.0,-2.0033678382529213e-17,-3.907957281640584e-17,2.3561237353633552e-17,3.4575598374788636e-17,1.8843984850469666e-16,2.377188039342601e-15,5.108138682527594e-15,-8.258417798517437e-15
IND361335AAA,0.0,0.0004094826622930656,1,1,0.0,11.0,-2.193731439621676e-17,-4.28132688240654e-17,2.589427849343361e-17,3.776270885148581e-17,2.067133632152254e-16,2.607709529644758e-15,5.587021444614099e-15,-9.055147643645605e-15
IND360002AAB,0.0,0.0006875448964072203,3,0,0.3333333333333333,4.0,-2.2272298101291052e-17,-4.3409452329592374e-17,2.602177945762285e-17,3.862730684019189e-17,2.0881896212950492e-16,2.6344444969971487e-15,5.6908142818468274e-15,-9.159389682176511e-15
IND362220AAA,3.73366521468575e-06,0.0005921198238728633,1,1,0.0,17.0,0.0013929741548211125,0.001049180642978902,0.00048161256175033795,0.011588158260629667,-0.006651979691759267,0.04290471799752477,0.22407062240715206,0.08236134284500096
IND362265AAA,1.8705737548525798e-05,0.0011502216991911855,2,1,0.0,20.0,0.002583710821685276,0.001946039586465666,0.000893349905816899,0.02149355114972187,-0.012337867987816723,0.07957917167994881,0.4156006075941775,0.15276511723015024
IND362150AAA,3.484754200373367e-05,0.0010324857897014315,1,1,0.0,20.0,0.002547741193706164,0.0019189473229776345,0.0008809170477523218,0.021194315583402592,-0.012166063378908649,0.07847111186069845,0.40981442121517647,0.15063854179223696
IND362225AAA,0.0,0.0006293534383363163,1,1,0.0,12.0,0.0014721709950810517,0.001108832636794095,0.0005090188549985964,0.012246812638192155,-0.0070300056647225745,0.04534344524158705,0.23680524380807688,0.0870439302453534
IND362720AAA,2.8624766645924084e-05,0.0011038718727024743,1,1,0.0,27.0,0.002709712074271906,0.002040936961697724,0.0009367788717777373,0.022542695698359226,-0.012940558154508537,0.08346377754320877,0.4358937835268888,0.1602146577947107
IND362560AAA,2.49409833980344e-05,0.00106537202113364,1,1,0.0,24.0,0.0026920669724168444,0.0020276471056438284,0.0009306878870205859,0.02239584717414799,-0.012856221401975574,0.08292000502398826,0.4330538482437128,0.1591714789654341
IND363001AAA,0.0,0.00023768950610103222,1,1,0.0,6.0,1.0227561772298566e-19,7.977944639409168e-20,-1.9015947899463902e-19,2.3434354339100085e-18,-1.1194832698603134e-18,3.463244169910407e-18,3.226764731306137e-17,4.673048647718057e-17
IND363421AAB,1.24704916990172e-06,0.00033053649751188193,1,1,0.0,11.0,1.1857474428975507e-19,9.249201962334501e-20,-2.2066850349557207e-19,2.7191400499021423e-18,-1.2961661848611758e-18,4.016152925691586e-18,3.744923275523534e-17,5.419715804184891e-17
IND363310AAB,0.0013081545792269042,0.0006705269843036401,2,1,0.6666666666666666,17.0,-0.0020973716610150194,17.09686673168667,-4.4054572781527375,-0.5031217148892262,5.216735397130026,-11.611191970941796,4.24807170828161,-1.728968102114233
IND363330AAB,0.0,0.00033177784303170635,1,1,1.0,14.0,-0.0011916075356724724,9.245539586663115,-2.3839552760684755,-0.2745484130353759,2.6904850030079857,-6.879109625190429,2.608713439355231,-1.0240096650144985
IND364710AAA,0.0,0.0004094826622930656,1,0,0.0,9.0,1.1860978025678233e-19,9.25221841965217e-20,-2.203263184478275e-19,2.7154584694890782e-18,-1.300004834578466e-18,4.0153843147072285e-18,3.7381848034339005e-17,5.4174238143456666e-17
IND363520AAC,0.0,0.00012846922524445772,0,1,0.0,4.0,6.443607664176163e-20,5.026293362860561e-20,-1.1980531366940765e-19,1.4764208797899681e-18,-7.053032208332308e-19,2.181932250249545e-18,2.0329406577242563e-17,2.9441327850586376e-17
IND363621AAB,0.0,0.00017848077571398527,1,1,1.0,5.0,-4.435021764452639e-18,-8.660946361340473e-18,5.2605048093411836e-18,7.606440036171476e-18,4.189125308716446e-17,5.284346883792235e-16,1.127757640839046e-15,-1.8338949933712257e-15
IND363641AAA,0.0,0.00012846922524445772,0,2,1.0,4.0,-2.9239465744526525e-18,-5.708574611199545e-18,3.461360792876792e-18,5.022210920852297e-18,2.7591527028105725e-17,3.480574245643365e-16,7.439845018019856e-16,-1.2081959136824555e-15
IND364004AAB,0.001179838207840697,0.000359040335282429,1,1,0.0,16.0,-0.0008021304828708999,6.710467883920973,-1.830724631197993,-0.19265467214840773,1.4508379936688638,-4.049441129596625,2.0574471508605385,-0.602270128562464
IND365560AAA,0.000788135075377887,0.00043379052335417833,1,1,0.0,11.0,-0.0006430087869387585,4.849564380013586,-1.2949308691212291,-0.1447330672882966,1.149626652913915,-3.3527544508349316,1.549179329101073,-0.4816146115984525
IND364270AAA,0.0,0.00012846922524445772,0,1,0.0,1.0,6.42402083904922e-29,2.1811917943199482e-28,3.360758970242159e-28,-1.384786247420863e-27,-8.523167240828865e-28,-1.3222709157770348e-26,-4.7932158514802673e-26,-3.477767710821331e-26
IND364001AAA,0.0,0.00023768950610103222,1,0,0.0,1.0,2.0813443870399894e-29,-2.083836507640545e-29,-3.3384816183353724e-29,-1.0237946992261188e-27,5.744994972504756e-28,-7.830195238140199e-28,1.4371127250699504e-26,-3.2648786807490035e-27
IND365560AAB,0.0003945239576851276,0.0004973958308134802,1,1,0.0,14.0,-0.0004186956573975767,2.6342229477359047,-0.7206720033250373,-0.08299839849192805,0.821490627904434,-2.1788331942610077,0.8649118200456809,-0.3196442367248953
IND364290AAA,0.0,0.0005512980578780281,1,0,0.0,8.0,-8.658666396538685e-05,0.3282906950795459,-0.09892583308449876,-0.01143091048903225,0.10657366594081202,-0.3286093671148014,0.17901752207104807,-0.05631359183823501
IND370001AAA,0.0,0.0005465700231479952,2,3,0.3333333333333333,28.0,-0.0002778099643803664,1.4041036479641438,-0.39345043945061114,-0.04569613597904075,0.4886290709358871,-1.2643596041958052,0.5347014726166159,-0.2003831216617626
IND370110AAA,0.0,0.00033190719958885043,1,2,1.0,17.0,-4.527444394489856e-05,0.1517281692104532,-0.045398422126181705,-0.005281201543206057,0.061305504355781394,-0.1643919069303966,0.08185086285040875,-0.029276171196240586
IND370201AAA,0.0007828251400124456,0.0005445765411623474,2,2,0.3333333333333333,21.0,-0.0019393329601869384,16.753962895716157,-4.399270183123284,-0.4836081336459591,4.616818073788018,-10.625994648369419,4.161117286316178,-1.5138645353966336
IND370615AAB,0.0,0.0003267581865953285,2,1,1.0,12.0,-9.142512751179205e-05,0.32848811493680935,-0.09699041682613303,-0.011359624964406694,0.1309835816517458,-0.34542731629762113,0.16673565936182552,-0.06077827738662441
IND380005AAA,0.0007856409770380836,0.0004225192195491135,1,3,1.0,36.0,-0.0016865545027967156,14.241254586879247,-3.7017844784798024,-0.41066234233027843,3.648094333946969,-9.833783056270883,3.8471344235016267,-1.3989176846917166
IND382421AAA,0.0,0.00024895262302488346,1,2,1.0,24.0,-0.0005183470914545744,3.393786272007018,-0.8893297938690845,-0.10674036512513482,0.9950353923472798,-2.665277659223606,1.1731128306384377,-0.41015357208435527
IND382721AAA,0.0,0.00030813974526863817,2,1,1.0,19.0,-0.000728527654179197,7.153749625311904,-1.7018404486691936,-0.20846850557773605,2.5417456268286727,-5.788621574190198,1.3758420664649078,-0.15426385102371917
IND380006AAA,0.0,0.00012846922524445772,0,1,0.0,12.0,-0.00015673450276238916,0.686860707453428,-0.18776241909699254,-0.021187100983943993,0.22575391712019188,-0.6095798516376763,0.2664862159636412,-0.10305173032794487
IND380006AAB,0.0,0.00012846922524445772,0,1,0.0,19.0,-0.00010680270377290803,0.738218716266124,-0.19961265232963504,-0.022915711350233875,0.24220000296903188,-0.6274603401521065,0.23688419672769578,-0.09734346686101704
IND380021AAA,0.0,0.00012846922524445772,0,1,0.0,25.0,-0.00011335506809914326,1.332784585747904,-0.29208913206688386,-0.043252544613320794,0.9938795948260924,-0.43625282028713247,0.16426078851899095,-0.08725328522244415
IND380054AAA,0.0,0.00043981627803762254,1,1,0.0,47.0,-0.0016091357938816623,14.154359820486084,-3.3967750862056048,-0.4143749986565487,4.52926680431864,-10.68610051261953,3.5134175726810133,-1.693402550082737
IND380015AAB,0.0,0.00045780521886567215,1,0,0.0,27.0,-0.0005301572056249361,7.463430861420291,-1.957150948249837,-0.1877154003356733,1.432890477846215,-4.151093838124731,1.029930582720794,-0.554589648838724
IND382345AAA,0.0,0.0004382196264848372,1,0,0.0,28.0,-0.0009396846799652079,8.868753146709112,-2.4642660109730703,-0.24484415015566321,1.5275063482837523,-4.6968556447613,2.3483366227962943,-0.600403153202111
IND384205AAA,0.0069049112537458235,0.0024716848599339067,5,5,0.08333333333333333,70.0,-0.004444388680819418,18.13724476301968,-4.723505518809384,-0.5080520507537716,6.507403901706737,-16.727876889486378,8.073961329233981,-2.846538772511984
IND388320AAA,0.0041904169259489735,0.0017417348534790895,4,3,0.2,57.0,-0.010612378245676414,30.593092464499197,-8.00995433064583,-0.8696016562684404,9.393174341868733,-27.484282553300012,15.099753684365853,-6.025265762224131
IND389001AAA,0.0007865588052271313,0.00036466938393489134,1,1,0.0,34.0,-0.0008698101312889119,7.744384306683332,-1.9145527827447795,-0.22405956522843293,2.180571093616813,-5.549810837950959,1.8368760653596505,-0.8627233728538161
IND395023AAA,0.010295026793413077,0.001675995704736208,7,8,0.2,141.0,-0.0104106748471211,117.57612976931405,-38.75771404339121,-2.5664723166256502,-27.399742290304086,-0.5050930650122859,27.906533582083043,2.8733237148362294
IND382715AAA,0.003887052262583661,0.00048439601255474164,1,1,1.0,26.0,-0.0017599530215627983,12.841212947425399,-3.15991003543603,-0.36754908758929583,4.728904483956441,-9.413278114585797,3.3030825291407595,-1.4973571557574141
IND383001AAA,0.0007856409770380836,0.0005042931984049746,1,1,0.0,13.0,-0.0008417103598079837,2.7275878928891815,-0.6532373227244294,-0.07145538603206063,1.2542783410370906,-2.933646230778696,1.390259636314099,-0.5385809320086761
IND383315AAC,0.0016975731176104543,0.0005571728929290354,1,1,0.0,9.0,-0.0009029726265569609,1.8388492315872245,-0.5308749068814828,-0.05148484159987007,0.8308718880834551,-2.3397715072795413,1.5295143118918608,-0.445629546679559
IND383255AAB,0.0013042937149968887,0.0006019711155264253,1,1,0.0,10.0,-0.0009997293127881081,2.2730844998873403,-0.6495194291990832,-0.06461687865054691,0.9806363498842005,-2.735390266934303,1.7107153689992856,-0.5083197004256494
IND384170AAA,0.001179838207840697,0.00040946405733152387,1,1,0.0,5.0,-0.0009473908748025025,1.7738196044922738,-0.5261366015171757,-0.04863691814358892,0.7643896417565381,-2.267107082012332,1.6007026120593375,-0.4361044978250671
IND384265AAB,0.0007865588052271313,0.0004765597939152673,1,2,0.3333333333333333,12.0,-0.0010270216038328242,1.9239719314688084,-0.564148777775127,-0.05318772721428451,0.8769825106639821,-2.5253957374403795,1.7324942515379522,-0.48694034503918626
IND384355AAB,0.0,0.0005325140818402392,1,2,1.0,18.0,-0.0013765981518816806,3.4312991139921762,-1.0304640990689902,-0.10065120161151667,1.0919432494913146,-3.5862197560655207,2.572297353242333,-0.6392212076432261
IND385001AAA,0.0003928204885190418,0.000993672156817697,2,1,0.6666666666666666,19.0,-0.001897290443020777,4.042430682674574,-1.1729267432360082,-0.11512630236193723,1.7557016812883048,-4.9815903941034545,3.2404001035998293,-0.9344261466605024
IND385320AAA,0.0,0.0002491264287070965,1,1,1.0,7.0,-0.0005006515605423047,0.8398975172161495,-0.2488038796685854,-0.02270053914386945,0.4052876143319586,-1.1707762519685065,0.8362329453087136,-0.23172216499392886
IND385340AAB,0.0,0.0006246357442308675,2,1,0.3333333333333333,4.0,-0.0011694023867067874,2.740411859637788,-0.7849968505330638,-0.07823774845575338,1.143841658310228,-3.208167562742653,2.0115860072854463,-0.5887075463409862
IND385535AAA,0.0013055382700684506,0.0009731219605779305,1,1,1.0,23.0,-0.002019894153848323,5.155634487719516,-1.4694239613392628,-0.1495932108464024,2.0844085044738065,-5.816980817103728,3.511470946132261,-1.046128515508177
IND387001AAA,0.00039327940261356566,0.0004446628530536725,1,1,1.0,19.0,-0.003774583883130779,6.923083270897553,-1.8282155283202135,-0.1918616456362591,2.822851720289678,-7.9627850875441375,4.69304570110955,-2.025227675671117
IND388220AAA,0.0,0.0005057579461236687,1,1,1.0,22.0,-0.0037734138120588873,6.200252714088891,-1.7664292214871709,-0.17688641280273285,2.2998713313880983,-7.250237873918888,4.787907453323649,-1.8784985949557065
IND388121AAA,0.00039157343934914006,0.0009130364978399269,1,1,1.0,9.0,-0.004178842160406776,9.963828674685491,-2.5110985506667385,-0.27415022560671715,3.8277740685091146,-10.212436332404085,5.356781876957802,-2.403764662892361
IND388620AAB,0.0013081545792269042,0.0009028443554086967,1,1,1.0,18.0,-0.004298958737880532,7.870255059562731,-2.228013424409819,-0.2269966463851959,2.80774969685928,-8.76199332621174,5.569634741053137,-2.1747903879205595
IND389151AAA,0.00039327940261356566,0.0004385780362682356,1,1,0.0,26.0,-0.0006992135275531998,5.67036505407379,-1.4452759085178624,-0.16696823200079514,1.5417324121804008,-4.0557430718009035,1.5895833077209172,-0.5867876848100356
IND457661AAA,0.0,0.0005014694517676295,1,0,0.0,9.0,-0.0004439845160569089,2.825393691480522,-0.7663803549156598,-0.08906442583966942,0.9019660595887582,-2.370448735259915,0.9002279535240227,-0.34971938822985027
IND390020AAA,0.00039327940261356566,0.0009137461443793323,2,2,1.0,7.0,-0.001851337479303106,11.613294838109772,-2.767447353953789,-0.32778265159299874,3.323360563373568,-8.517418180417636,2.9787769792560397,-1.4694491663243356
IND391110AAD,0.0,0.00029272236599976807,1,2,1.0,5.0,-0.0009811738365923346,4.5667829702572345,-1.2158850408228004,-0.1353495558846815,0.8507706207508097,-3.0418612840841983,1.7449228667349415,-0.5148026662770904
IND395001AAA,0.0,0.0005758408117357027,1,1,0.0,18.0,-0.014436252040442275,-0.025778237065290945,-0.03977400480863317,-0.22749414948713334,0.6067859988355194,-2.155158469498108,2.5406816174247133,2.8925525258649563
IND395023AAD,8.711885500933417e-06,0.0025228287728694928,5,5,0.0,82.0,-0.0442495880855686,-0.07901471525098117,-0.12191416018971128,-0.697308609714274,1.8599027941135964,-6.6059289841521185,7.787625068733404,8.866168247917132
IND395004AAB,0.0,0.0006101977799793113,1,1,0.0,16.0,-0.014164845295707176,-0.025293596888883562,-0.03902623951844469,-0.22321717633886903,0.595378202514758,-2.1146407045515176,2.4929159074958043,2.838171491700182
IND395006AAA,0.0,0.0005042832075472373,1,1,0.0,21.0,-0.014763969657240151,-0.02636342926287694,-0.04067691556097439,-0.23265849725708643,0.6205606574561794,-2.204082750390571,2.5983576967653104,2.9582164073069346
IND395009AAA,0.0,0.0007005249298226144,1,1,0.0,16.0,-0.012282660607278251,-0.02193265527195934,-0.033840539924123336,-0.1935567172780497,0.516266031232978,-1.8336532818668787,2.161664092028703,2.4610432952717276
IND395010AAB,0.0,0.00012846922524445772,0,1,0.0,1.0,-0.00013302298746324385,1.8629610690256413,-0.4611020892675805,-0.04852934444522887,-0.04321701431167525,-0.31768405868336946,0.3210017950134767,-0.07807057711152385
IND394221AAA,0.0,0.000434126575772694,1,0,0.0,2.0,-0.0006394626117719949,8.437206208767407,-3.318092558346478,-0.14802309190453217,-3.508829124842006,2.278316701778133,1.6792785801261554,1.0180948181194294
IND396191AAC,0.0020896079651524582,0.0007070299482083115,3,4,0.16666666666666666,45.0,-0.004984893954765919,31.191932307585056,-11.176930192364948,-0.8461803886613746,-8.164793032335929,-3.516339704219854,15.559449036473124,0.6464756443995552
IND396445AAA,3.73366521468575e-06,0.000490313890788847,1,1,0.0,12.0,-0.009455509297528137,-0.01688432533152886,-0.02605130662505877,-0.1490050077742215,0.39743494520822,-1.411593988619687,1.6641039271400833,1.8945748027530551
IND396001AAA,0.0,0.000545883141895886,1,1,0.0,12.0,-0.009235111149476775,-0.016490769199990124,-0.0254440770269306,-0.14553185670522328,0.3881711492682624,-1.3786912077595397,1.625315351821127,1.8504142305127853
IND396105AAA,0.0,0.00018560526460034915,1,1,0.0,2.0,-0.0014997403865171463,7.67063826018427,-2.862242167159917,-0.21923769288019285,-2.198148439174985,-1.0892796473289574,4.180515790789405,0.09002363156563083
IND396191AAB,0.0,0.00012846922524445772,0,1,0.0,2.0,-0.0007862116572036166,3.6990019874696,-1.485611028828372,-0.10769136249014072,-1.5056437035267243,-0.25109537203659704,2.3744538370448183,0.04021317572894695
IND396232AAA,0.0,0.00031098712874244426,1,1,0.0,24.0,-0.001157752446514917,7.68383516836148,-2.791602803142954,-0.19926857219375113,-2.266836191891478,-0.38070737030574103,3.825306228230964,0.3306093034330111
IND396321AAA,2.4891101431238333e-06,0.0010519244052578224,2,2,0.0,31.0,-0.010704623521976242,-0.019114819533245214,-0.029492782892707105,-0.1686892892729487,0.4499378035128229,-1.5980719108966563,1.8839382617666187,2.1448563411075785
IND396580AAB,0.0,0.0006391490638976896,1,1,0.0,18.0,-0.005237896150243502,-0.009353103450834593,-0.014431144681130284,-0.082541663380427,0.2201598296209718,-0.7819555254302807,0.9218319242905625,1.0495032681005139
IND400011AAA,0.001698817672682016,0.0004464363364285348,2,2,0.0,70.0,-0.004666461183942232,16.19690440956889,-6.264594723600655,-0.5642881207267234,-5.3789643777121965,-3.3668174570535654,13.206358236471303,-0.1322827345294915
IND400072AAD,0.00046925975911663525,0.00043444198129491277,3,1,0.0,142.0,-0.003483445299446409,16.290293978501676,-5.799264402548816,-0.5018843461781726,-3.726447536511715,-4.160100469494313,11.870358988482364,-0.2312601236096757
IND400015AAA,0.0,0.0006552900975923667,3,2,0.3333333333333333,107.0,-0.010041457034817486,44.18838674329673,-16.347031578415912,-1.3652661363775096,-15.342878520022284,-6.5592742246138025,32.8076389452513,0.6241767155340713
IND400015AAB,0.0,0.00033765967943426224,1,2,1.0,41.0,-0.005272639436145188,22.913505580410437,-8.857541476540622,-0.7234088812758037,-7.8672075433838,-3.6873133612319555,17.1004355970376,0.2910361027251718
IND400016AAA,0.0,0.00012846922524445772,0,1,0.0,1.0,-0.0005556744843208387,1.782442710152536,-0.7038225894094863,-0.06372341171900904,-0.6331324024283704,-0.3806797349945894,1.6013236307224048,0.004261418389153831
IND400016AAB,0.0,0.00012846922524445772,0,2,0.0,13.0,-0.0004868507025280437,2.1489703353957585,-0.7434686144837536,-0.06941145810233046,-0.4445692060765565,-0.6068961233100636,1.2532420606441592,-0.06599780787322199
IND400037AAA,0.0,0.0015276738281430207,1,1,0.0,10.0,0.031054957133013636,37.918848126747584,-17.198610821515434,-1.5680915429515803,-25.27134588508857,-23.373643608668512,758.4451329606011,150.75360710900813
IND400072AAJ,0.0003940675376889435,0.0016637511539256006,2,1,0.0,36.0,0.02994135068746751,47.28920876251238,-20.78739602782526,-1.8620744347469027,-28.24921482800474,-25.173322410095967,778.8937249263016,153.65417857888255
IND400064AAB,0.0,0.00012846922524445772,0,2,0.0,17.0,-0.00044110345915714143,1.4378475433214724,-0.5736305848286656,-0.05088099353244675,-0.5343685244979492,-0.28525497361054686,1.228822320924216,-0.008280396434949188
IND400072AAA,0.0,0.00036803223319288494,1,1,0.0,22.0,-0.006493779963413003,35.10103091229519,-12.16937686091257,-1.0677354242112636,-6.376741244212209,-8.118678237639491,21.59471656888389,-0.6148551996294231
IND400701AAB,0.0,0.0004922382402378663,2,1,1.0,38.0,-0.008882079982434636,42.13431541958885,-15.762900712292002,-1.2852189308433966,-12.474111917519162,-7.979654198828068,26.196013495591735,-0.4984113716150489
IND401104AAA,0.0020913014579251846,0.0008420249043435261,4,4,0.2,202.0,-0.009074498500307438,36.33327715081984,-13.814845046647992,-1.1396821303819258,-11.449437449496815,-6.351834220818266,26.074545289373745,-0.03477239014924562
IND401104AAB,0.0,0.000547812659218053,2,2,1.0,30.0,-0.010481987751074546,45.78615022683589,-16.868409897225145,-1.4776987067896312,-13.001759731522045,-9.697423585603165,30.612690158945686,-0.6258028893220965
IND421302AAR,0.0015855631611698818,0.001504234751376137,5,4,0.0,92.0,-0.0038430853553350413,7.737807455159824,-3.4029322384452647,-0.32055086714736925,-4.334446452105384,-0.9944158840912753,7.19574743340941,-0.16925284220261827
IND421302AAS,0.0,0.0003784269873528858,1,0,0.0,2.0,-0.0023565345116457223,7.805490883088888,-3.1018732309365467,-0.27110395553295574,-3.0583124915540454,-1.1470518590808276,6.202852637903624,0.012417722240208914
IND400072AAC,0.0,0.00012846922524445772,0,1,0.0,14.0,-0.0003765813860678431,1.037945469249647,-0.4234392741671959,-0.03923284231337057,-0.4159868343712244,-0.21841295416643167,0.9679559631556331,-0.00671452209807356
IND400072AAI,0.0,0.00012846922524445772,0,1,0.0,1.0,1.1161035294486532e-29,-1.0323792094711505e-28,-1.2740108625376885e-28,3.7638450091693275e-28,-2.1480730771193315e-27,1.1048074773198077e-26,6.244715094868646e-26,-1.0797000221506964e-26
IND000000AFS,0.0,0.00023768950610103222,1,0,0.0,1.0,4.687983930252233e-29,8.830041767549434e-30,2.2519574800053042e-28,1.1322510032990946e-28,4.602974596225103e-29,5.3016287247334545e-27,-2.8069282347578663e-26,-1.8309904940467155e-27
IND400102AAB,0.0,0.00034209546013958263,1,1,0.0,39.0,-0.008194446843396088,39.52866530832271,-14.066489802795285,-1.2209584984207413,-8.750953067669291,-9.202844011855465,27.57247603367848,-0.2848095343998935
IND400102AAC,0.00039327940261356566,0.0003944667720009872,1,2,0.0,73.0,-0.005046427344016322,24.602440407432255,-9.352186904122252,-0.6964733074000695,-7.743448825422829,-3.7731657156215848,16.75559349319139,0.2021794867313068
IND400052AAA,0.0,0.00032706616321694245,1,0,0.0,6.0,-0.001301813352524185,6.381893442276002,-2.2674615980334423,-0.19587866251143657,-1.412606608502977,-1.4260112819133235,4.20164666495032,0.040654730475532454
IND400612AAA,0.0,0.0003401219556330746,1,1,0.0,19.0,-0.0009918815808350075,1.4901751418396665,-0.7024530192434811,-0.0691696704202921,-1.0614434143608196,-0.1200113452978212,1.5022289543759817,-0.05762522245502325
IND400705AAA,0.0,0.00012846922524445772,0,1,0.0,11.0,-1.1061597347372198e-08,1.0636172030770086e-05,-5.11628965492599e-06,-6.617978761110914e-07,-6.133627662896093e-06,-5.524406094731583e-06,2.219655760502155e-05,-2.6391789439022864e-07
IND421302AAH,0.0,0.00027663377605402956,2,0,0.0,28.0,-1.3627431839114298e-06,0.0025137301680484294,-0.0010867971835723496,-0.00011499276865793277,-0.0010913459484644707,-0.0008400953053273884,0.0033610123990230425,-1.646357104955269e-05
IND401208AAA,0.0,0.00029322380049361097,1,0,0.0,27.0,-0.0013613873953535285,4.354803305480856,-1.7584187493420103,-0.15386983167861099,-1.7382172989593012,-0.7394164951988044,3.5753320774479644,-0.016815382687469446
IND401209AAA,0.0,0.00030652696495472273,1,1,0.0,18.0,-0.0020928480946999,7.655798350743136,-2.9452235496803145,-0.2538175402366245,-2.323531527600885,-1.381440854298433,5.859190518242813,-0.007424965944708505
IND401209AAB,0.0,0.00012846922524445772,0,3,0.3333333333333333,28.0,-0.0003376191272890994,1.187812131235257,-0.46197385700600835,-0.041264993939944365,-0.38780895274820754,-0.2580548640573694,1.0144678360310695,0.000895652230412282
IND401501AAA,0.0,0.0008489940004216223,1,1,0.0,24.0,1.3823902410115935e-05,3.494416831086729e-05,0.0010929427768236115,-0.0011097500221860612,0.0070532506166595,-0.06739351467440607,-0.21131985333267295,0.09107730728634549
IND401602AAA,0.0,0.0008489940004216223,1,1,0.0,24.0,1.3823837953567724e-05,3.494440434828799e-05,0.0010929418848328414,-0.0011097501489343022,0.007053262896199971,-0.06739350777591177,-0.2113199126052266,0.09107726240638693
IND402107AAA,0.0,0.0008489940004216223,1,1,1.0,23.0,-4.308452852070488e-05,-8.285947101552876e-05,0.0004029245462149844,0.0015211626198092655,0.0008257502619762324,-0.013872802907303878,0.02944561142256349,-0.0034576269953719855
IND402109AAA,0.0,0.0008489940004216223,1,1,1.0,28.0,-4.308452852070488e-05,-8.285947101552876e-05,0.00040292454621498446,0.0015211626198092655,0.0008257502619762324,-0.013872802907303881,0.02944561142256349,-0.0034576269953719855
IND402301AAA,0.0,0.0008489940004216223,1,1,1.0,25.0,-4.3084528520704885e-05,-8.285947101552876e-05,0.0004029245462149844,0.0015211626198092657,0.0008257502619762325,-0.013872802907303878,0.029445611422563488,-0.0034576269953719855
IND403401AAA,0.0,0.00048263250398824717,1,1,0.0,9.0,-1.354835953571045e-07,-1.5576679091373888e-07,-5.898397417423969e-09,-5.518404922399859e-06,-2.4361622209106708e-06,-3.242257569407932e-05,-3.8195540566702616e-05,-7.479861532154629e-05
IND403726AAB,4.978220286247667e-06,0.0013842749312323957,4,5,0.0,30.0,-3.7249373472863427e-07,-4.282596188266525e-07,-1.6217152434042973e-08,-1.517210681391918e-05,-6.697901628559465e-06,-8.914147231547485e-05,-0.00010501342809488431,-0.00020564867706503195
IND403507AAA,0.0,0.0003503110747384399,1,1,0.0,7.0,-1.495653056247872e-07,-1.7195666848138616e-07,-6.511456154961118e-09,-6.091969405420531e-06,-2.6893687338324737e-06,-3.5792469395088335e-05,-4.216545694167875e-05,-8.257293226074306e-05
IND403507AAB,0.0,0.0002832426086123522,1,1,0.0,1.0,-1.1307841465200301e-07,-1.300073394611216e-07,-4.922967768447232e-09,-4.6058157665620265e-06,-2.0332894193765798e-06,-2.7060792471749614e-05,-3.1879071162361815e-05,-6.242902550448772e-05
IND403601AAA,0.0,0.0003767208187258187,1,1,0.0,10.0,-1.0588586187042561e-07,-1.2173799241473197e-07,-4.609835168823569e-09,-4.312854710948707e-06,-1.9039584679043522e-06,-2.5339542882646307e-05,-2.9851346298532736e-05,-5.845811703171103e-05
IND403702AAA,0.0012187300565023051,0.0003347944964130423,1,2,0.6666666666666666,18.0,-0.000791927587405494,8.41713194342372,-4.04121890489638,-0.17497765210582697,-7.325172103791679,5.530826974635839,1.420795461302478,1.5261926247470596
IND575004AAB,0.008490303176751394,0.0017706064860911292,6,7,0.07692307692307693,57.0,-0.0017238120240929606,35.76430044870344,-16.984357974164286,-0.560746114248514,-28.35889511469138,24.982286091996134,5.4781902814027585,7.128884128264448
IND581314AAA,0.002137753541182685,0.0007806750855281421,3,2,0.3333333333333333,19.0,-0.001802482625344083,9.137819460427892,-4.48994814727405,-0.2616392049979763,-8.643213789837725,5.870678304372546,2.7658500394193273,1.654625428933996
IND403726AAA,0.008876667697670024,0.0015431491901957124,4,6,0.1388888888888889,86.0,-0.008853318827738054,62.88942467361176,-30.019487873980978,-1.555645008437838,-53.40978186614159,34.9066893096437,15.792124990722689,9.508650453482606
IND416510AAA,0.0007853142501555694,0.0007144940895444058,2,2,0.0,26.0,-0.004654638097706843,21.566418014882395,-10.10042002058461,-0.6269067763540445,-17.70848723504437,7.3870746085800905,4.97112806825888,0.6729517058821283
IND581303AAA,0.00019578671967457003,0.0003185792311992511,1,2,0.6666666666666666,24.0,-0.0005624539179446933,7.368204731788963,-3.5562779175231958,-0.16273173260802984,-6.409175517179146,5.7476595849799175,2.595564578927844,2.2304984171101565
IND581400AAB,0.00019578671967457003,0.0004783651815855618,2,1,0.6666666666666666,16.0,-0.0016835471558650074,16.8246406995745,-8.41753847765041,-0.3898729916726284,-15.732171330273067,13.805122775105856,6.931344939575716,5.22746913365438
IND403002AAA,0.0,0.00034337851694175294,1,0,0.0,3.0,-7.175467698783633e-08,-8.249704136392325e-08,-3.1239018122210642e-09,-2.922651709143212e-06,-1.2902376151690863e-06,-1.7171609867684313e-05,-2.022908145084179e-05,-3.9614762536771394e-05
IND410401AAA,0.0,0.0003546238558823386,1,1,0.0,20.0,-0.0065595495117442655,32.46439036885353,-11.710515403605502,-1.0162357024536375,-7.275919258207886,-7.375990042650418,24.346452431956656,-0.09367287606962345
IND410501AAF,0.0,0.0004225045972770766,1,1,1.0,7.0,-0.005488903021094346,27.39023186548056,-12.081295950130409,-0.7619962194597081,-18.898483646966323,5.407040668459671,4.8834570163611755,-0.4308132255097701
IND410505AAB,0.00039327940261356566,0.00034577692537081123,1,1,1.0,9.0,-0.004829240444204556,24.842799270296002,-10.915822050215567,-0.6576133276417135,-16.911953837067212,4.838633393357384,4.512578781579488,-0.35159549282275976
IND411014AAA,0.0007865588052271313,0.0016213973535164096,3,3,0.0,57.0,-0.0132404718735496,53.96795678399236,-24.39959598384878,-1.5709537149356338,-40.05220734374379,11.545417444814207,10.966232188513594,-1.2001528148583456
IND411043AAA,0.0,0.0007168327859537388,1,1,0.0,8.0,-0.004445460490165165,14.303865694742305,-6.637708181386662,-0.4682634056978785,-11.455698262289193,3.3501749190573635,3.657137690146244,-0.34730150964006967
IND411048AAA,0.0,0.0005988367971301742,1,1,0.0,3.0,-0.0038277068804923814,14.949978168497271,-6.572831429018849,-0.45309624025503553,-10.420788589556079,2.5916423658975436,3.007530538863392,-0.442221400403325
IND411017AAA,0.0,0.0008489940004216223,1,1,0.0,28.0,-4.22237207635302e-05,-0.0001660715017683538,-0.00012121871009288795,0.00021629936293828276,0.006817023474089312,0.014625166676171024,-0.18482970446353875,0.037467664576076615
IND412105AAC,0.0,0.0008489940004216223,1,1,0.0,28.0,-4.222332695998937e-05,-0.0001660715527859695,-0.00012121831268211374,0.00021630430139373566,0.006817040485279138,0.01462518145586667,-0.18482976635494724,0.03746770753470843
IND411021AAA,0.0,0.00039778218693951113,1,1,0.0,40.0,-0.006904843487768912,40.32410855676674,-17.61013921811575,-1.0393984370630287,-27.098728893482033,8.404401092449598,5.619599467577979,-0.48440733991240376
IND411036AAA,0.0,0.0003842139434407794,1,1,0.0,55.0,-0.007867809391539422,39.77638386248417,-17.71126668283857,-1.0884918080442678,-27.832759325001764,9.01749316375188,7.952432497188165,0.0015621479682255612
IND413002AAA,0.00287437872461713,0.0013696639898335623,5,4,0.26666666666666666,86.0,-0.014231363820409982,116.70040694499333,-50.139280908329184,-2.605650984991675,-71.72518639564083,13.135820588122083,21.144270616043574,-6.944104674000219
IND413501AAA,0.0004260080098287939,0.0007462681689988597,2,2,0.6666666666666666,34.0,-0.01046704356066176,57.08481785422271,-25.355904531020933,-1.5061743707362203,-39.27125594292628,12.090579739253153,10.347991614017728,-1.2200493074903602
IND414001AAA,0.001179838207840697,0.0003771432496881145,1,3,0.6666666666666666,6.0,-0.005394524993565607,24.912689430558537,-11.078372145834647,-0.7147452316563633,-17.594544858040496,4.79283642332239,4.751816730297855,-0.542240097245806
IND416012AAA,0.00977193528313628,0.0023744969475272206,5,5,0.1111111111111111,89.0,-0.008649121574091855,65.584714842949,-28.322444344925113,-1.3756495228681092,-39.59466646779106,26.02141550552881,12.848685516473196,6.9322031249699885
IND431136AAC,0.006644277977236364,0.0018565284546483442,5,5,0.047619047619047616,87.0,-0.00896622899066151,37.65565326618244,-17.029109999650846,-1.122418427103391,-28.076094346894173,8.083448865821016,7.96563294986463,-0.9282921849627818
IND431603AAA,0.004434506848170516,0.0012259831569278472,4,4,0.09523809523809523,40.0,-0.005300690290088528,23.638092856283404,-10.37311650121938,-0.674693502726638,-16.28449837678195,4.237371610024123,3.965993125294048,-0.7101180919344806
IND580028AAA,0.014529143331259065,0.003941850486445419,8,8,0.08791208791208792,117.0,-0.006945256089345243,196.37453104020656,-93.78973860932315,-3.5001159140651428,-159.97868453399116,150.56652610274932,59.659824477886424,56.576570658280524
IND412210AAC,0.0,0.00027411211552259406,1,1,1.0,3.0,-0.0024358407606288684,12.037185385527438,-5.159393836333972,-0.3243182018563026,-7.581064691317635,1.9013489091780358,2.8445260907624723,0.013756600185873116
IND412803AAB,0.00039327940261356566,0.0003343102279861315,1,1,0.0,5.0,-0.0031226506410972983,17.179210084780422,-7.633893796280359,-0.4327535403872139,-11.830939904044085,5.12489429671586,3.3400826094772325,0.6870680860145931
IND421802AAA,0.0,0.0004123952648094981,1,1,0.0,7.0,-0.004238423829871147,19.741113468395444,-8.72752823109139,-0.5642079523722477,-13.635883850424849,3.9786902433714704,4.271865766323058,-0.1382689774681734
IND413304AAA,0.0007865588052271313,0.0008192572172162615,2,2,0.3333333333333333,15.0,-0.004810793359393985,29.63523339074003,-13.439437209303655,-0.7120059689328472,-21.384824161857182,4.388066229016018,6.389844521640749,-2.2750080392713503
IND415301AAB,0.00039327940261356566,0.0004072002853347641,1,1,1.0,6.0,-0.0021131361813533996,10.42990912744891,-4.872542240486829,-0.27709447873828913,-8.199679290233833,1.6376092209876099,2.3527419514507377,-1.0020725755963378
IND413307AAB,0.0,0.0004748014870332096,1,1,1.0,5.0,-0.0021310037991575377,10.698772572838632,-4.965714128636579,-0.28229137580505465,-8.187598980041859,1.401993593220605,2.7051748276062715,-1.0846969735568774
IND413307AAC,0.0,0.00012846922524445772,0,1,0.0,1.0,-0.0003995843479289058,2.9858401715631318,-1.2984680010583887,-0.06918133328923573,-1.8447133835344065,0.22796441153824626,0.7605111806129832,-0.2019973288689459
IND413401AAA,0.0,0.0003724992791771114,1,1,1.0,30.0,-0.006342094332110425,31.181753843784378,-14.112460625043283,-0.8583074631600416,-22.718535468235338,7.02385950425265,6.493369388953536,-0.4315557233179776
IND413517AAA,0.0016975731176104543,0.0007120089389693183,2,2,0.6666666666666666,8.0,-0.003046329752964383,10.793268018313917,-4.768903048569948,-0.3472011589206542,-7.704029472518786,1.687946905415768,2.1108367241122448,-0.47693021932767693
IND431717AAA,0.0,0.00041971223788226134,1,1,1.0,4.0,-0.0014121628325939955,3.7594119305841724,-1.8075383610026612,-0.13486386326123578,-3.3277162058088408,0.9317440283582306,0.9050864699615333,-0.20545232802584665
IND413531AAA,0.0,0.0003719441801722592,1,1,1.0,8.0,-0.001994083925500648,7.767888310146505,-3.641699915764077,-0.22591253865538505,-6.355637681956862,2.039972403959553,1.2355791207376938,-0.29555173776279864
IND413709AAA,0.0007824102883219251,0.0009285977618394988,3,3,0.3333333333333333,25.0,-0.005874308314919927,11.352172516743623,-4.790236121655578,-0.48364534916796487,-4.743709706052075,-3.111346089079877,14.461386511822507,0.25265229047003207
IND423109AAA,0.0008502796923446547,0.000690062198948177,2,2,0.3333333333333333,23.0,-0.0042551658892621405,9.779364761163261,-3.9315146802062397,-0.37997587568956026,-3.6490813899894814,-2.2882071278636795,10.316480165331054,0.23446206110817416
IND423601AAA,0.0009126737191454041,0.0008430207140672707,3,2,0.3333333333333333,24.0,-0.006695155989169263,16.017561235437054,-6.529550144614167,-0.6274288481312478,-6.031777077690198,-3.994149862440635,17.77450766606446,0.27367805473693313
IND423701AAB,0.001305660480887101,0.0008298105166243845,2,1,0.3333333333333333,26.0,-0.006301618042849727,19.86353838065464,-7.908087779120177,-0.6843256013032984,-6.925552193229661,-3.6541503741466195,18.508468695403664,0.40156542151490365
IND414203AAB,0.0,0.00022785446466559196,1,1,1.0,2.0,-0.0019939966327260235,9.752301032555952,-4.346827754805785,-0.2701113477778348,-7.034570727897446,1.943529454118147,1.2712972986347317,-0.3405911531605155
IND414302AAB,0.00039327940261356566,0.00040760997513321004,2,2,0.5,5.0,-0.004006077307509692,20.023219564590775,-8.742736169806927,-0.5572399151582794,-13.539252096136444,3.506501529612451,3.319250888756658,-0.4920692403181398
IND414502AAA,0.0016984809694061426,0.0005179886666087497,1,1,0.0,14.0,-0.0010857499327800294,2.849935034685861,-1.3899407896455542,-0.10390107084919138,-2.6215489971990893,0.7895844462590518,0.8108179389466453,-0.13207777698407336
IND431107AAB,0.0026085874299937774,0.0005689471053631273,1,1,0.0,13.0,-0.0012320028790226566,3.685437802580416,-1.7623515789534847,-0.128006425946833,-3.192730380094914,0.9645383012126546,1.0911416819722082,-0.12083922942525226
IND415003AAA,0.0011160769846208553,0.0004968040997815892,1,2,0.3333333333333333,15.0,-0.0054250302648345015,32.89458545209133,-13.810903406087721,-0.7676368522402978,-21.87172654955108,10.719107908553825,5.175467855810105,2.2349275486000173
IND415124AAA,0.0020896079651524582,0.0005146503693730958,1,1,0.0,14.0,-0.0019732553821586248,10.159300728131406,-4.880816282966796,-0.2285625733208269,-8.2121167796695,6.26838813303533,2.4839586672281118,1.7193545610216607
IND415605AAA,0.0016963285625388924,0.0005654746397658325,1,1,0.0,16.0,-0.0019364289055581142,7.7376048564936815,-3.622697236598588,-0.21289408822274852,-5.884431324136074,4.033727478519943,2.606825892262932,1.1742139969280894
IND415408AAC,0.0,0.0007046842263031829,1,1,1.0,16.0,-0.0020034219995497095,10.952200664374285,-4.9421762791961115,-0.2587533371353903,-7.8253663526832336,5.264953080938324,2.6463000650720363,1.3762735656398504
IND415409AAB,0.0011784614655571254,0.00045364769758786524,1,1,0.0,14.0,-0.0015981310998662097,9.438310419091959,-4.329092792350617,-0.2114826111783709,-6.364859433113144,5.545504544045568,2.0239370984997205,1.485255032851086
IND415709AAA,0.0013030491599253268,0.0006096860473204888,1,1,0.0,18.0,-0.002369884411455129,11.116453007312098,-4.945409833668896,-0.2912215965428367,-7.440312044643439,4.247582237843658,3.5160333978116123,1.1749027857291892
IND415612AAA,0.00039327940261356566,0.0006767655726551061,1,1,1.0,16.0,-0.0015673717964434758,8.784106991285483,-4.17830444076142,-0.1927958127303176,-6.997923768235784,5.143835414721016,1.8908163943707266,1.338098610858235
IND591237AAB,0.0019616083442554055,0.0005719588193337239,1,1,0.0,12.0,-0.0010715083658415971,7.8768343880055935,-3.7556491325100403,-0.1518723518580433,-5.762422095336105,5.701130234089368,1.3762440529368345,1.5196936685118694
IND416404AAA,0.0026060983198506536,0.0008186934324416854,2,1,0.0,14.0,-0.0021412012412531573,9.61416620991976,-4.272451920500118,-0.2627867698535796,-6.498784433438019,3.3880376542239254,3.1129170592067785,0.8650389889498297
IND416602AAC,0.0,0.00046819986616425445,1,1,0.0,13.0,-0.00439807842747493,22.063292686885234,-10.215355104567061,-0.6077717878559232,-17.226480954185813,6.489702902179653,5.442530591963523,0.4026050086591804
IND416606AAA,0.0,0.00039624479651117865,1,1,0.0,16.0,-0.002457528324218341,9.220283111988296,-4.379314703093342,-0.2902777064332744,-7.861465246919194,2.9698513945211027,2.256249177044239,0.09912515158999581
IND421301AAA,0.0,0.0005091645106682109,1,1,0.0,21.0,-0.0012830474518241725,2.1727845391043266,-1.0073821210398606,-0.09570578623676967,-1.477003141256507,-0.1553053159649707,2.0324994694017238,-0.07059677879174052
IND421302AAF,0.0,0.0005006816393616264,1,1,0.0,8.0,-0.0009038997033829735,1.1687929083270598,-0.5493099262460566,-0.05971512807544291,-0.7741291053307029,-0.23443280587690976,1.4934504525633086,-0.048551943512917674
IND421401AAC,0.00039327940261356566,0.00036473006709014763,1,1,1.0,16.0,-0.006249330081452519,28.708586580237675,-10.578161746240875,-0.888187844790751,-8.07449426657184,-5.226996388734887,21.543946004636485,0.31704727532030974
IND422011AAD,0.004952084629744866,0.0009931774359198161,2,3,0.0,57.0,-0.011039899947740434,43.45228811663055,-17.046970229813745,-1.3739163648758224,-15.287187418894973,-6.006230490024724,36.03666185662751,1.3874566366035053
IND444005AAB,0.004561294337274425,0.0014801755005999584,3,3,0.1,58.0,-0.012701917507402825,50.27595235053287,-17.921623226857697,-1.6706051824229555,-10.833915610668049,-14.513695896721698,38.09107022320526,-0.750423468689661
IND421302AAN,0.0,0.00012846922524445772,0,1,0.0,12.0,-0.0006181226123415012,1.9206003089436448,-0.8076122014309155,-0.0678661946395033,-0.9431855201434024,-0.1654100174414052,1.3970169736056024,-0.01111394831617861
IND421004AAA,0.0,0.0004507086763551547,1,0,0.0,19.0,-0.0006274569391346039,1.1513331767615198,-0.49698084530853065,-0.04996875784002298,-0.5819983510988173,-0.2365683064869329,1.2349510240947215,-0.02569345074975395
IND421601AAB,0.0,0.0004386174383647181,1,1,1.0,19.0,-0.006323792459300571,30.300746605207312,-11.076037975627587,-0.9383171933087108,-7.901023148015855,-6.150826467371496,24.067353091738017,0.38431789649246967
IND421502AAA,0.0,0.00012846922524445772,0,1,0.0,11.0,-5.785672136450491e-05,0.05952507674062825,-0.029233428342002443,-0.003410146437062023,-0.044966761395044054,-0.012883109384748355,0.08661612384072151,-0.003487995180030599
IND422103AAC,0.0007195602572080471,0.00036301708506192494,1,2,0.0,17.0,-0.0025656081821894385,6.47835897337249,-2.6583340295574907,-0.24806353667832048,-2.5594701536919757,-1.3799371072353304,6.899746377791237,0.14368011096111458
IND422605AAA,0.0,0.00027439897799629454,1,1,0.0,14.0,-0.0012739439098909977,3.1465376748133567,-1.2755617479541859,-0.12192517826962426,-1.1632619548071494,-0.7812793043015067,3.424811218683399,0.04857204151129647
IND423105AAA,2.49409833980344e-06,0.0007727441756450829,2,2,0.3333333333333333,15.0,-4.532355806945822e-05,0.07712901500900243,-0.034075308545216246,-0.0036058641491882744,-0.0371870468602729,-0.025896866340404043,0.10015903596626385,-0.0033618922140625346
IND423106AAA,0.0,0.0005013952915624994,2,1,1.0,11.0,-3.564377415967804e-05,0.059254161156711414,-0.02620376358849616,-0.002802157759432216,-0.028519080967742045,-0.02034993279793833,0.07842754419568726,-0.002545538406064681
IND423301AAB,0.0,0.000480477687972412,1,0,0.0,6.0,-2.8914649551561285e-05,0.05097610734913952,-0.02247955550041734,-0.0023444504964332787,-0.024598307462387514,-0.016519705142000816,0.06455003215946711,-0.0021924804510986963
IND424006AAA,0.0026509023024268827,0.001228852210631464,5,9,0.09090909090909091,45.0,-0.0015149523688025972,5.455928232418308,-2.147057003490653,-0.18460717305202853,-1.9235211293645622,-1.11192521214581,4.3112618376536345,-0.08891697808324875
IND424101AAA,2.4891101431238333e-06,0.00022057868254337027,1,1,0.0,4.0,-3.902279663957581e-05,0.07004468708059779,-0.030802375707475425,-0.00320001839556531,-0.033451627532967716,-0.022605779974827926,0.08793615669407326,-0.002926714048239646
IND424304AAC,0.0,0.00037063946923564055,3,2,1.0,13.0,-0.000574040396189169,2.0139067946804143,-0.823267349202782,-0.0659221722092845,-0.8621157799465003,-0.32688649248525814,1.4858764293560913,-0.06912735434510006
IND425401AAA,2.4891101431238333e-06,0.00022011002385652646,1,1,0.0,2.0,-9.573696160262959e-05,0.17041520495324217,-0.07478723453752996,-0.00783715697023729,-0.08024249715196984,-0.056045979292649255,0.2173544670479235,-0.0065904191579676755
IND425405AAA,6.2352458495086e-07,0.000294874377779788,2,2,0.6666666666666666,15.0,-0.0003112261774262554,0.8646608156738098,-0.3385376295938832,-0.03293008749008198,-0.2648505565675091,-0.2688852070201621,0.8071680094352706,-0.02294974585060735
IND425412AAA,1.866832607342875e-06,0.0003648290402618663,4,3,0.6666666666666666,20.0,-0.0005195159541349089,1.2734390025894116,-0.5197908458639285,-0.050283182373987635,-0.48756182919190644,-0.3431173454029628,1.3250948371400495,-0.0225656912645416
IND452001AAC,9.97639335921376e-06,0.001173550864507163,2,1,0.0,17.0,-0.0003338655757860037,0.05944514324315085,-0.019430518740836202,-0.032689445652717454,-0.03591565090881463,-0.0828725489266769,-1.0083484252414279,-0.5208670411641547
IND431103AAA,0.0,0.0003160497291370822,1,0,0.0,1.0,-3.1543926527827496e-05,0.05736057354612292,-0.025219343230538545,-0.0026046901332303983,-0.02745405378745208,-0.01828177657122791,0.07116263745577897,-0.0024489891173052843
IND424201AAA,0.001327940261356565,0.0003968843060809241,1,1,0.0,2.0,-0.00033150528801478553,1.0079394680334928,-0.39800894438656753,-0.03709008604579649,-0.34204544130010867,-0.24853736025391165,0.9325430304116965,-0.010388093643181275
IND425109AAA,1.24704916990172e-06,0.00031565102741517665,1,1,0.0,2.0,-0.00022783481410687163,0.6754429856425842,-0.26793244286669304,-0.02499097735810893,-0.23343574407227471,-0.16749870670349423,0.6354109798790337,-0.006720980086449137
IND425201AAA,8.711885500933417e-06,0.0011121525422787032,1,1,0.0,14.0,-0.00032870966972877764,0.053724247177210686,-0.01696638143732666,-0.03223946637074008,-0.03322413717061156,-0.08052905506174188,-1.0093291988653823,-0.5175194776081524
IND425508AAB,3.73366521468575e-06,0.0010746725149559282,1,1,0.0,19.0,-0.00032213436485405936,0.04213376640897928,-0.011910734888787761,-0.031669019057543345,-0.027692084578657756,-0.07691163305415064,-1.0207306050027198,-0.515942339544411
IND425409AAA,2.4891101431238333e-06,0.0003406216324984589,3,4,0.6,18.0,-0.00039133243918323713,0.9353388435291519,-0.3836592688533007,-0.03737731190176796,-0.3626428003574981,-0.2552042039844268,0.9911388077077429,-0.01650422739311423
IND425406AAA,0.0,0.00026732184272659657,2,3,0.6666666666666666,13.0,-0.0003773179322702329,1.032061047610519,-0.4121937084361422,-0.03912118431263833,-0.36521755981641485,-0.2664234051706352,1.0132929259658057,-0.011774671836001551
IND450331AAA,0.0,0.001041006091703129,1,1,0.0,21.0,-0.0003102628611120718,0.02146323255193788,-0.0030206939038777774,-0.03059103802591965,-0.018281604150810635,-0.07039059848063586,-1.0379713987449133,-0.5120382709954558
IND431001AAB,0.0,0.00012846922524445772,0,1,0.0,13.0,-0.000274814459550392,0.9234891822016407,-0.4154810641982878,-0.030862505626315997,-0.650707162134626,0.12241007751518419,0.37025124285411853,-0.02061311704184072
IND431112AAB,0.0,0.0007601179299427993,2,1,1.0,14.0,-0.002595095895270937,8.230908960318525,-3.892314733818339,-0.2766218839736025,-6.904934239629883,1.975930649558788,2.2109744670953484,-0.30166120731761
IND431122AAA,0.0011759673672173219,0.00038740167476317806,1,1,0.0,16.0,-0.000871401067328501,3.007378066224594,-1.2872470791851387,-0.09954987312406995,-2.008865828682004,0.3411396684601887,0.6361389477936756,-0.15011967620370012
IND431127AAA,0.0020871188550093344,0.00045800632900215815,1,1,0.0,14.0,-0.0009494399192667255,2.447974334524429,-1.197237814720036,-0.09003373472260756,-2.269605120006923,0.682063257176437,0.705522986013889,-0.1178613458301522
IND431131AAB,0.0,0.00012846922524445772,0,1,0.0,1.0,-7.0675823039762e-05,0.16071312399479815,-0.07938835641397896,-0.006213174568112948,-0.15312588905247584,0.04288114753671734,0.04188546645648966,-0.011210411458630803
IND431001AAA,0.0,0.0004776717030357594,1,0,0.0,15.0,-0.0009556928007874236,3.172521493732277,-1.5212034749343306,-0.10001400812612316,-2.734440955700784,1.0325053018414418,0.798153474588474,-0.0060493650067063925
IND431203AAA,0.0,0.0004129424615835352,1,2,1.0,17.0,-0.0018601976963989017,5.837737167903902,-2.7574474881358833,-0.19707917596473992,-4.871918544663577,1.4406852844406017,1.6828686024554274,-0.1487660628486212
IND431514AAA,0.003384491447113268,0.0004037139457505199,1,1,0.0,32.0,-0.003100611439726021,12.212805693996794,-5.639490198949952,-0.37140306328084294,-9.555536197143262,2.9771327482873393,2.5837371047827835,-0.18998081424704988
IND431515AAA,0.004291225886745489,0.0004717796580081421,1,1,0.0,30.0,-0.003326995690676972,16.495815202577237,-7.328990769496303,-0.44260364760605597,-11.48081322463538,4.225370621967771,3.2515890112795853,0.28213860176193006
IND431517AAB,0.003897946484131923,0.0005296464168676819,1,1,0.0,26.0,-0.004473446760798304,21.9153386281192,-9.773370222446328,-0.5757552871473522,-15.373419955935441,5.517599533866224,4.572588491815672,0.33741328301947443
IND431401AAA,0.0,0.00046521490440750086,1,0,0.0,1.0,-0.00066410050320481,2.1028531194920976,-0.9700048095249572,-0.07068745927886741,-1.6295307457968538,0.39239960947297886,0.6245899993939392,-0.07330291582074616
IND431708AAA,0.0037697573117610457,0.0003236606483880863,1,1,0.0,31.0,-0.001292292511225293,5.886240145276658,-2.6250261407992843,-0.16100460419875687,-4.232432142731008,1.4801621839673385,0.8733841033432367,-0.026128619258159298
IND441206AAB,0.0,0.00012846922524445772,0,1,0.0,6.0,-9.085896111539402e-25,4.231308789239412e-24,1.1814008675817863e-23,-8.30395498686134e-23,-1.2706343631174642e-22,-2.6562319217914214e-21,2.1515258369629284e-21,-2.6875026671670623e-22
IND442605AAA,0.0,0.00023768950610103222,1,1,0.0,9.0,-1.151066636377008e-24,5.81304236864423e-24,1.4368976797132716e-23,-1.0676327547906245e-22,-2.0119290877890898e-22,-3.577833196575741e-21,2.9170262725845563e-21,-3.5738756717213406e-22
IND441614AAA,0.0,0.00012846922524445772,0,1,0.0,9.0,-7.474499865620335e-29,-7.268216585479096e-29,-5.773363362729235e-28,-8.672095483630377e-28,3.366778364371016e-27,1.5896412532690869e-27,-5.331611419515656e-26,2.2603024072713708e-26
IND481001AAA,0.0,0.00023768950610103222,1,0,0.0,9.0,-3.6922278939279527e-29,1.2583162882047668e-28,1.4276759931303723e-28,-5.466066481388502e-28,-2.977042684426064e-27,4.180743379384393e-27,3.9450998536147954e-26,-3.165257582415628e-26
IND441904AAB,0.0,0.00012846922524445772,0,1,0.0,12.0,9.516911310135581e-24,2.443829505927033e-23,-9.011988350923307e-23,4.454095353479765e-23,-1.9993161932131651e-22,2.650984476147641e-21,8.082585925122295e-21,-4.106331921255523e-21
IND441912AAA,1.2445550715619167e-06,0.00023768950610103222,1,1,0.0,23.0,1.3094991355033701e-23,3.449814919247839e-23,-1.2392463639868397e-22,5.941903164454981e-23,-2.7804459920770576e-22,3.623231560511394e-21,1.0929856551458948e-20,-5.572019381648306e-21
IND441107AAB,0.0,0.00033053649751188193,1,0,0.0,11.0,1.290569160997308e-23,3.226851721761363e-23,-1.2228745927087428e-22,6.226902167810917e-23,-2.681788116022013e-22,3.619392781604381e-21,1.1152177221611326e-20,-5.646689182891666e-21
IND442001AAA,0.0,0.00012846922524445772,0,1,0.0,5.0,-8.773385022652941e-24,-2.006901792367358e-23,6.889727161237405e-23,-3.197965571058369e-22,7.7799596346669e-22,-2.045358135797434e-21,-7.996052515656729e-21,-6.866458337955655e-22
IND442101AAB,0.0,0.00023768950610103222,1,1,0.0,17.0,-1.2152028001339225e-23,-2.7650832462337166e-23,9.577553916695136e-23,-4.411404958552374e-22,1.0550392109958427e-21,-2.843437584642787e-21,-1.0558692272686898e-20,-1.1633289456342274e-21
IND445001AAB,0.0,0.00033053649751188193,1,0,0.0,12.0,-1.1817304544090462e-23,-2.7178744837639834e-23,9.245530307046513e-23,-4.325599176102508e-22,1.0704851549564587e-21,-2.7445846815436527e-21,-1.1286927407096482e-20,-7.12624617605226e-22
IND441603AAA,0.0,0.00033053649751188193,1,0,0.0,3.0,-1.3312490281925673e-24,5.747109498505298e-24,1.790750455710022e-23,-1.2010502333246765e-22,-1.459508751421001e-22,-3.679127302003325e-21,2.9610505549886665e-21,-3.7685285527915803e-22
IND443201AAA,0.0,0.0004945522017430534,1,1,0.0,3.0,-0.003234967662845609,7.105422200480108,-2.826076530650923,-0.2969879796767806,-2.2200483089151875,-2.6522875078870514,8.120924329901914,-0.13919808821970445
IND443301AAA,0.00039327940261356566,0.0004307188814937216,1,1,0.0,7.0,-0.0028516108210632197,6.7466790602757944,-2.7083021018592794,-0.2670423174114588,-2.2923830604674222,-2.107032749308917,7.279278294665597,-0.03173872408579772
IND444602AAA,0.0,0.00012846922524445772,0,1,0.0,16.0,-0.00024182289171461408,0.5732045285967124,-0.22700855279509485,-0.023172453405490675,-0.179014427758738,-0.19867719009642065,0.6273116959931506,-0.00751852356911721
IND445101AAA,0.0,0.00012846922524445772,0,1,0.0,1.0,6.430522394733776e-29,5.468567681263245e-29,1.839503571972429e-28,-1.4751979340430239e-27,3.875524284102831e-27,-8.208058001445083e-27,-4.2020081590239866e-26,1.0627971023796154e-26
IND440014AAA,0.0,0.00023768950610103222,1,0,0.0,1.0,-1.1427308604672687e-29,9.519956259638628e-29,3.7314587768399526e-29,3.696327389300367e-28,-5.862556849920001e-27,7.368982412477181e-27,1.1793162679875476e-26,-2.067062151173857e-26
IND451666AAA,0.0,0.00012846922524445772,0,2,1.0,8.0,-0.00041911021367352407,1.735053663303707,-0.6775539365117754,-0.05739364476811229,-0.5951053981208895,-0.37433563029379824,1.1177572674310832,-0.06889354700530329
IND454001AAA,0.0,0.00012846922524445772,0,1,0.0,5.0,-0.00010284494959874231,0.6299184922393442,-0.17134005208848327,-0.019648770859288487,0.20247356139757297,-0.5274391115091206,0.20585572182025297,-0.07774400385098401
IND457001AAA,0.0,0.00023768950610103222,1,2,0.3333333333333333,11.0,-0.00020408709070656833,1.8534705652999268,-0.44039583508026714,-0.053704701689726686,0.6882006739068647,-1.511831809896156,0.3977162556642791,-0.23500981101275858
IND457226AAA,0.0,0.0001986360658839685,1,1,1.0,17.0,-0.00029922068289767493,1.6844092571616354,-0.4978519047511891,-0.052806972757664085,0.2966080615259192,-1.1399517337427503,0.6812573709038813,-0.15526950013915383
IND458990AAA,0.0,0.0005792230986654181,1,1,1.0,15.0,0.00011059769863852794,2.1983557728353023,-0.5712999773607066,-0.05952857219307532,1.093969963854606,-2.6587607107755913,0.9008269196093308,-0.7002903264782493
IND460001AAA,0.0,0.00023768950610103222,1,1,0.0,31.0,-1.103822331758017e-19,-2.5870624888388166e-19,-6.5651849754457255e-19,-2.256367307557203e-18,-5.8287536350692416e-18,-2.667395394547834e-17,4.126882497709931e-17,-1.3496533317692664e-17
IND480334AAA,1.2445550715619167e-06,0.0003305364975118818,1,1,0.0,32.0,-1.2787501460980882e-19,-2.998778551949784e-19,-7.613518482167488e-19,-2.6124056075607157e-18,-6.759331749971037e-18,-3.0936191636019826e-17,4.7913346734919467e-17,-1.5608837836478788e-17
IND461111AAA,0.0,0.00012846922524445772,0,1,0.0,15.0,-6.954345190962202e-20,-1.6299109997275369e-19,-4.1362235843831993e-19,-1.4215666249384513e-18,-3.672255520430209e-18,-1.6805226396122473e-17,2.6000329722667573e-17,-8.503165581350448e-18
IND462001AAA,0.0,0.0006282520879761323,2,1,0.0,23.0,-0.00198216060919005,41.13670434362885,-12.726304587244224,-1.168663245355587,2.382042757309984,-29.560212282954012,-7.2487741453364904,-12.277704661078076
IND462011AAA,0.0,0.000575111819834778,1,1,0.0,33.0,-0.0019828126517479794,41.32971347040568,-12.772508726967088,-1.2076386907349068,3.53630003978682,-31.894759960606695,-8.017291848923996,-12.492614231421033
IND462021AAA,0.0,0.00012846922524445772,0,1,0.0,1.0,-0.0001075724213902558,1.5924354494620283,-0.5047445079232302,-0.0521280312476213,0.19649767653716643,-1.4991078426614477,-0.3547501702802289,-0.6361081621032529
IND461001AAA,0.0,0.0005569345049386603,1,0,0.0,3.0,-0.0010736461133654626,25.215404597008433,-8.174084476552457,-0.6806078573728476,0.06330216381757489,-15.108154695185446,-4.984687021694434,-6.973416120514876
IND462042AAA,0.0,0.0008711423767144089,1,1,0.0,8.0,-0.0022193881629374666,35.12100535131634,-11.473207736318852,-1.009529661724013,0.8736859913142097,-25.849978958791162,-6.7967274150973145,-11.352055657494192
IND465669AAB,0.001566894835096453,0.0004926647129845299,1,1,0.0,21.0,-0.001958254119343936,26.244481517973227,-9.129714731780751,-0.7683683757640053,-1.1153552954098824,-17.48121653100538,-5.2556279702666195,-8.741074163165687
IND466001AAA,0.00039203484754200374,0.0006167203579192466,1,1,1.0,21.0,-0.0019017603320635396,38.47589244216217,-12.348973611269617,-1.0709406338468703,0.617857955651707,-26.583643944601512,-7.896635036415965,-11.735808800972295
IND842003AAB,0.007968886123210952,0.0036083204542973683,5,8,0.06060606060606061,46.0,-0.0038687931261234213,27.46112917195203,-9.716382771984199,-0.8271255954540835,-1.5897197165984993,-20.23465450869801,-4.994354453235907,-10.28221710451114
IND464001AAA,0.0,0.00012846922524445772,0,1,0.0,1.0,-3.289629474687292e-05,0.44751610332814346,-0.14696304754359305,-0.014254704885057935,0.03153440904190549,-0.3904538004379149,-0.09926749948688694,-0.17129963382674956
IND464221AAA,0.0,0.00023768950610103222,1,1,0.0,2.0,-3.676692416539084e-05,1.0946381960028198,-0.3120238349501144,-0.036084208216448976,0.2680885176840586,-1.128694016674319,-0.22428648014100688,-0.4290978402513053
IND470004AAA,0.0,0.0003305364975118818,1,3,0.16666666666666666,5.0,-7.846400786357986e-05,1.715054645312079,-0.5122688349686069,-0.055971073222832735,0.32697860935063916,-1.6868523068225716,-0.3611415159137494,-0.6690979017480722
IND464668AAA,0.00128562538892346,0.00067411929433064,1,1,0.0,6.0,-0.0018469899518022276,28.1873940097257,-8.160026467245688,-0.8442781438108241,4.829817905898052,-24.865903298220164,-5.635767950262022,-9.82900452297745
IND465001AAA,0.002088363410080896,0.000593749487656025,1,3,0.5,20.0,-0.0020103475506354066,31.13501490062692,-9.588057384638256,-0.9824584664600553,3.9700546318454015,-27.842590376555293,-6.67970677557604,-11.622559567083096
IND465333A1B,0.0,0.0002602446514123832,1,2,1.0,2.0,-0.0006916511099200834,8.853458274875917,-2.7133995177984667,-0.2868168272012675,1.217442633113792,-8.126190662286891,-1.667063740743653,-3.361539399506331
IND465333AAA,0.0,0.00037077044368897475,2,1,1.0,6.0,-0.0011462062709026006,20.131123247529946,-5.8071427471115875,-0.6380509779654505,3.802965186035224,-18.66979456474799,-4.096754006723564,-7.389334465793304
IND465683AAA,0.0011772144163872237,0.0005472545349536993,1,1,0.0,23.0,-0.0020786218176378803,29.58368912416654,-9.902334746369537,-0.8750036981585358,-0.04326864968149921,-21.92107144605739,-5.856588109710024,-10.073651672659759
IND466116AAA,0.0,0.0006527014462865505,1,1,1.0,22.0,-0.001962453036957787,39.78298361847883,-12.652777522613635,-1.1232668194802005,1.3813188246946593,-28.548727556361964,-8.159773604709173,-12.424335499414575
IND470113AAA,0.0,0.000413510331809652,2,1,0.3333333333333333,9.0,-3.329615071537196e-06,0.024314113523420878,-0.008025299184406032,-0.0010282900101864928,0.00638055144773324,-0.036279878576488296,-0.007759289569967003,-0.01614355986733958
IND473443AAA,0.0,0.00021693392142219442,1,1,1.0,8.0,-1.0594645688483022e-06,0.007491304908373252,-0.002472433142482351,-0.0003197843039974993,0.0020175411372110406,-0.011362078543416967,-0.002417847600169628,-0.005067756486055087
IND470117AAA,1.2445550715619167e-06,0.00048002625819910125,1,1,0.0,6.0,-2.93504088729666e-06,0.021160883719626683,-0.006987146522300045,-0.0008979196538273335,0.005593008150530445,-0.03175446532433011,-0.006783035460178884,-0.014147948289185126
IND470227AAB,0.0,0.0005365975897131782,1,0,0.0,4.0,-1.94306030953768e-06,0.012755915310406752,-0.004265469106943185,-0.0005477131160407367,0.0032396375338613476,-0.019350786912320856,-0.004182327184552259,-0.008759020803398741
IND471001AAA,0.00039203484754200374,0.0003753992929660143,2,1,0.6666666666666666,17.0,0.00028991553752461625,4.43165129431372,-0.6880007729942949,-0.12867936477034084,2.8214217969838216,-4.887161362684101,-0.5655726088619265,-1.0562427237036698
IND473001AAA,0.0,0.00029207015703633106,1,1,1.0,17.0,6.134720639294991e-05,0.9268350410320593,-0.13138379858194402,-0.027950593491413725,0.6564438340413112,-1.068193404317391,-0.11128946536050208,-0.20831431103521977
IND473331AAA,0.0013092719352831366,0.00037680577526163063,1,1,1.0,23.0,0.0001425989913833571,3.3089629291183225,-0.48713270956782617,-0.08585587607649357,1.8883347807087043,-2.9494696844393986,-0.32422900292562407,-0.5278752397381989
IND473226AAA,0.0013080273802115747,0.00044885815222948597,1,2,0.3333333333333333,30.0,0.0001912374839225259,4.513047141250507,-0.6640310958220668,-0.12086440776884907,2.732552607291307,-3.967038188825471,-0.3469939876756333,-0.7726357266250307
IND473551AAA,0.0,0.0003761414094299873,1,0,0.0,1.0,0.0003044815478610866,7.291982967304315,-1.0446004245375853,-0.1881648099669608,4.117976162389204,-6.394500913060542,-0.7044790686496099,-1.1432776176411519
IND475661AAB,0.0,0.0006165154796004446,1,0,0.0,1.0,0.00024174200944222947,4.998928627736261,-0.6702239370951932,-0.13698622663070592,3.0731129757464246,-4.780983665161367,-0.4946272251157949,-0.90003278360323
IND476001AAA,0.0,0.0004039122752658976,1,1,1.0,4.0,0.0004174049651750223,7.658031786729001,-1.0435607980958324,-0.21721173750443915,4.940857994633483,-7.856198764138598,-0.81875970983275,-1.4948706585379206
IND476111AAA,0.0020896079651524582,0.0009251854838307921,2,2,0.5,13.0,0.0009455893693456587,20.196008048247258,-2.8096119299338005,-0.5457732930079369,12.14661896648313,-19.01351309508757,-2.0030135161065936,-3.5136116838530405
IND477001AAA,0.0006515245799626635,0.0005017262662362319,1,1,1.0,5.0,0.000525522113395992,10.074884235744303,-1.4103902020340084,-0.2795700390340463,6.2984309621141135,-9.978483947465993,-1.0657676808022174,-1.871628786772164
IND477001AAB,0.0006515245799626635,0.0005423454570595181,1,1,1.0,11.0,0.0004549690329552405,10.871160991317476,-1.6245790373332878,-0.2926784709075314,6.241693085107584,-10.066944710924732,-0.8928235272822987,-1.8244650464116348
IND480001AAA,0.0,0.0005950000527317453,2,2,0.6666666666666666,16.0,-0.0011533626243770603,3.274951582337292,-1.2514736640825854,-0.13419927151073585,-0.16159420107360944,-3.7686698304573563,-0.8919480715075735,-2.190480753242126
IND480661AAA,0.0005899191039203485,0.000702757424336933,3,2,0.6666666666666666,16.0,-0.0015041388537275868,5.3808392312325175,-2.0405885249383973,-0.1999173633487971,-0.39896318758566696,-5.263652310605819,-1.3163214538950994,-3.0160531537477606
IND481661AAA,0.0,0.0006614710033441178,2,1,0.6666666666666666,12.0,-0.001279948492548718,3.544202907336202,-1.368040384173904,-0.14703625485488353,-0.18940883713205722,-4.155564293225532,-0.9745694924146849,-2.4192952806565153
IND480106AAA,0.0,0.0004094826622930655,1,0,0.0,16.0,-1.2810939488019712e-19,-3.000805608160101e-19,-7.611620817054221e-19,-2.6202787407679814e-18,-6.757975360912651e-18,-3.092262769474227e-17,4.7791974523021347e-17,-1.569071161741963e-17
IND480886AAA,0.00019663970130678283,0.00033149633980534166,1,2,0.6666666666666666,14.0,-0.0008186099367844599,3.7189669720851524,-1.3297889522641653,-0.13652034713074218,0.022686997714089795,-3.804550204538169,-0.9315516951741196,-1.9900752677275013
IND482002AAA,0.0,0.0017919704978023854,1,1,0.0,6.0,-0.0006857413549254511,2.7325018165212844,-1.0567728063037283,-0.0969827298521713,-0.35480369733742667,-2.5559598918443376,-0.7847998653927293,-1.5325435718121947
IND483225AAA,0.0,0.0003765169071608802,1,1,1.0,4.0,-0.0006848951238629798,3.403950259491625,-1.1911764685819344,-0.11118229496570049,-0.14987296472542966,-2.6282010257026105,-0.43183026349410697,-1.3449912996881195
IND483501AAA,0.0003928204885190418,0.0006918973760569746,2,1,0.6666666666666666,12.0,-0.0011859653763247795,4.856243407033907,-1.8281054303774276,-0.17415022560239268,-0.3530543069354209,-4.513823086367247,-1.1385703208002043,-2.52472328594341
IND483770AAA,0.0013055382700684506,0.0007160207885535401,1,1,1.0,3.0,-0.0011962374141161346,3.9747126684448277,-1.4968505308925668,-0.15705184270600578,-0.13462678029207556,-4.41016664923231,-1.0428439915995522,-2.4638957531053576
IND484001AAA,0.0007865588052271313,0.00046753130850392963,2,2,0.16666666666666666,8.0,-0.0004264189874790786,1.778696152261089,-0.6508552083330108,-0.06586743415677138,-0.03818772796183777,-1.803888153603275,-0.43074218627040745,-0.965859042655291
IND484224AAA,0.0,0.0002497745657812602,1,0,0.0,1.0,-8.774063245433761e-05,0.23822435774820636,-0.09247227912093554,-0.009828443132480675,-0.016248656434553536,-0.26863146042727015,-0.05794066588020339,-0.1563996153178162
IND484446AAA,0.0,0.00040438059654677766,1,1,0.0,6.0,-0.0003087300841451998,0.8949797521096929,-0.34524138711529984,-0.03687649102633074,-0.0429259541925243,-1.0468541533147844,-0.2431512425088514,-0.5995501084448832
IND484551AAA,0.0,0.0002708786131516872,1,1,1.0,2.0,-0.00023354147723965554,0.9729503009834775,-0.35447591866681855,-0.03604087367887677,-0.016358058538081716,-0.9890751661467764,-0.23573215895980465,-0.5286543722644744
IND484661AAE,0.0015731176104542626,0.00029588161384926575,1,2,0.3333333333333333,5.0,-0.0004761975534349534,3.998040455044512,-1.3095084907126695,-0.11150133958778351,-0.09192183084100095,-2.3390297838722724,-0.3821209016918345,-1.0507105332563882
IND485771AAA,0.0,0.00023614999743189514,1,2,1.0,5.0,0.00014206268015593758,0.9564346229889197,-0.17833338225345632,-0.03776598047483482,0.8284564769597274,-1.802987497263595,-0.22106675661665035,-0.4984111136263919
IND486001AAA,0.0,0.0002630058729116078,2,1,1.0,5.0,0.00021761441570434343,1.4266118233872722,-0.2720827228703301,-0.05695801051812092,1.2513196390668901,-2.7505349512415527,-0.3434926112475908,-0.7566956633497528
IND486771AAA,0.00039514623522090853,0.0006925158894181728,3,1,0.5,14.0,0.0007065926742905386,5.744709248913478,-1.0101659319230274,-0.21417373009542467,4.572945381175521,-9.541028113673605,-1.1082307743674062,-2.612935795344643
IND488001AAA,0.0,0.0002019884267660734,1,1,1.0,5.0,0.00014575583531206953,1.5044545400852865,-0.24123640172167468,-0.05132841879609015,1.1403481261549206,-2.140053624925285,-0.24396306608576718,-0.526204769897896
IND486661AAA,3.1176229247543e-06,0.0007175952883038853,1,1,0.0,11.0,0.0007758101690445298,7.413922730705086,-1.2577667238659664,-0.2558368597296745,5.447081681474689,-10.9435250250024,-1.2693257781747052,-2.8868885619248403
IND486889AAA,4.978220286247667e-06,0.00047660160154822226,1,2,0.3333333333333333,14.0,8.169500175969202e-15,-5.543460577629513e-15,-4.1301084808446275e-14,-6.922265661296798e-14,9.585308266736124e-13,1.795060138582365e-12,-1.974541610109784e-12,-8.849288300798588e-13
IND487001AAA,0.0010360920970752957,0.00030970445773265446,1,1,0.0,4.0,-0.0009852278064140917,8.347569449423409,-2.7983267317985865,-0.280069918752982,0.5080745723134504,-7.723403544253749,-1.7066210496015262,-3.518567133955797
IND487551AAA,0.0016789047915370255,0.0006423476676808342,2,1,0.0,9.0,-0.0017576893516010768,23.858084671071968,-6.9689469750344415,-0.7436286854093903,3.9843460129363106,-21.396685489837257,-4.8040760883450275,-8.591968274416146
IND487001AAB,0.0010360920970752957,0.0002953408262534034,1,1,0.0,5.0,-0.0009911591680471087,9.751417855303801,-3.3399911474075266,-0.3090748067201796,0.14742692781207353,-8.22754750187011,-2.27939290908651,-3.899726186092665
IND492001AAB,0.0,0.00012846922524445772,0,1,0.0,6.0,-1.0367563667539545e-28,-1.7049845415242868e-28,-4.492189918788985e-28,1.0134655814258793e-27,-2.9602350347707e-27,2.2693717685140796e-26,5.98051147725515e-26,1.335461420962268e-26
IND492007AAA,0.0,0.00023768950610103222,1,0,0.0,6.0,-1.4699212981027599e-30,-5.609836651435915e-29,-4.20532954938239e-28,-2.423183128828167e-28,-3.0942500825160485e-27,3.8450898794515275e-27,-2.0402814427225418e-27,3.72216988294677e-26
IND493118AAC,0.0,0.00012846922524445772,0,1,0.0,9.0,-5.530614672981189e-24,-8.18308091560136e-24,8.3126869261526e-23,-3.036052199336827e-22,1.7596474274413984e-22,-2.7029935359738895e-21,-1.5466213099361925e-20,-5.7195292281044214e-21
IND495334AAB,1.24704916990172e-06,0.00023768950610103222,1,1,0.0,18.0,-7.423948646833923e-24,-1.0142063786569304e-23,1.1495106799424322e-22,-4.288511667176624e-22,2.154195651342832e-22,-3.720796477710851e-21,-2.1364119550743422e-20,-8.006377204278281e-21
IND494334AAB,0.0,0.00012846922524445772,0,1,0.0,10.0,-1.5255233593750193e-29,1.0197037485246798e-28,3.6581999782608e-28,-1.062414282570898e-27,-9.811763801204448e-28,-1.2427915829788322e-26,-1.1799478406485201e-26,-2.964041719839407e-26
IND493445AAB,0.0,0.00023768950610103222,1,0,0.0,10.0,1.1843489752102075e-28,6.702156643183614e-29,-2.792406348248339e-28,3.056745269419775e-27,-2.5521891138481722e-27,1.606238321320499e-26,5.152575383333464e-26,-1.189086499518832e-26
IND495004AAA,0.0,0.00012846922524445772,0,1,0.0,1.0,-4.042518912316029e-29,-1.3331129019933901e-28,9.18073032341669e-30,-6.083421771641573e-28,-1.681083175003704e-27,-2.2858913082417746e-27,-4.6918856031150924e-26,2.658829251060048e-27
IND495671AAA,0.0,0.00023768950610103222,1,0,0.0,1.0,-1.771361694082275e-30,-2.4247562177206395e-29,-1.7593255337035072e-28,-7.1234875959045695e-28,7.877033459705572e-28,-2.4527243908705645e-27,1.9298754077157304e-27,-1.9326816127129156e-26
IND491995AAB,0.0,0.0003305364975118818,1,0,0.0,9.0,-7.685977619831908e-24,-1.2214523064023746e-23,1.121557740038516e-22,-4.0061378998454254e-22,2.6532495566316455e-22,-3.6639195470175704e-21,-2.089036281712363e-20,-7.619669539773502e-21
IND495677AAA,0.0,0.00012846922524445772,0,1,0.0,5.0,-3.508598013656314e-29,-3.7026299489685757e-29,-2.984571572271858e-28,-8.405649146457023e-28,2.316090915231707e-27,1.0788817734924018e-26,3.0647241850006614e-26,-1.438720804548946e-26
IND496001AAA,0.0,0.00023768950610103222,1,0,0.0,5.0,-2.1984990332103248e-29,1.900638396352279e-29,5.036909325916622e-28,-2.1043989340946628e-27,-1.1786274173274228e-27,-1.2705175285966529e-26,-3.192305453505036e-26,-3.3755636553992457e-26
IND500008AAC,0.0003928204885190418,0.0003852166994724566,1,2,0.0,25.0,0.0024362378442601466,43.680368137605846,-19.788023425523207,-0.31769498240151495,-34.357945868032814,13.007469182885133,-18.123209054693852,-6.019607269441418
IND500084AAB,0.0,0.00022927095134388486,1,0,0.0,1.0,0.0008630313824754664,13.31882426985622,-6.207140718011773,-0.1040311906515719,-11.265743004665467,4.584198558433271,-5.8476028788370265,-1.9175082348615027
IND500008AAD,0.0,0.00012846922524445772,0,1,0.0,5.0,0.00025485221226680593,4.209157036201976,-1.8118410491446746,-0.04176672395053961,-2.748534713537424,1.0663322204950432,-1.5856587501630603,-0.5866492322599559
IND500008AAF,0.0,0.00012846922524445772,0,1,0.0,14.0,8.075210764427877e-05,0.7928353323955412,-0.40067253179504425,-0.006171874724974997,-0.8375102274611161,0.3724976404188945,-0.4827417345860026,-0.15559411233233197
IND500039AAC,0.0032644679527069074,0.001557708340713755,5,4,0.047619047619047616,62.0,0.004071134253936954,63.71414823165786,-29.933224934896767,-0.4559993043263047,-54.91359667131355,21.07960695872865,-29.029704623273407,-10.168733274137967
IND500010AAA,0.002088363410080896,0.0010352407519872877,3,2,0.3333333333333333,30.0,0.004718678211273883,73.83863029701496,-34.5046954105497,-0.613563346948309,-63.37072590367061,22.801264789913013,-34.538420787752514,-12.68696720581142
IND500055AAA,0.0003928204885190418,0.0005193968556945788,1,2,1.0,3.0,0.0023899823449114906,28.284052755959614,-13.608877028186637,-0.23190629679330832,-26.4048075210157,9.622486991125191,-15.61064763791797,-5.79284079322682
IND500010AAB,0.0,0.00045560408842673346,1,1,0.0,52.0,0.0027729519560751262,52.64536675016112,-24.518623770027475,-0.3650110088887708,-44.30205058534661,17.10918214860633,-22.411284075166385,-7.678742254297031
IND500018AAA,0.0,0.00012846922524445772,0,1,0.0,4.0,0.00015946813925196655,3.0796084129523575,-1.4768199261244919,-0.026078866413204987,-2.8059174582072592,1.0974865725634262,-1.4231810149650734,-0.5070634130560312
IND500080AAB,0.0,0.0005206169553397572,2,1,0.0,40.0,0.003264921172975544,52.83380542295775,-24.706975527787648,-0.2892570947217527,-44.91152569578607,16.988188972093916,-24.27452228953774,-8.392766596582675
IND500032AAA,0.0,0.00012846922524445772,0,1,0.0,4.0,0.00012638724159130135,1.746490065511799,-0.8394850856780824,-0.012620124566216325,-1.6082282567960469,0.6192832669359877,-0.8988871715648087,-0.3189997419975209
IND502295AAA,0.0,0.00023768950610103222,1,1,0.0,6.0,0.0002191884830066072,3.4391122156801366,-1.6032236192014468,-0.029270007754470157,-2.843193345719057,0.8069983559884752,-1.6681910345988933,-0.6899884561536475
IND500035AAA,0.0,0.0004715686702824787,1,1,0.0,3.0,0.0012921891290816822,16.67053636433104,-7.933530298335363,-0.11165194215982764,-15.008170388429875,5.768190032782077,-8.447645233682191,-2.9744200898846063
IND500039AAB,0.0,0.00012846922524445772,0,1,0.0,1.0,6.25520363602268e-05,0.6357359663385036,-0.31810256839844653,-0.004873924422163201,-0.6566840429171666,0.268304454398905,-0.3907767144258482,-0.13734769768346505
IND501301AAC,0.0,0.00023768950610103222,1,1,0.0,2.0,0.00018269611174701639,2.5375990482599504,-1.226283568491713,-0.02183040537977772,-2.309524136914621,0.9875645939573675,-1.2334191913954264,-0.3936090971435
IND500035AAD,0.0,0.0004638295850560571,1,0,0.0,5.0,0.0004876163729246257,5.922823817630913,-2.9161619090616493,-0.044777394794972246,-5.798220790298854,2.4881987062002175,-3.1882156852241392,-1.0521149929338725
IND508116AAA,0.0007840696950840075,0.0003418803633063847,1,2,0.6666666666666666,10.0,0.0009505987390413335,10.625894516970451,-5.243384365078083,-0.0794543366346886,-10.523877290744744,4.385281989313315,-6.039100649218905,-2.050034970263363
IND500039AAD,0.0,0.0005142424283012824,1,1,0.0,14.0,0.0029315526755602913,55.46125576731208,-24.861884542462754,-0.43615702403562245,-42.028401796020916,13.353836364316301,-22.40486481541237,-8.528808980379223
IND500050AAA,0.0,0.0005866542892622599,2,2,0.3333333333333333,42.0,0.0020364696894132764,35.66268427876571,-16.747320893246947,-0.2961897091913129,-30.649780338403392,11.421021577366167,-15.94961181834386,-5.74419965605111
IND501218AAC,0.0,0.0014375527519502273,2,0,1.0,5.0,0.002072652791868285,31.316706067724347,-14.994833052998567,-0.24197018901964068,-28.470329142945765,11.293956363023408,-15.135130212230694,-5.282326769475917
IND501401AAC,0.0,0.0004198572664537107,2,1,0.3333333333333333,21.0,0.0010829413879698947,14.56782537335458,-6.951391730188536,-0.10953753173446787,-13.392684881742346,4.95029101622782,-7.7055691896785525,-2.8318018991556384
IND500055AAC,0.0,0.00012846922524445772,0,1,0.0,10.0,0.00013847020385031976,1.6591806991548044,-0.8082491056633813,-0.012610115038034955,-1.5952938991665637,0.6165281574483429,-0.9276179255047633,-0.33318368161684586
IND501101AAB,0.00039327940261356566,0.00043127549016578216,1,2,0.6666666666666666,10.0,0.002008515376394665,40.89423410038547,-18.679542023600064,-0.33886146970647335,-32.71360338984531,11.181827694347808,-16.514850279249355,-6.3129901124327
IND509216AAC,0.0,0.00048547026995924116,2,1,0.6666666666666666,13.0,0.0030755087226882047,57.26982332784427,-26.168470497072324,-0.3439574879111219,-45.7645680967026,16.223613961385794,-24.48069182716836,-8.061413884972493
IND501141AAA,0.0007865588052271313,0.0003560151312279429,1,1,1.0,13.0,0.0022027938009972913,39.741371001124726,-18.351287552295982,-0.31327891853708195,-32.93872202922573,11.482666871484653,-17.329192891854603,-6.552155188954144
IND503111AAC,0.004560049782202862,0.0011052775109394403,3,3,0.16666666666666666,38.0,0.004950113669295602,68.21559822887218,-32.667235276180634,-0.3904500161377995,-62.53056741249236,25.374450968788516,-34.28353419365107,-11.578662014035135
IND505001AAB,0.007685127566894836,0.002010786981274922,8,7,0.1111111111111111,52.0,0.006315989341522347,80.79469443418888,-38.750534926149726,-0.6279024096897391,-74.91364465494885,30.35847020973913,-42.50281680814496,-14.430759933778889
IND506002AAA,0.007812072184194151,0.0011371226998463074,3,3,0.0,51.0,0.0024478499046270696,36.88908550842364,-17.237253496573818,-0.3057293163397706,-31.76012656514253,12.321831104763461,-17.381008863812657,-5.923695084092577
IND508252AAB,0.00039327940261356566,0.0004175472712057637,1,1,0.0,13.0,0.0022904543160865358,27.94430635490711,-13.206458388921424,-0.29229221261253796,-24.94982594375868,9.1027658364131,-13.297095150119675,-5.417803199608989
IND509001AAA,0.0007865588052271313,0.000336136829074162,1,1,0.0,30.0,0.0030586009951501223,43.249930778410466,-20.3619582491262,-0.3165642176789409,-37.75413967690514,15.284061470886769,-20.86831302578675,-6.938152439350395
IND509358AAA,0.001179838207840697,0.00034852390798568826,1,2,0.3333333333333333,28.0,0.0018808394862464086,33.28930789517869,-15.580652958436943,-0.28344584546186724,-28.61221075472474,10.736006274317445,-14.764382044833425,-5.366356352558784
IND515004AAA,0.009860609831985065,0.0018619115492707295,4,4,0.06666666666666667,91.0,0.005063644876157656,121.36594919705271,-57.05552093574861,-0.7049964606208757,-98.3059939980997,70.10226563310619,-27.8909456186572,5.678659170392181
IND518002AAA,0.010654788107640296,0.002802806221569025,10,7,0.12121212121212122,112.0,0.005429513496389807,107.34900476868114,-52.15354382324632,-0.7697627393784856,-94.96992693185432,73.24931356034375,-25.27279353987561,8.06798263357435
IND523002AAA,0.005923534032832904,0.001717983217094812,3,5,0.14285714285714285,51.0,0.0006703624629760358,41.07467399658184,-20.451734393963555,-0.42573600516165633,-42.47157819609695,24.757869285418657,-26.103283058992137,-3.6110129871223586
IND533106AAA,0.004568932547090608,0.0020871041932450755,8,8,0.15555555555555556,84.0,0.016303433382193505,83.08383052441441,-41.091644984119974,0.5585353493910213,-87.42543064485416,42.24490575427296,-65.47492398066285,-22.012912779011394
IND585104AAA,0.007799004355942751,0.0018705280118815795,5,5,0.0,91.0,0.004114860082087327,35.11940643051992,-16.870706439880752,-0.2981692678900678,-33.576374775608265,13.222420484279995,-20.870386050106884,-7.540317174830604
IND501359AAG,0.0,0.00012846922524445772,0,1,0.0,8.0,-8.385859897842688e-19,1.395761481441381e-19,-3.5765067187825395e-18,1.3724484187227119e-17,3.067402152742048e-18,1.993324901090318e-16,-2.344934630140681e-16,1.6794967229744875e-16
IND502110AAA,0.0016938394523957686,0.0005986142948207785,1,1,0.0,29.0,0.001183317507190764,11.297481084672933,-5.652685992266212,-0.08000195968547742,-11.799358509686998,4.897191378069382,-7.206146360814972,-2.5048241579982697
IND502313AAA,0.001304413431717199,0.0006370799856035575,1,1,0.0,19.0,0.0014736432269723493,15.092755069992466,-7.327908398152453,-0.09167488838975812,-14.672459727554658,5.808769926022443,-8.995476953450543,-3.140003063246803
IND502220AAC,0.0065058555193772735,0.0006075111226429307,1,1,0.0,29.0,0.002352660368626129,33.69970759346714,-15.618060645172271,-0.1224159020153396,-28.406852615822356,10.377744565219205,-15.954176699803595,-5.72529807364468
IND502286AAB,0.005589274379499509,0.0005647861068332394,1,1,0.0,32.0,0.0019915077684648226,25.064461405995885,-11.77880654689649,-0.15018181960498933,-22.098087866221817,8.102701289899166,-12.957968187634153,-4.691157577010992
IND503185AAA,0.0015700349049062655,0.00043572523132087997,1,1,0.0,31.0,0.0010285733591795067,10.566565346066003,-5.270569610381292,-0.08070104975553964,-10.92758043790817,4.492858798268223,-6.5128962638947225,-2.294595585678258
IND503122AAA,0.0020871188550093344,0.0005528799277047957,1,1,0.0,31.0,0.0007978012387841244,5.138068230062369,-2.75769053660794,-0.03547212569121456,-6.489765311270371,2.916752486918716,-4.327479665236606,-1.4836942775252024
IND503187AAA,0.0024803982576229,0.0004990890455747911,1,1,0.0,31.0,0.0009503397484765811,8.690026330822509,-4.370599494722124,-0.06167895606073095,-9.219988822041081,3.850828990762515,-5.693732874979167,-1.9792096073127092
IND504201AAA,0.0,0.0003029109297132351,1,1,1.0,5.0,0.0008205651986926492,6.015898954130921,-3.121977828328611,-0.049876818177728856,-6.990745806780151,3.0789722003222346,-4.547089358589553,-1.5578030673185344
IND505184AAC,0.0,0.0006111502460855344,2,2,0.6666666666666666,9.0,0.0016345597904767388,13.943417371415135,-7.113541511737079,-0.11829656497780697,-15.360289714984347,6.71474796669268,-9.547808823749818,-3.2471105962891005
IND504208AAB,0.0018288736776602365,0.0005867781157806005,3,2,0.6666666666666666,15.0,0.0012659131790080816,12.96540897233913,-6.310410636041391,-0.11732890007577708,-12.754103933967817,5.004443353112123,-7.952610989467675,-2.8216782569303347
IND504251AAA,0.0007840696950840075,0.0003555939445611657,1,2,1.0,4.0,0.0006881806112702378,5.6897804914420815,-2.8971905629983534,-0.04651423217080469,-6.266786757953164,2.659364059712889,-3.9939757510351543,-1.3837887553474428
IND504215AAA,0.0,0.00012846922524445772,0,2,1.0,13.0,8.994021442860512e-05,0.762343715481209,-0.38849793995987847,-0.006196256224408887,-0.8389428895168308,0.35608786016165556,-0.5290147938013378,-0.18322315553777144
IND505326AAB,0.0,0.00031126288976224547,2,2,0.5,4.0,0.0003442920049142717,2.7343559523875434,-1.4062939308151539,-0.022297478543566094,-3.0904250067189176,1.33213553936605,-1.9795987027066773,-0.6818643957897415
IND504293AAA,0.0006515245799626634,0.0004203788436805561,2,2,0.6666666666666666,8.0,0.0006872745925536766,6.388493952658211,-3.0637064595215344,-0.05837001392620409,-6.1313501296027155,2.518784389017776,-3.9192171343463214,-1.3171613771757145
IND504296AAA,0.0,0.00023121995773939412,1,2,1.0,2.0,0.00044857946564477963,3.8431771516948983,-1.9457965804116657,-0.031216497345756974,-4.165342643726008,1.753225746356049,-2.6334962618061266,-0.9142578282312197
IND505001AAA,0.0,0.00012846922524445772,0,1,0.0,7.0,1.59232316126923e-05,0.0835698951937504,-0.045240980499874066,-0.0008119228657154108,-0.11030192707055228,0.04945166429511895,-0.07978461324735389,-0.027784866038362183
IND505302AAB,0.0015693839452395769,0.0004486976432783005,2,3,0.3,11.0,0.000743302923338612,6.7602174020364,-3.2717060191214467,-0.06270375212206386,-6.68255039298892,2.5916811008428096,-4.37144143845536,-1.5605643535333087
IND505172AAA,0.0,0.0003621202055648094,1,0,0.0,1.0,0.0005225191853662119,4.946148314834198,-2.4762928665181834,-0.03685146815139731,-5.168087136386792,2.180082256450861,-3.1512736829491392,-1.0787158898520248
IND505209AAA,0.00039327940261356566,0.0006652553633901717,2,2,0.6666666666666666,11.0,0.0018152356553877975,16.15388939046082,-8.184672155576017,-0.128890108854411,-17.41467796639502,7.77093712203803,-10.552251791871173,-3.48163348838489
IND505122AAA,0.0013106486775667078,0.0003390980107523348,2,1,0.3333333333333333,19.0,0.00010160036706830765,0.7619205667341269,-0.3968005818767991,-0.007438617613729485,-0.8870396727301869,0.3782205482452949,-0.5791772815418412,-0.20110314126487147
IND505325AAA,0.0,0.00022315844636714945,1,1,1.0,4.0,0.0001803904280164668,1.48160754532128,-0.7564323792757914,-0.011838723445256227,-1.6425307190865843,0.7020418174123406,-1.0443058651855346,-0.36045908248968384
IND505327AAA,0.0003945239576851276,0.0005700444026642605,3,1,0.3333333333333333,12.0,0.0002963826597768068,2.0269904726538237,-1.065659002527138,-0.017605185387305912,-2.4391750602958164,1.075391093838445,-1.6256417875039568,-0.5591384064248686
IND505326AAA,0.0,0.00012846922524445772,0,1,0.0,1.0,1.1080771975882945e-06,0.003247418865747085,-0.0019425975468242,-3.412798252041447e-05,-0.0056233106879385675,0.002796074285363215,-0.004655174666784384,-0.0016091096906286403
IND505425AAA,0.0,0.0007224623820913038,2,0,0.0,8.0,0.00013616850397580322,0.7667815869352086,-0.413593053886991,-0.007231049692902048,-0.9953388497548553,0.44767056384466175,-0.7013248683454575,-0.2424447833901547
IND505467AAA,0.0,0.00018057875362949993,1,1,1.0,17.0,3.99111017084018e-05,0.2967062134301854,-0.154248684784078,-0.002906649919926163,-0.34446098250650703,0.14699105480001887,-0.22584596313955896,-0.07804211547099292
IND505503AAA,0.0003945239576851276,0.000568476571320673,1,1,0.0,2.0,0.0001774805879004976,1.2847801795003388,-0.6706010878521774,-0.012380057057974403,-1.5078929074579084,0.6437279904189124,-0.9944922030720631,-0.34542295511190224
IND506164AAA,0.0,0.0006123190870407505,1,0,0.0,1.0,7.261394602479995e-05,0.4403923443231158,-0.23420483349289678,-0.0042174032273411,-0.5476222507486729,0.23407933212873833,-0.3809670951679148,-0.1348563375072475
IND506001AAC,0.0,0.00012846922524445772,0,2,1.0,10.0,2.5277528366678035e-05,0.19327880278814752,-0.10059786861111193,-0.0018835228532685982,-0.2243947454551196,0.09630206839915045,-0.14546883927932558,-0.0500911552756169
IND506132AAA,0.0011761045426260113,0.00036145095165756355,1,1,0.0,18.0,0.0006531678499127055,7.47817869170089,-3.5043580363472326,-0.06513180128418204,-6.655890746082538,2.4567609125852683,-4.098799072506695,-1.4527845325851758
IND506143AAA,0.004276291225886746,0.0005336548363976851,1,1,0.0,23.0,0.001515694315401078,23.705349195292783,-11.192604125932087,-0.193101448363194,-20.78918442116817,8.087670863940794,-11.255139304416927,-3.8737240347805884
IND506343AAA,0.0011822026130668306,0.00045768432083913215,1,1,0.0,3.0,0.000618015344916113,7.882535846157229,-3.6707173885930784,-0.06858874709055605,-6.83855258989323,2.5255423828596686,-4.021790403401008,-1.4235311550489849
IND506167AAB,0.00388301182327318,0.0005821166060064897,1,1,0.0,22.0,0.0017801683735184724,31.074303019447704,-14.312667007495033,-0.27374814097830924,-25.535234991597004,9.46572767209743,-13.41544890206869,-4.7560617458267975
IND506169AAB,0.0007890479153702551,0.0005175380434122233,1,1,0.0,2.0,0.0004954657775147125,6.087881893950648,-2.947093480915873,-0.045462681044586874,-5.753167640135284,2.2565376347009685,-3.3168147070048364,-1.1642306534733615
IND506314AAA,0.0013042937149968887,0.0005530276608351741,1,1,0.0,17.0,0.0004595537213448784,3.269179028973052,-1.7128068246822417,-0.03213401406634521,-3.8766417166219473,1.6606714001680056,-2.568737943269695,-0.8949883174997598
IND507002AAA,0.004047921605500983,0.0012890714685588524,4,6,0.10714285714285714,70.0,0.004683073460081047,39.23829488552769,-18.61661239150523,-0.43230183357979474,-36.112650051064314,11.47067557373438,-21.673385078132828,-9.974864184725755
IND507117AAB,0.0016988176726820162,0.0003634601795799128,2,1,0.3333333333333333,28.0,0.0006617594838600883,3.85842706647192,-1.9593845518078905,-0.06443835700161799,-4.336367097720647,1.4115231950066873,-2.615522446505071,-1.373480684849599
IND507159AAA,0.0,0.00043349246131428804,2,2,1.0,20.0,0.0012529489794306282,7.542131735827623,-3.7709938257465114,-0.09625216848305687,-8.070667454098098,2.7389928455442147,-5.093680347530069,-2.4183413303796386
IND507167AAA,0.0,0.0003821555500021144,1,0,0.0,4.0,0.0003429808796341713,1.353006081937427,-0.6829685119827494,-0.022205169166239914,-1.531701757331998,0.4384051296177668,-1.0967994549066655,-0.5865073176039965
IND508001AAA,0.0025961418792781583,0.0005836826894316772,2,1,0.3333333333333333,29.0,0.0028238961476826385,38.47629080655122,-17.89924523985326,-0.29814030521854695,-32.594415947422576,11.173881338273935,-18.03262217732418,-7.067143891907271
IND508206AAA,0.0,0.00041334474393779684,2,2,1.0,24.0,0.001589993228573544,9.483790453535363,-4.568134834952436,-0.1217847462293074,-9.39060314255228,2.896223824740505,-6.284464953101453,-2.9955843015349988
IND508213AAB,0.0,0.00028515322924171633,1,1,1.0,28.0,0.0012691164232026988,15.867067213735773,-7.138838815430784,-0.15731113367041724,-12.658871322601088,3.8514392001884508,-7.609425364183069,-3.092120870642593
IND507111AAA,0.0,0.00012846922524445772,0,1,0.0,14.0,5.5517557636523644e-05,0.20839454127614485,-0.1110601704863616,-0.0026835664715311952,-0.26649945133040925,0.09598514222184176,-0.18929410853572146,-0.09075105880274403
IND507303AAA,0.0013055382700684506,0.00043741503516829766,1,1,1.0,25.0,0.0010522096938997798,6.112563662809242,-3.0622833345806986,-0.06754007330687835,-6.5541713255530585,2.2874866700810648,-4.276540546370904,-1.9363490640478584
IND508223AAA,0.0013055382700684506,0.0005105329794480612,2,1,0.6666666666666666,21.0,0.0011523117221172003,14.017751903194899,-6.526437352750846,-0.11807091756398355,-12.111066294814192,4.319906928192273,-7.27445865966949,-2.6239171424310177
IND508277AAB,0.0,0.0002482076735287567,1,1,1.0,8.0,0.00048078720998280495,5.006966503758124,-2.4866401857585125,-0.038241062626950616,-5.0760528827071125,2.046121478853087,-3.0197621087185667,-1.064926251993498
IND508207AAB,0.0,0.00048362431102341133,1,1,0.0,16.0,0.0026659960574814973,25.493691527539294,-12.200538756371545,-0.28472091243739966,-23.63203887697045,8.366473926360587,-13.092926756687072,-5.7049277091302795
IND508248AAB,0.00039327940261356566,0.0005146945630947356,2,1,0.3333333333333333,25.0,0.0025575574494540645,43.620310628320766,-20.65688426569503,-0.2772495949103542,-38.402038950224416,14.826192416317275,-19.811194553077037,-7.028774457471139
IND508377AAB,0.0,0.0005661178149519028,1,1,0.0,23.0,0.00266780226974595,43.33305733446187,-20.68989736382435,-0.2637147901892649,-38.85915392246155,15.344135403773047,-19.831038237084353,-6.960055615759562
IND509203AAA,0.00039327940261356566,0.0004143639106436466,1,1,0.0,32.0,0.0036615643570426766,51.71087190547149,-24.684831440081965,-0.3785976972878612,-46.612121001863215,18.808366820984446,-25.4785482995715,-8.516378528676311
IND509103AAB,0.00019663970130678283,0.000584332317257649,2,2,1.0,16.0,0.0013773529790652363,17.4555245182134,-8.94460152305274,-0.12618900347779663,-18.106449447584716,14.11766304958589,-5.724599973674716,1.2941108695399546
IND509103AAC,0.0,0.0004879974383565199,2,1,1.0,7.0,0.001106597683191114,15.86028158024293,-7.761705701727795,-0.1322694702963999,-14.751081183510998,11.797337133856058,-4.329607430815434,1.4624381649581786
IND509124AAA,0.00019663970130678283,0.0005469693413165541,2,4,0.6666666666666666,25.0,0.0013475692572142708,15.570243584763958,-8.072668680153349,-0.11348128966967144,-16.610326596314316,13.536252946991747,-5.087250931948658,1.524574125539982
IND584101AAA,0.001179838207840697,0.0005515319967735666,2,3,0.3333333333333333,25.0,0.0011054794627655467,13.63667851171997,-6.887898374271431,-0.10888303361051949,-13.76021110910821,11.17791612465437,-4.191136417554055,1.3443591210813588
IND509301AAA,0.0,0.0004807641901608714,1,2,0.3333333333333333,31.0,0.0036600116018033796,57.81009286179402,-26.720457285959295,-0.37183588028553755,-47.984019832186476,17.379008141745032,-26.468758717093042,-9.33308957608628
IND509324AAA,0.0,0.0002581860391230871,1,1,1.0,17.0,0.0013378636722547346,20.479685931821788,-9.662299929814768,-0.16420157171685357,-18.05500256515854,6.649793181725678,-9.867759357229271,-3.622485428212715
IND515401AAB,0.0011759673672173219,0.0005044052241474313,1,1,0.0,30.0,0.0013010186820810441,20.443696376877693,-10.342746810176783,-0.13787825450670335,-20.135224979486996,16.185371103550807,-5.358980845467326,2.0060877166775533
IND515671AAA,0.0027410140754439804,0.000601545402968442,1,2,0.3333333333333333,19.0,0.001081475146634846,12.183190982731636,-6.05592218380152,-0.06758704609928558,-12.01026146848848,8.318950757457925,-4.718066806117327,0.1543961403637872
IND515134AAA,0.0024816428126944617,0.0008765079063608003,3,2,0.16666666666666666,42.0,0.0006684276412358966,5.721249661736286,-3.042288280805057,-0.0385588684767512,-6.639083869401397,5.195806306701037,-2.4386435006539617,0.3869006832846356
IND515201AAA,0.0007853142501555694,0.0005104389302983169,1,2,0.0,26.0,0.0002109999169129046,1.3161741243323328,-0.7317121118631464,-0.008659564670104486,-1.7262765371732154,1.4318016950823795,-0.6642673736974677,0.12822290459674218
IND515591AAA,0.0033839452395768516,0.000816554237125874,2,1,0.3333333333333333,17.0,0.0014573527841218613,15.690694625917288,-8.138699058963415,-0.10483826209830722,-16.915259176256516,12.676071846990727,-6.0707925727927705,0.7717139209853047
IND515301AAA,0.00039203484754200374,0.00039977695813122455,1,1,0.0,23.0,7.672197627324557e-05,0.3220502411687531,-0.189558254951434,-0.0020914753799813816,-0.49600627279586984,0.4277713767728922,-0.21050347041663303,0.038215269767753635
IND561202AAB,0.0,0.00046869280551619643,1,1,0.0,23.0,0.00011761387430473436,0.5778583202289967,-0.333851618430263,-0.0038786502957327412,-0.8408760751662797,0.71690688452159,-0.34096937692334756,0.06510970161108005
IND515801AAA,0.0020871188550093344,0.000557224517316889,1,2,0.3333333333333333,32.0,0.0017215231251694828,26.125730773381513,-13.123317341592923,-0.15922804860427364,-25.252269708853113,19.95377808597387,-7.285435169263353,2.213977480394096
IND516269AAA,0.0029906658369632856,0.0008225958613750336,1,1,0.0,20.0,0.0018619730944103503,26.842142214004795,-13.427519530260051,-0.17155735499109628,-25.926217030214612,19.340861186846094,-8.341292938124951,1.4403009997797154
IND515761AAA,0.0026085874299937774,0.0006808936836053393,2,1,0.3333333333333333,30.0,0.0016148964252028623,25.19425673840736,-12.464467134020026,-0.08447908291234964,-23.6195494526867,18.207124574184835,-7.0318677590199385,1.8919326950402564
IND515865AAB,0.0,0.0003331233814142866,1,1,1.0,29.0,0.0008239292532892025,11.332018103628991,-5.770968775366482,-0.06908587132238721,-11.375002974900168,9.235837937445686,-3.2689649094662783,1.1200448683225925
IND516101AAA,2.49409833980344e-06,0.0007098283281784657,1,1,0.0,29.0,0.00038361030851815617,0.00033734156758547516,0.0005420509753492535,0.00387824915723798,-0.0032963188662018996,-0.016841742114894864,-0.010674066823434943,-0.05282074415892112
IND516115AAA,6.222775357809583e-06,0.0007438354716939278,1,1,0.0,27.0,0.0003805183718839442,0.00033462203236601896,0.0005376848166329012,0.0038469881717405857,-0.0032697407694104287,-0.01670602712174792,-0.01058798427442193,-0.05239490555737093
IND517501AAB,8.72934418931204e-06,0.0014382812144963658,2,2,0.0,57.0,0.0005990651447786298,0.000526835842485293,0.0008463431990442738,0.006056668607904062,-0.0051482598829811705,-0.026298817974134577,-0.016669969036723516,-0.08249130273502475
IND516390AAA,0.00259738643434972,0.0008285140462277677,1,1,0.0,22.0,0.0016996861240752975,31.269609995543235,-14.940888886610038,-0.22568709955126545,-27.02671278958443,18.81495207623094,-8.38641963500527,1.1629154478677552
IND517325AAA,0.0,0.00012846922524445772,0,1,0.0,1.0,-8.329902874059879e-30,-1.1003915695774375e-28,-3.6509089672168418e-28,2.749181558522393e-28,-3.259812353517545e-27,8.326733336445904e-28,9.362456407045307e-27,1.590516179207216e-26
IND517408AAA,0.0,0.00023768950610103222,1,0,0.0,1.0,7.384791151472679e-29,1.0219802693012482e-28,-3.2882685668681003e-28,1.9969667576834105e-27,-6.372274116582398e-27,1.7901516132609986e-26,1.184122064548438e-25,-3.614198209668944e-26
IND517583AAA,4.978220286247667e-06,0.0006993571434215859,1,1,0.0,30.0,0.0003844288771991169,0.000338061541357936,0.0005432065523586291,0.0038865262827741656,-0.003303356930095753,-0.01687766947238885,-0.010696845184022382,-0.052933491982205504
IND517644AAA,4.98819667960688e-06,0.0007772231485879221,1,1,0.0,27.0,0.00034206039480871235,0.00030080259789229353,0.00048334252411894816,0.0034581819857452765,-0.002939275043035288,-0.015017606193196227,-0.009517900960945149,-0.04709951322693316
IND524132AAA,8.711885500933417e-06,0.0007742254940468504,1,1,0.0,26.0,0.00034314358136911037,0.00030175536094504687,0.00048487205104613863,0.003469134262467004,-0.0029485865110701398,-0.015065142900345923,-0.009548048557368977,-0.047248678086608334
IND518401AAA,0.0007843939278681819,0.0005055045500110073,1,1,0.0,15.0,0.0011252672846628904,12.920011320156021,-6.7466054436247775,-0.095974283257744,-14.065058872181853,11.555097876129464,-4.40980547227673,1.3337477689153137
IND518501AAA,0.0011759673672173219,0.0004256241845943654,1,1,1.0,27.0,0.0009377315953844618,12.496575961526744,-6.237740212280202,-0.10541746915577624,-12.316316180639634,9.340426056633365,-3.968015569031477,0.7940334807142995
IND518102AAA,0.0013069075300570026,0.0006033849587290682,1,1,0.0,22.0,0.0013076840397629112,16.394779617676335,-8.441603958245606,-0.12049688060964384,-17.156555885818605,13.858456345156947,-5.100619868566246,1.5938664538601206
IND518124AAA,0.0020871188550093344,0.0004904500027853812,1,2,0.6666666666666666,19.0,0.0011434152041710586,14.095970826052168,-7.212810038079295,-0.10502227588139347,-14.551148574549662,11.290558129508838,-4.689689404919927,1.001702457635024
IND518206AAA,0.0003928204885190418,0.00034843007373899977,1,2,0.6666666666666666,10.0,0.0008254186105722117,10.245255753311188,-5.2258834643221945,-0.04896202657783467,-10.476728747155756,8.137933282424461,-3.3133479304503997,0.7589942233372792
IND518222AAA,0.0,0.0002662562010661691,1,1,1.0,6.0,0.000435006936164521,6.008240825314282,-3.0843595086725517,-0.049381519484595356,-6.28466683483677,4.837873725706734,-1.901583632603566,0.4392262190288777
IND518422AAB,0.0016963285625388924,0.0005583963728618191,1,1,0.0,18.0,0.0013414037827970818,17.283234522019352,-8.81528470520157,-0.12110937101191759,-17.632588395021916,13.953847959211396,-5.419506325405302,1.4169786894544258
IND520011AAA,0.0,0.00046004018780282764,1,1,0.0,8.0,0.0032107919761954575,13.832555301057191,-6.348532396419344,-0.2959309404366467,-12.640379165584665,1.9695096572616413,-8.821540800434551,-5.81288743194734
IND521185AAA,0.0003928204885190418,0.0008741642820750927,2,2,0.0,15.0,0.006572452892965677,33.872657932266016,-15.206837691646031,-0.7152548856931846,-29.032393027460724,4.09314048865919,-19.768266980043496,-12.916760257973124
IND521001AAA,0.0,0.0009961255884399012,2,2,0.6666666666666666,21.0,0.006746262815029687,37.49888114141883,-17.078982147003316,-0.7002969314726958,-32.733431059206765,6.056817787250153,-22.243393530249417,-13.237683707061077
IND521165AAA,0.0,0.0018183985823128016,2,1,1.0,3.0,0.006801641386329107,35.92944256507151,-16.290910246286543,-0.6980640829775493,-31.194046467325624,5.18149620907871,-21.756363007577008,-13.202788784987613
IND521105AAA,0.0007865588052271313,0.0004757153152698014,1,2,0.3333333333333333,10.0,0.0029006081081905687,16.536963245867952,-6.738020511369576,-0.3341815154968653,-11.040370871663068,0.1363148955717742,-8.957289197482435,-5.633132079220236
IND521333AAA,0.0,0.0004746384644156495,2,1,0.6666666666666666,28.0,0.002648401791406367,12.959490647942642,-6.165106443526244,-0.2247674409101585,-12.488048480906915,2.8369760441568026,-8.58103485574376,-4.881808813316254
IND534001AAA,0.0,0.00030233566573931197,1,2,0.6666666666666666,15.0,0.001836257352392236,8.769230325185092,-4.162808763481531,-0.15090148640977072,-8.373836788391987,2.023551226630869,-5.723872200034552,-3.2138838153786797
IND521201AAA,0.001179838207840697,0.0004087811861857595,1,1,0.0,20.0,0.0025996922654678532,14.731754219538443,-5.757253245464859,-0.32191163626541675,-8.755020509256001,-0.8987050203400851,-7.659725276926067,-5.09879933910386
IND521301AAA,0.0,0.0004331045521087085,1,1,1.0,30.0,0.0035343052358202103,16.704170090805523,-7.485205416929203,-0.33211911490643936,-14.275441130137116,1.9975047890263626,-10.591554892201154,-6.505597511735134
IND522647AAA,0.00039327940261356566,0.0008505353705524712,1,1,0.0,23.0,0.0001561724096733693,11.987395097456421,-6.34292800703559,-0.14867529126631432,-14.823702083796373,9.201163466677185,-10.81135931375886,-1.4845928176399275
IND523201AAA,0.0,0.000851027166749544,1,1,0.0,15.0,-7.117698022451469e-05,9.475143182991873,-5.135479065940688,-0.12928229857340937,-12.402896732671131,8.63999406310091,-9.169071949509847,-0.7140273634650891
IND523105AAA,0.0016997280185760443,0.0007133948234623918,2,1,0.6666666666666666,26.0,0.00018063982348617087,12.506888368018018,-6.531910090235719,-0.14719114624135832,-14.88708153320328,9.047452860358199,-10.547895798826618,-1.4834813383401522
IND523226AAA,0.0,0.00041010428495341503,1,1,1.0,13.0,0.0002798871055085954,6.824311083297265,-3.518380856496691,-0.0704743379880037,-7.825212365535447,4.3914177221635,-5.289424468168905,-1.031377063676203
IND523230AAA,0.0,0.00040010199226261586,1,1,1.0,30.0,0.0001100964799508184,5.722094630869864,-2.94065602107199,-0.06668629763752686,-6.511325268760049,3.5865570225227197,-4.2546526205029505,-0.8290731957295219
IND523316AAB,0.0007865588052271313,0.0008492535314578773,2,1,0.3333333333333333,18.0,0.0004949880607170683,13.769551809024964,-7.169303073103645,-0.15154845986422244,-16.316172668159105,9.152329702084826,-11.562949703516402,-2.2328045505023644
IND524201AAA,0.002609831985065339,0.0007350057187478013,1,1,1.0,15.0,-1.630479245344879e-05,10.459562140103692,-5.558785284498668,-0.13046882148280378,-13.03578710095872,8.514459767866473,-9.474435831919328,-0.9790164135030355
IND524003AAA,0.0,0.00031897803884116816,1,1,1.0,28.0,0.0005789961977393914,23.674837322362993,-10.931541186168552,-0.14968076148507042,-19.473674393090423,9.421336868350092,-11.326461109969047,-2.048592495607209
IND524101AAB,4.978220286247667e-06,0.0008002072025262409,1,1,0.0,28.0,0.00035570355995485453,0.000312800139044666,0.0005026211057331527,0.0035961135768878697,-0.00305650833722955,-0.015616580616946091,-0.009897496680894279,-0.04897804774917804
IND530012AAA,0.013912038971117925,0.002762310756080606,9,10,0.05128205128205128,110.0,0.0052504968857121585,73.08997457676855,-32.68054952177459,4.487213336138305,-55.18499933694848,29.745662845435707,-36.2882218041597,-5.726548570705573
IND530043AAA,0.00039327940261356566,0.0004091735023206975,1,2,0.0,22.0,0.0006377364766794562,7.106399296701495,-3.1718121358237705,0.46822022455765683,-5.54978388946853,3.082445647847832,-4.509480583491238,-0.6484472289541242
IND531001AAA,0.0016975731176104543,0.0004983115909075378,2,2,0.0,4.0,0.0011277237917143657,15.578359213695116,-7.325265302253077,0.8988153032296462,-13.68900238182991,8.026508230429014,-9.699510755683074,-1.224991178976726
IND531162AAA,0.0,0.00040773152009913904,2,0,0.0,7.0,0.00037373868996493315,4.901046063179255,-2.063538189746955,0.3006860137306211,-3.240213746198143,1.6634156398689013,-2.6632200247199136,-0.3661341050762858
IND532001AAB,0.003539514623522091,0.0017862315518368092,5,4,0.14285714285714285,90.0,0.0008232211439775377,11.975394200908239,-6.0315918374459425,0.9784047805376195,-12.428030939349155,8.345510844552336,-9.196726040957767,-0.9502486539837228
IND535001AAA,0.0,0.0006184281008094597,2,1,0.0,20.0,0.0010871722912337485,10.570874981480916,-5.043298698753404,0.7216637749544081,-9.68287926616064,5.52803827755754,-7.305673394613999,-1.193138261989724
IND764001AAC,0.0011761045426260113,0.0008692817292444201,2,1,0.3333333333333333,11.0,0.0007706956313866784,7.953898523426621,-3.76465723289079,0.6102566168738788,-7.186936847093164,4.119331568264915,-5.766400447893298,-0.8603160354373672
IND764020AAC,0.0,0.0005427069134804473,1,1,1.0,2.0,0.00035766179220566235,4.499437765127623,-2.0460216189975555,0.337123062702107,-3.67820098862922,2.0448420377004304,-3.039755359980146,-0.40484086003520375
IND530012AAC,0.0,0.00012846922524445772,0,2,1.0,5.0,0.00030699509476117467,3.9052568066120967,-1.7087300477050582,-0.03267325183310622,-2.8967922129856727,0.9028610700776472,-1.850142593802639,-0.6810764466596699
IND530018AAA,0.0,0.00012846922524445772,0,1,0.0,1.0,2.25135932053567e-06,0.02075176534465844,-0.009704060201749751,0.0015809097753157228,-0.01827345567740594,0.010504903739952779,-0.018155486635364232,-0.002357051507841696
IND530026AAA,0.0,0.00012846922524445772,0,1,0.0,4.0,0.00011963101718951725,1.5642875926527369,-0.7497050612727163,0.016651264859160585,-1.427805437763768,0.6140162546321722,-0.8686094927755778,-0.2537382039619025
IND531036AAA,0.0013080273802115745,0.00023768950610103222,1,1,0.0,8.0,0.00024811136716931,3.6665471733131274,-1.5611861133975735,0.05205058369915704,-2.435945317333528,0.6383630205167301,-1.8340598090659028,-0.6270535901818503
IND531163AAA,0.0,0.00020591931115457811,1,1,0.0,21.0,0.00037489330107919684,3.7639982746240683,-1.841821892757319,0.3361469232792969,-3.6146517296989855,2.1084254991936544,-2.6391169473857077,-0.39642084518924375
IND531116AAA,0.0,0.00019604696152011658,1,1,0.0,2.0,0.0004697839384303089,6.172645326762984,-3.0744868739652604,0.35139388576972497,-6.290843594329354,3.7740779397325235,-4.647797860436463,-0.6282812918081934
IND532127AAA,0.0015731176104542626,0.00047045509743045275,1,1,0.0,32.0,2.4055575032915103e-05,1.4260958442935316,-0.7490044803548861,0.1406887595526065,-1.6831060321516653,1.2268479082657675,-1.480133058717595,-0.11011691411281073
IND532201AAA,0.0007865588052271313,0.0009904509781139157,2,1,0.6666666666666666,32.0,0.00014539312899891881,3.6621314711527257,-1.9612849397965908,0.34828266691930826,-4.562731917144408,3.2615914190745485,-4.133825809945092,-0.42893891205764284
IND532421AAA,0.0,0.00047640267781629616,1,1,1.0,30.0,5.9039750724912914e-05,1.4478921113570484,-0.799637482371767,0.13487325857515545,-1.9689090743437512,1.412522450349911,-1.9017748369145728,-0.23812099571742787
IND535591AAA,0.001179838207840697,0.0005284460926695076,1,1,0.0,19.0,4.1371228515340853e-05,1.1583740814005528,-0.6287836728525756,0.10897080501807607,-1.4974436519159835,1.0726982108296856,-1.3961297868345663,-0.15693944289435366
IND532222AAA,0.00039327940261356566,0.0009705289944774391,1,2,0.6666666666666666,26.0,0.00022689855363190064,4.027431991890277,-2.1412656120960025,0.3924453104135293,-4.922958448188753,3.4192294506604344,-4.44163323068519,-0.526017141660112
IND761200AAA,0.0,0.0004607023539706091,1,1,1.0,18.0,0.00015881904838119343,2.6637711461298834,-1.383946545157813,0.25246896915582523,-3.0618368241068334,2.0183995980881346,-2.6491411291602454,-0.34959687212687307
IND532440AAA,0.0,0.0003575299850017929,1,1,1.0,26.0,5.237777017980048e-05,0.847053886069215,-0.4563747105861811,0.08777484297226647,-1.0790805710993856,0.7526206952323151,-1.0011569576227537,-0.1325205185465877
IND533003AAA,0.00039203484754200374,0.0006752576505620884,2,2,1.0,28.0,0.003769322470944605,14.605713029191994,-7.589955220136199,0.1606678759442794,-17.65747708541589,9.081261437800407,-14.382413044669853,-4.801201824459176
IND533401AAA,0.0,0.0003988960214531156,1,2,1.0,28.0,0.0017646868070843908,7.576606218378109,-3.8985770837135676,0.06291555204867041,-8.875609369471443,4.397917099012613,-6.986759025827732,-2.365599733472275
IND533201AAA,0.0,0.001830023135816033,3,2,0.6666666666666666,14.0,0.021115196890373222,32.29257459617634,-18.21045349405877,0.6534749500735173,-52.12849892396233,32.81725813589491,-57.62082704340131,-20.50314319698017
IND533242AAA,0.0,0.001223749285736391,2,1,1.0,8.0,0.01493617626445779,20.122798054463203,-11.595709811054618,0.49356449126363894,-34.56640456648778,22.335490532029603,-39.83383863680336,-14.21168648516579
IND533262AAA,0.0,0.0010039679481289576,2,2,1.0,18.0,0.013271130998770473,24.660531239564254,-13.480350182306982,0.4611100233923032,-36.491505080487066,21.767881321221694,-38.30043135189861,-13.515838152950264
IND533308AAB,6.222775357809583e-07,0.0005539554711102155,2,2,1.0,21.0,0.002665169859243526,9.814608398239892,-5.144136996121935,0.09760181661379977,-12.187383239595144,6.29222919773294,-9.901473232432345,-3.414734893881015
IND534260AAC,0.0,0.00037287283059458975,1,1,0.0,6.0,0.002892806328566339,12.967309340332507,-6.582745090042987,0.08790902122773966,-14.597779145347081,6.990080826830791,-11.45468015192029,-3.968640249933131
IND535501AAB,0.00039327940261356566,0.0006196698723360568,1,2,0.3333333333333333,29.0,4.293844123259071e-05,1.1545555177734939,-0.6303508408248247,0.10599086106030162,-1.5218732790340446,1.0889089973584267,-1.4440396663162003,-0.1727100873678827
IND535558AAA,0.0007865588052271313,0.0005777322714979582,1,1,0.0,18.0,2.5367952934848072e-05,1.1174077602131751,-0.6196845094729206,0.10971436161796175,-1.5217259934440301,1.1246044334622447,-1.4397904613389452,-0.1502857261242975
IND560002AAA,0.0,0.0006684731765159593,3,2,1.0,74.0,0.000869678329704273,56.707988967670275,-27.227647542771017,-0.3430005765365996,-44.39618739101683,50.42635445794486,1.2246055107748977,16.03647268048081
IND560099AAB,0.0024423220459349965,0.0025161908437563974,11,16,0.1503267973856209,602.0,0.0021550621348999264,165.13085105433848,-80.129828358021,-0.8857158595578705,-133.40648852328093,153.0884803167189,-0.9195127701526616,48.286441842784626
IND560027AAA,0.0,0.00012846922524445772,0,1,0.0,3.0,1.558902225215731e-29,-7.126378628955418e-30,8.526149382476604e-29,-1.0140562894983998e-27,-7.930457719758245e-27,-1.0308621156982873e-26,-2.640168367261868e-27,1.1011864786520593e-27
IND560099AAA,0.0,0.00023768950610103222,1,0,0.0,3.0,-1.4667635792933143e-29,-2.1908406713404793e-29,-3.983230045929197e-28,2.575296156210322e-28,5.400658165460967e-28,-7.54093350809517e-27,5.275295205487939e-26,2.460913389660683e-26
IND560043AAC,0.00039327940261356566,0.0006302321246997515,4,3,0.3,145.0,0.0007577796406493654,44.92770832338006,-21.876897648516305,-0.25066206202066066,-36.219271666923134,42.09380017352167,0.9150484325608268,13.493428948775616
IND560064AAA,0.0,0.00028586923503647906,1,0,0.0,30.0,0.00010324287947947396,8.69068382585452,-4.244488883794307,-0.043065572826020825,-6.666351771868249,8.650982563830597,0.23195478985482845,2.6781137721051675
IND560048AAB,0.0,0.0006899147091742457,4,2,0.5,71.0,0.0011491685219600337,60.875014062592655,-29.085680417962354,-0.26823824873332436,-47.23460323392815,53.978666034127926,1.4848264923979768,17.52962814007621
IND560058AAB,8.313661132678133e-07,0.0005392830070518796,3,3,0.8333333333333334,104.0,0.00063716753943257,59.32154548359337,-28.322491878850272,-0.4622506609330559,-44.81448896257894,52.11950443559989,0.9361447430397603,16.17929437354198
IND560060AAB,0.0,0.0005513448942586462,3,2,1.0,88.0,0.0006898266180711616,53.43210068498079,-25.894633403353215,-0.2873416730217099,-43.55016892125491,47.4327986703909,0.26455034647396425,14.692549334064323
IND560058AAD,0.0,0.0005485280231612685,2,1,1.0,69.0,0.0008526861008765966,51.908335346512075,-23.704793117641977,-0.1797647008815659,-35.62113382993164,38.42180733345983,0.8494887418073348,11.839462067662142
IND560064AAD,0.0,0.00012846922524445772,0,1,0.0,32.0,1.4302354493711058e-05,0.7987065943095472,-0.41018965920739875,-0.005216576307008048,-0.7515889356619834,0.9087624797469287,0.03287515738870527,0.3072262786053251
IND560067AAC,0.0,0.0002899731302693525,1,1,0.0,25.0,9.406066568305638e-05,4.143417468368098,-2.057958833802117,-0.022674865861445348,-3.5515099513185624,4.152654905251146,0.12696806325495244,1.3677765433575095
IND562114AAA,0.0,0.0003750209948257284,1,2,0.0,34.0,8.580167906062635e-05,6.809309825900126,-3.1422751149899097,-0.0620756770167951,-4.86885768106731,5.06022525732925,0.16544066723258077,1.648998291930404
IND560077AAA,0.0,0.00044816348549576936,1,1,0.0,2.0,0.00031098675380748314,14.563051546980294,-7.429822196595039,-0.062250686953260595,-13.566900741080907,16.23882154387952,-0.05102777904921984,5.392372075573364
IND560078AAC,0.0,0.000632500830706659,3,2,1.0,81.0,0.0007753926667190226,41.79156912614075,-20.076774231108573,-0.2118716522499096,-32.5875788559081,37.22707567799755,0.781917197687698,11.766158793359546
IND560083AAB,6.222775357809583e-07,0.00048306763350348654,2,2,0.6666666666666666,67.0,0.0004894268119707358,45.25171318792661,-21.72255156252229,-0.22010655484433544,-35.52878809052596,38.18414266688173,1.4195242049327528,11.794039286651856
IND560085AAA,0.0,0.0006100578821726439,3,1,1.0,45.0,0.0012020146902409314,68.8935923536081,-32.93906269817933,-0.30479954805379345,-53.40019658442704,58.73609734933846,0.0866326138667961,17.764764539929264
IND000000ACS,0.0,0.0007592662645025066,4,0,0.5,9.0,0.00027611800979108277,21.345479880684053,-10.110275760886351,-0.09548726316425467,-16.519341228928678,17.50779065387742,-0.07886475653119099,5.3871928311739445
IND560300AAA,0.005336652146857498,0.0009717177413290465,4,12,0.21794871794871795,422.0,0.0010072710698802241,57.101871754048396,-27.33697188097016,-0.3173225680563897,-44.62259922175,50.37029876241791,1.4377040085811617,16.207030321780138
IND632006AAA,0.0033065753992947526,0.0007863835588386878,3,5,0.23809523809523808,73.0,-0.0011347584689930083,37.316368259112004,-17.68264217661661,-0.36922240055204014,-30.68402033960719,31.069600925048295,-8.237272619864852,8.734683124060618
IND635001AAA,0.00039203484754200374,0.00042172592849493563,2,2,0.6666666666666666,15.0,0.0005890367353937177,26.052638020846175,-12.87239119852891,-0.13171785277765555,-22.25582500535129,24.959803871517792,0.07152383374575914,7.7687501912966725
IND683511AAB,0.0,0.0002413043658847305,1,0,0.0,1.0,7.45612066875009e-05,4.141699581838623,-2.0773400226452265,-0.02377025242818872,-3.6688124087121743,4.3140811015107525,0.019687391821170096,1.4098929135755032
IND560099AAG,0.0,0.00012846922524445772,0,1,0.0,1.0,4.552113847349694e-05,1.7720521245657015,-0.9170545955559417,-0.010229405208011867,-1.7117634101651313,2.0923568226206517,0.014909564149962393,0.7073672305241052
IND560099AAH,0.0,0.00012846922524445772,0,1,0.0,1.0,3.2408595065527475e-06,0.09113852641319548,-0.04798947259866927,-0.00043818118107834806,-0.09433909411088023,0.11069854900423275,0.0002901421206000207,0.03771322535823859
IND562125AAA,0.0,0.00023768950610103222,1,1,0.0,2.0,6.388541099341871e-06,0.18112922699435083,-0.09530814447111913,-0.0008713020409723143,-0.18709824857971533,0.21934568833599988,0.0005517117260568696,0.07465133801947689
IND563101AAB,0.0007840696950840075,0.0003953315721091903,2,2,0.5,30.0,0.00010696126944446012,2.7675197719563585,-1.44373761928057,-0.016961023366402487,-2.7553443115085687,3.393721137011152,0.16807676194063648,1.2024197171124067
IND563130AAA,0.0,0.00041437123733091053,2,1,0.6666666666666666,17.0,0.0001458141793840913,5.816711173677448,-2.9396583901849045,-0.03627019006690124,-5.306986285171563,6.194403430277423,0.2254268110785563,2.0759416160033495
IND563131AAB,0.002087118855009334,0.0011091016819117796,3,3,0.5,41.0,0.0006057481136312741,17.837003323168098,-8.838317117443543,-0.08435385899711123,-15.516783243869193,18.461469737999646,0.7056122876994747,6.3880299696575955
IND560300AAB,4.978220286247667e-06,0.0007114717120226579,2,3,0.3,33.0,0.00018556031701559214,2.8964268675362237,-1.5692175090882443,-0.015211412303680153,-3.209761237274307,4.146229659781575,0.19732334070239857,1.5431352439108013
IND563116AAA,0.0,0.0006685685303071341,2,1,1.0,27.0,0.00026095286116159354,4.664424820866711,-2.4698905830045117,-0.023894580288671214,-4.854741901439571,6.1548762089932225,0.2845472892027303,2.248497287859719
IND561203AAB,0.001181082762912259,0.0010706632604674453,1,1,0.0,21.0,0.005266987687393243,26.727887053756024,-13.785951111731947,-0.03127162722939062,-26.023760081551114,43.23136398411497,21.276911384789116,15.056364922819835
IND562101AAA,0.0007865588052271313,0.0010305849847022422,1,1,0.0,14.0,0.005338485139766771,24.307079358246163,-12.86114521194849,1.0628678324664173e-05,-25.81028926733122,41.528922517673294,21.10090116438847,14.611030979716837
IND561207AAB,0.0003940675376889435,0.0010029332386731684,1,1,0.0,12.0,0.005110147440323905,12.75162786377519,-7.349595141734881,0.05606879522364564,-17.010825306830977,31.732570732698726,20.468670573194,11.569001438068149
IND562108AAA,3.73366521468575e-06,0.0009801773087114985,1,1,0.0,10.0,0.004909182141761486,11.714600406723806,-6.792718610343572,0.059326573074858495,-15.937580341779366,29.871629953158838,19.682975934538895,10.919473753568582
IND572101AAA,0.0015756067205973865,0.001112599660061402,2,1,0.0,12.0,0.0054364723957384615,32.15108889940211,-16.451447949839736,-0.06525663214419052,-30.503890511862547,48.532159403940874,21.600905865857175,16.702793465304275
IND562117AAA,0.0013080273802115745,0.00023768950610103222,1,1,0.0,15.0,0.0002804338390981763,6.980697412687548,-3.3330820587180763,-0.0357103590876267,-5.397878217237395,5.974206111460501,0.2905830501124329,1.937908843305096
IND560066AAB,0.0,0.00042711668038968823,1,0,0.0,2.0,0.00015528258702509712,22.953695466543007,-10.817772920202819,-0.10825052007748276,-16.590468233032862,18.61117483556446,-0.028485186456681796,5.354370344686113
IND570020AAA,0.002762912258867455,0.0015866544256390991,3,3,0.06666666666666667,46.0,9.121080327398756e-05,17.62652941905614,-8.84500167704329,-0.09431811036800831,-15.823148678129629,18.37826440289656,0.861353590967884,6.149309906310915
IND573201AAB,0.01078601407580868,0.0016057618638406366,4,5,0.14285714285714285,78.0,0.009394215029553607,28.02403719787541,-13.179116579682393,-0.06832960944311987,-22.542345248904375,26.779585805993356,2.1233364532647236,5.814341984596698
IND577002AAA,0.003782202862476665,0.00219500297935387,4,3,0.26666666666666666,51.0,0.022578059046075957,111.28882121911113,-58.34648092099853,-1.3754249560599734,-119.93450499628314,151.56696116853414,23.969902943113535,60.799898678684556
IND577501AAA,0.0013055382700684506,0.0006300331282946492,2,1,0.6666666666666666,22.0,0.004795659135561186,49.31267320615676,-24.7591917168361,-0.4421826542198273,-45.62658074088378,54.263412685882095,6.492595227153536,19.829622747199544
IND577598AAC,0.0,0.00033731400835219016,1,1,1.0,21.0,0.0020881958655256357,23.108394418278603,-11.508985588028054,-0.1620284665439745,-21.183128059827222,24.10062031177587,1.3959512757364219,8.366557217546575
IND583101AAA,0.0049495381553399265,0.0010044385106930574,3,2,0.16666666666666666,41.0,0.0006802681518795719,44.1164708294551,-21.60500456297874,-0.23369404521934964,-36.433660112247246,40.549196212003196,1.6171403926354408,12.829806843092763
IND562159AAA,0.0,0.00012846922524445772,0,1,0.0,11.0,9.126792339361204e-05,2.9044915442761092,-1.4176760740385697,-0.01586037792102551,-2.378401293976512,2.676349955286315,0.08055967505025803,0.8370957966819118
IND563125AAB,0.0013055382700684502,0.0005483227670102518,2,2,0.5,28.0,0.00017538265720436604,4.860789343123262,-2.4969037326936023,-0.026643269748602264,-4.616196250692362,5.64198151032279,0.20916803715881704,1.947897470091511
IND563131AAA,0.0,0.00030018079395881627,1,1,1.0,26.0,6.356297861816494e-05,1.3580338053504635,-0.7174949063938271,-0.007601974276916125,-1.396139166550242,1.7542109359417104,0.06796982847908808,0.6256400255599324
IND571301AAA,0.0011859437605765356,0.0005604909081957159,1,1,0.0,15.0,4.406810783202552e-05,4.6855553262623,-2.3806115724072296,-0.027302227590334203,-4.352295178487711,5.247277578517066,0.19913448529285097,1.7959633406557478
IND571430AAA,0.00040279688187825556,0.0012059504424101666,2,1,0.3333333333333333,11.0,1.8206588144479206e-05,7.805753165683814,-4.089614946156467,-0.03170690606465417,-7.992332691282118,9.726823611780569,0.3556214901806174,3.397168921323764
IND571602AAA,0.0,0.0005399184471027988,1,0,0.0,11.0,4.505603102703829e-05,3.9202058309638512,-1.9910196373641333,-0.024348067917566392,-3.6468768001947542,4.298716281030132,0.15948233289159852,1.444418238530212
IND571104AAA,0.00039203484754200374,0.0005307548980251393,1,1,0.0,24.0,0.0006435371050116381,0.8983933927920675,-0.4730163766357239,0.0003232317604905994,-1.0207285249762286,1.3383947897855104,0.14588294960003162,0.2810925911723552
IND577598AAB,0.0,0.0005797343469925988,1,1,0.0,26.0,0.0009879287645124702,1.2504419624526404,-0.6625411093814316,-0.00014336013440214906,-1.469512879980551,1.8750931953924754,0.2528585292168426,0.35360251624301514
IND571105AAA,0.0,0.00012846922524445772,0,2,1.0,10.0,2.2168146968427527e-07,0.08724467043350918,-0.04897759536000436,-0.0005737744199101897,-0.10684264371602553,0.1383880171090491,0.006689613595373244,0.05126771411088357
IND571114AAA,0.0,0.00033782835398607914,2,1,0.3333333333333333,15.0,7.89122224759787e-07,0.3445258429798938,-0.19403262358588358,-0.002335616437048842,-0.4258625111964293,0.5560667385478776,0.0255284156559292,0.2070108669608026
IND571213AAA,0.0,0.00018904817384353658,1,1,1.0,16.0,6.361233299391339e-07,0.1590286823651087,-0.08927994937156587,-0.0010623498704497507,-0.19471820391891512,0.2525035973903696,0.011973491298168895,0.09352438553255372
IND571111AAB,0.0007981114687371008,0.000606718084330059,1,1,0.0,16.0,3.6129698757475546e-05,4.554221173195066,-2.316901862293015,-0.026233481733437543,-4.253456881897635,5.152124934188227,0.1971419041643412,1.7718000462770056
IND571313AAB,0.0004082140634723087,0.0006442202779654376,1,1,0.0,17.0,-1.1129759122744369e-05,1.5684221803307363,-0.8976388962619319,-0.011016091242321833,-2.0352065121202365,2.718534213093264,0.11210227123026555,1.0315576081058089
IND571124AAA,1.3690105787181084e-05,0.0011572483910136555,1,1,1.0,19.0,3.790641966620066e-05,7.249639929073618,-3.8150586349473383,-0.04346055680873742,-7.483185573839422,9.332924267440449,0.38126686938275867,3.31653962938441
IND571440AAA,1.1200995644057249e-05,0.0006743597603292985,1,1,0.0,9.0,-1.1370942838749676e-05,1.7095373270363317,-0.9774381599672817,-0.01193358309796477,-2.211984536289957,2.949770910946329,0.12251887280896959,1.1179075256390503
IND571401AAA,0.0,0.00023768950610103222,1,1,0.0,6.0,3.9332694750860925e-24,1.3708833847429333e-23,-5.005751552455357e-25,5.678510151730635e-22,1.9765200560496052e-22,4.195830605187156e-21,8.311343302725604e-21,6.811104504765122e-22
IND562160AAB,0.0,0.0003305364975118818,1,0,0.0,0.0,3.0903736994464113e-24,1.2956301720308344e-23,8.814364570191925e-25,5.524043072800728e-22,2.0925589345491608e-22,4.1784008931746475e-21,8.597439891207282e-21,4.283070547230557e-22
IND571426AAA,0.0007853142501555694,0.0004732886179041293,2,1,0.3333333333333333,22.0,0.0004329843475604087,0.8113076168706952,-0.41545952948568515,-0.0007369320603885551,-0.8359815866832806,1.0575421367681503,0.104185688018855,0.2378302159222871
IND571432AAB,0.0,0.00018707279780250276,1,1,1.0,19.0,0.00023232927802336456,1.2106437593323798,-0.594582212008822,-0.004469550777416629,-1.0399921186591505,1.2261193727591666,0.07609297896632816,0.33581643095590086
IND571438AAB,0.0,0.00012846922524445772,0,1,0.0,6.0,2.570833655321772e-24,9.760116600170957e-24,1.3940402566484186e-25,4.100419471822736e-22,1.4893868937103843e-22,3.0651814581089645e-21,6.18904529810483e-21,4.06075660474069e-22
IND572201AAB,0.00019663970130678283,0.0005881376038321794,2,3,0.6666666666666666,12.0,0.004528182673910138,7.1126743693109145,-3.580786177977653,0.000239210305315546,-7.163797032091905,8.781907516383443,1.051621936236368,1.5686457001741556
IND573103AAA,0.00019663970130678283,0.0006000483696474054,2,2,0.6666666666666666,9.0,0.004399913952544824,4.95037637363048,-2.52463786501896,0.039119202576539405,-5.340741504966807,6.7994151351454315,0.8655226059917042,0.9892970891191903
IND577116AAA,0.0,0.0009169879265901093,3,1,0.3333333333333333,4.0,0.018301408026552002,5.304992784809714,-2.9450877806865443,0.16556598036297493,-9.35710550624126,13.338382733235884,3.08980745822379,-0.8740696082548899
IND573116AAA,0.0019616083442554055,0.00037889637677667473,1,3,0.3333333333333333,22.0,0.0008684596698176314,3.4080565095452484,-1.5223670907020113,-0.01970635983821405,-2.408413546336148,2.819641033950451,0.1978798463054879,0.7456238836053322
IND573142AAA,0.0026060983198506536,0.0006989102216716492,2,1,0.3333333333333333,27.0,0.0019798878100515047,3.0833710441841538,-1.5879717592742697,-0.0023530519674966268,-3.2962633580883964,4.103935990853888,0.5057207448246027,0.7969742069248265
IND573134AAB,0.0007865588052271313,0.0010597777758830874,2,2,0.3333333333333333,21.0,0.016048527481895822,11.209065067168579,-5.630045016684332,0.13594424842121272,-13.01481289575618,16.852328755563672,2.685168310347299,0.8893620961017298
IND577101AAA,0.00039327940261356566,0.0013038908977218906,2,2,0.3333333333333333,6.0,0.025881695441451424,7.891785898211711,-4.358717767134056,0.23219636207052596,-13.57433178185902,19.26834689743515,4.369500256520784,-1.0960217094119633
IND574104AAA,0.0,0.0004174721717348183,1,1,0.0,20.0,8.795200689923856e-05,12.701986803857706,-5.855007047317954,-0.09401389470281432,-9.141444897408151,9.430027499519182,0.7047977453795226,3.027736509764114
IND574216AAA,0.001304413431717199,0.000638547339497956,2,2,0.3333333333333333,18.0,0.00019116880932914314,21.19318092867069,-9.657126216968319,-0.1773694107330195,-14.660475169000332,14.621226627150966,0.7650280090387195,4.607904053667015
IND574117AAA,0.00036885525799651507,0.0003611688159577453,1,2,0.6666666666666666,8.0,-0.0001524906079120901,2.689800619594826,-1.393224440043624,-0.05381490299421204,-2.7903133231039217,2.558133831261116,0.6545207978682105,0.7370328822837501
IND576101AAA,0.00036885525799651507,0.0004437772206488702,2,1,0.6666666666666666,6.0,-0.0002895849081029884,4.098420257354602,-2.14389742878857,-0.0842399960749901,-4.343891020316263,4.063387378351355,1.0839846585463875,1.2400240002015237
IND576201AAA,0.0003444311133794653,0.0007039503613185613,2,1,0.3333333333333333,8.0,-0.00028234480400584104,5.812919968914593,-3.0020118372218803,-0.08871620669918585,-5.815688649751894,5.880009248511903,1.0726281730342597,1.80938111389309
IND574202AAA,0.0007865588052271313,0.0002611093079599502,1,1,0.0,11.0,0.00011719271213009083,9.306158005332577,-4.520025867190045,-0.05631317414050917,-7.462939859823314,8.311300428837718,0.39343654260808875,2.6182685699381336
IND574239AAA,0.00039327940261356566,0.00035047434782710136,1,1,0.0,13.0,0.00012179828100931925,14.398430654471552,-6.747668799076923,-0.08984981321985958,-10.636493756101753,11.132079931167633,0.43991502094423696,3.49207118231267
IND574211AAA,0.0015700349049062655,0.0003384613707951477,1,2,0.3333333333333333,14.0,-1.9407187805656307e-05,3.9687108791796573,-1.9482925604912018,-0.0469909296771999,-3.386557366175357,3.4633410858028593,0.4229527755871955,1.0997046910177384
IND574221AAA,0.0,0.0004264554537443929,1,1,0.0,13.0,0.0003065253567589427,21.68455199201546,-10.051344738762314,-0.15644537957737714,-15.61010626736021,16.16377636666241,0.5434131388317642,5.1053381518990895
IND574227AAA,0.00039327940261356566,0.00033992753217174044,1,1,0.0,11.0,-8.821191730523508e-05,9.647650438629404,-4.72519980814434,-0.08719404097541399,-8.065374588379594,8.481056010820506,0.75047295671642,2.6222661093365014
IND575014AAA,4.107031736154325e-05,0.00037830909798783905,1,1,1.0,3.0,-0.0009079635648580329,5.900101774723964,-2.870089744938611,-0.1508436908255925,-5.25491890906812,3.281549878774871,1.4099240429050381,0.688524393255581
IND671323AAD,0.00039327940261356566,0.00030121952052888636,1,1,0.0,4.0,-9.851815468625322e-05,1.3924512518222305,-0.7078935783286234,-0.032114168395971386,-1.393170503493494,1.1443136173309043,0.38612959114689005,0.3163436701659164
IND581320AAA,1.2445550715619167e-05,0.0008940354106140205,2,2,0.0,10.0,-0.0006775576170568994,7.992887450899198,-4.099916712451595,-0.14136650923692767,-7.8850072125236625,7.568641970802679,1.6989676332301187,2.350764754505929
IND581110AAE,0.00039203484754200374,0.0015479090818935506,2,2,0.6666666666666666,31.0,0.02076499088013715,58.821494485702665,-32.947561606644356,-0.7445059765221864,-77.22102495335132,102.76445055957511,14.459998125658341,43.33431569068765
IND581115AAC,0.0,0.0008968689204812269,1,1,1.0,29.0,0.012522557005957334,31.813862871194623,-17.899417658660237,-0.4128861960723404,-42.0608023323764,58.13238648528415,7.349266133425701,24.515543101076474
IND577132AAD,0.0,0.0008579412046765529,1,1,1.0,12.0,0.013414698963240476,3.9802652448554334,-2.226194593522669,0.11889028087755574,-7.067916431481748,10.027072139575843,2.299220143591526,-0.5459086181943382
IND577126AAA,0.0,0.0006047155212495522,1,1,1.0,2.0,0.0006991282360090185,20.637992046856525,-10.192111573445976,-0.1338600628498699,-18.1292602673631,20.162789089559784,1.6705357274526444,6.946467200854806
IND577201AAA,0.001437847692896683,0.0008929589628237558,3,2,0.3,14.0,0.0008760120963855725,52.968036414333476,-25.84546482355368,-0.4521176384608779,-45.15171405369224,48.5366770713719,6.161402910719631,16.704537068484576
IND577432AAA,0.00039327940261356566,0.0005597395505518179,1,1,1.0,2.0,0.0005031147527827836,17.952668791028504,-9.211160942946723,-0.15937149139137477,-17.361495290520658,19.969913230217237,2.545553708604218,7.147421514245713
IND577401AAA,0.0006509023024268824,0.00028677246333190184,1,2,0.6666666666666666,11.0,8.669923958456005e-05,23.912970705475427,-11.163467568887276,-0.26305339993979526,-17.668344201969674,18.60649777230513,2.1568945587673873,6.0494781307414955
IND577522AAA,0.003905758000132187,0.0005341492077435045,1,1,0.0,20.0,0.0007163355648800271,41.88747504350322,-20.051835739530777,-0.14264390429415108,-32.689766787992895,34.98245658285264,1.0536764057805974,10.86264568909146
IND577535AAC,0.004289981331673927,0.00047698880453102537,1,1,0.0,20.0,0.000535417336291655,34.34392315232308,-16.651153404665198,-0.15865889263096325,-27.699519304294757,29.811504610669058,0.6949464380907917,9.200953300126924
IND580002AAA,0.0,0.0009930404300215027,2,1,1.0,11.0,-0.0011502835065890999,26.598692405476456,-13.473138769497838,-0.5561586658178813,-25.090006538432753,25.664043771570395,9.982868839449747,9.755059336568694
IND581402AAA,0.001567540806566462,0.00038681075332893755,1,2,0.3333333333333333,25.0,2.4074258232885894e-05,41.260072785490586,-20.063050141924144,-0.48441598396756774,-35.300775455389235,36.12788773373552,6.901675224386181,12.729471672653412
IND590016AAA,0.0003928204885190418,0.0009058668623473518,2,1,0.6666666666666666,15.0,-0.0008197299042155852,45.00413281652787,-23.390936899719154,-0.8702960681552414,-46.494810910666644,48.56894872885741,18.21716728559777,19.461035854425955
IND591115AAB,0.0,0.0004538655015526782,1,1,1.0,8.0,-5.03975002747709e-05,19.55002692005035,-10.448879946606569,-0.3956372381532895,-21.835296100676803,23.48559897998223,8.210976682791172,9.466282109354859
IND591123AAC,0.001179838207840697,0.000475189425317316,1,1,0.0,26.0,-0.0005555531409801792,18.02204128608724,-9.507067143271353,-0.3969877229725212,-19.564053772227105,20.005121782095053,7.63131181621578,7.995691609843756
IND581119AAB,0.0,0.0007470968752276006,1,1,1.0,25.0,0.012135697491677755,32.92866740100071,-18.510438023184587,-0.5207642256726565,-44.04474989346331,58.45896650443198,10.5958571708884,25.41897378394602
IND581325AAA,0.002609831985065339,0.000674896833597316,2,1,0.3333333333333333,22.0,-0.0020304602704953236,22.55800271140455,-11.245963712058106,-0.49952718870257773,-20.7638995763007,18.59251982855658,9.303837865242752,7.156096199540049
IND581334AAA,0.0004533286874917232,0.0007364538288471043,2,3,0.3333333333333333,11.0,-0.0012077895804907814,5.768443694689194,-2.9939691920118827,-0.16229239673796075,-6.18018762579609,4.666665191292853,1.7825699289800403,1.2894960657270835
IND581343AAC,0.0,0.00037802084497492907,1,1,1.0,7.0,-0.00042792045113032806,1.7005755946153711,-0.8722192289618942,-0.05327074297383847,-1.7945709954708642,1.1891718071269615,0.5573464052943685,0.2999523319381527
IND582101AAB,0.0,0.0006583755009713553,2,1,0.3333333333333333,27.0,-0.0016674885933324693,25.12926209688274,-12.276591570445012,-0.5609875830823307,-22.209886170552455,20.762946644314002,10.85282679358632,8.656516393100004
IND582209AAA,0.0,0.0003401594681360561,1,1,1.0,25.0,-0.0008967253911914329,13.241512359319916,-6.7842652704133855,-0.3102713617229237,-13.189000514074664,12.838264622062109,6.658652121631066,5.360664324354914
IND583201AAA,0.003782202862476665,0.0010102479316416062,2,3,0.3333333333333333,45.0,0.0002162743725194408,13.475862507045466,-6.8325005427214,-0.07246428355606378,-12.414833700302124,14.061550830621687,1.0296483131659886,4.705905785206133
IND583119AAA,0.0,0.00040865975528488023,1,1,1.0,14.0,0.0001377057975913,3.491294187810602,-1.8629643763602388,-0.01806928239363498,-3.677461569468956,4.455690185064592,0.23330659743886845,1.5495273848722224
IND583227AAA,0.00039157343934914006,0.00036863253670767703,1,1,1.0,24.0,0.00010389758428143302,3.1939734961207003,-1.658183374075362,-0.017164601229082175,-3.1343161496963203,3.770107551152915,0.21874776870263093,1.3023151473954415
IND583231AAA,0.0013081545792269042,0.00044208321477983553,1,1,1.0,24.0,0.00010891672817624047,2.321216169469845,-1.2824043103094198,-0.012902547345928066,-2.6870581812982657,3.346577086037184,0.21805104864309524,1.2036325432216293
IND584123AAA,0.0007865588052271313,0.00023473957258222046,1,1,0.0,3.0,0.0002084150348967381,2.5344566678856135,-1.3007855427060642,-0.017871276224504084,-2.62883001606717,2.1446071123006973,-0.7856511295278398,0.2509383058667503
IND584128AAA,0.0003940675376889435,0.00032808334611218336,1,1,0.0,3.0,0.0001252706376242613,1.024474416130544,-0.5604644467675752,-0.008247453606087588,-1.265912578870973,1.0995621170074004,-0.4038808748993795,0.1445637107495817
IND583121AAA,0.0,0.000407432001174619,1,0,0.0,2.0,3.614665101619405e-05,0.21053106351299192,-0.11934293944567553,-0.0017415251179923716,-0.29090134459294287,0.2640059373255885,-0.10124664431166759,0.03762820423413199
IND585211AAA,0.00019578671967457003,0.0006676316172492972,2,2,0.0,30.0,0.0010168344878834122,4.297871606914839,-2.2763539484293895,-0.04070408966266117,-5.403317043453679,2.347059285723775,-3.9288224867820136,-1.438800086464785
IND585307AAB,0.00019578671967457003,0.0006079536930416905,2,2,0.0,34.0,0.0013874892262589738,7.912542437002442,-4.043330422800264,-0.06886997206907763,-8.944644503880088,3.750597941225292,-6.020692684569805,-2.1964029820028514
IND585314AAA,0.00019601742377100187,0.0006521772290591343,2,2,0.0,29.0,0.0017749186217651965,10.322643557558688,-4.934008847914396,-0.10404396635253527,-10.208062216569433,3.788490544876073,-7.4379767878989735,-2.783065372306012
IND585330AAE,0.005055382700684506,0.00045236271039903093,1,1,0.0,29.0,0.001021336560111724,7.553058488892889,-3.8057935929917974,-0.054818942312788124,-8.106121106736962,3.300087805458098,-5.2346980267906575,-1.8908415134887357
IND586128AAA,0.0001964102442595209,0.000671988596434375,2,2,0.0,27.0,0.001399313617630185,8.347160198104785,-4.257840024357911,-0.07588465789537624,-9.335641560389467,4.137135058858717,-6.032677427315271,-2.098996164037453
IND585222AAA,1.2445550715619167e-06,0.0004817859140573698,2,2,0.0,32.0,0.0009906398847726592,5.414701477554416,-2.7661930234514065,-0.045092455414676526,-6.132662596217731,2.594546198230475,-4.177414607851618,-1.5096165524725509
IND586211AAA,6.222775357809583e-07,0.0004750797517734176,2,2,0.0,27.0,0.0012984594017984856,6.744865285621296,-3.4459396701302287,-0.05864179290188677,-7.672010541677716,3.2353421804962346,-5.324192611679379,-1.924307061835856
IND585401AAA,0.004672693239621745,0.0005120953196998576,1,1,0.0,31.0,0.0018658810983892486,22.164559493175116,-10.686221053049543,-0.15286033062737148,-20.722497211193705,8.0375065139645,-11.966357893303506,-4.2515201579073
IND586101AAA,0.0008462974486621033,0.0004105785260021045,1,1,0.0,12.0,-0.0006524370881380693,2.504908560610862,-1.1864458915072205,-0.06973691675974841,-1.9865962956952972,1.3777165281474721,0.8403091922515251,0.3920037717131597
IND586101AAB,0.0008479934355331695,0.0004004176295684623,1,1,0.0,8.0,-0.0006270393332684928,2.475754806841967,-1.1539234913604002,-0.06865702276480574,-1.8678268003276968,1.2727174723704926,0.8524139364831108,0.3734207724002233
IND587103AAB,0.0007865588052271313,0.0005323655315368493,1,2,0.3333333333333333,29.0,-0.0011210207530701014,23.6294739388528,-12.192757284049392,-0.5114382603067807,-24.029353073194052,23.87548939555818,9.97502909510941,9.51606949964742
IND591302AAB,0.0013055382700684506,0.0008983882994889053,1,1,1.0,9.0,-0.0016132549895170722,45.5880838759206,-23.48933700270979,-0.9090264501233835,-46.014795996065196,46.3626417131153,19.008440275891157,18.521307155582672
IND591102AAA,0.0013092719352831364,0.00023768950610103222,1,1,0.0,14.0,-0.00031318697152518915,3.4884767286810656,-1.6777850753019454,-0.07868685613157865,-2.8544725035922633,2.4925154662197584,1.7226309541181595,1.0574021130740265
IND591307AAC,0.0013106486775667078,0.00033053649751188193,1,2,0.3333333333333333,17.0,-0.00042458367126104715,5.2745000414315335,-2.62389899890957,-0.1204113709883048,-4.799398094186409,4.410222968193694,2.556404493296936,1.8193674769578605
IND591126AAA,0.0,0.00012846922524445772,0,1,0.0,1.0,-3.157687098870189e-05,0.6887773866600065,-0.36675835087653563,-0.015827290186681768,-0.7572450877921987,0.7826024378227809,0.3350081299924504,0.3205817566964388
IND591201AAA,0.0028711885500933418,0.0006154182651605351,1,1,0.0,12.0,-0.001026561876129038,6.8483779848402,-3.2941506564408964,-0.1294711503359126,-5.52988550315977,4.531505191899741,1.308071495911679,1.252124641255064
IND591304AAA,0.002477909147479776,0.0006509532231131304,1,2,0.0,22.0,-0.0011754293519648813,4.554975325134218,-2.2171795016338245,-0.1241619735823964,-3.817110191371337,2.820615652627167,1.4907972369332188,0.7937255582266539
IND600004AAA,0.0,0.000762316724857588,1,1,0.0,4.0,-0.0024286634326234403,14.449673684333334,-7.466319324733561,-0.19114988368383218,-16.168622843613047,14.548642685662582,-11.062550161557906,2.5623199412217903
IND600008AAC,0.00039327940261356566,0.0015028961576335719,3,2,0.3333333333333333,43.0,-0.004296123641184762,37.4081378756112,-18.551626901156666,-0.43259415059376627,-37.246247000195574,32.73536565491098,-22.894883344235467,5.952190959367869
IND600008AAA,0.0,0.00012846922524445772,0,1,0.0,13.0,-6.714215794884847e-26,-1.1350220939413043e-25,-1.8247649669182194e-25,-6.897049419946414e-25,-9.071346218715359e-25,1.6320218176724572e-24,3.2068736105502985e-23,-2.2061558405480348e-23
IND600016AAA,0.0,0.00012846922524445772,0,1,0.0,4.0,-0.00010469913779218804,0.6778893376587801,-0.34387800901751353,-0.009364909270952085,-0.7226668527377504,0.6680153732586693,-0.4883179736100818,0.1355161230933563
IND600119AAA,0.0,0.0005645671391481044,2,1,0.0,17.0,-0.0013466903940144185,9.313095286478935,-4.751806875481674,-0.12026421123254528,-10.024679128936341,9.13365295398281,-6.554931532098995,1.7517357779187976
IND600016AAB,0.0,0.00012846922524445772,0,1,0.0,20.0,-6.714215794884847e-26,-1.1350220939413043e-25,-1.8247649669182194e-25,-6.897049419946414e-25,-9.071346218715359e-25,1.6320218176724572e-24,3.2068736105502985e-23,-2.2061558405480348e-23
IND600016AAC,0.00039327940261356566,0.00088338375574636,2,2,0.0,23.0,-0.002632681966837497,25.31606596570711,-12.451063046767798,-0.3092966705972956,-24.7447043752707,21.629848818483758,-15.247109507641172,3.982913316226982
IND600032AAB,1.1846967114066339e-05,0.0008886168466645342,3,4,0.5,156.0,-0.003156577489742386,23.303312394051314,-11.402375775527181,-0.3027587480469382,-22.65045520778416,21.058080838628655,-14.533576027442813,4.532302042535399
IND600044AAD,0.005479534052548158,0.0017031424028561741,5,5,0.2,77.0,-0.004228667056472163,24.3403906137794,-12.282968604732702,-0.3427383960883561,-25.69110248072816,24.2681144040992,-17.277801609040203,5.139440442969299
IND600076AAB,0.0,0.0004923841101274082,2,2,1.0,57.0,-0.0018575597045074257,16.039513119949913,-7.646217370967839,-0.2070558755610501,-14.557807193684626,13.285890707085898,-9.043278862325774,2.920801373767622
IND600048AAA,0.0,0.0006740629088935438,2,1,1.0,12.0,-0.0013409421225670326,4.867114060812449,-2.5798055482481774,-0.07978248266059107,-5.874552736268676,5.8300745667908025,-4.4527041060111,1.275532810924283
IND603001AAA,0.00039157343934914006,0.0003981692021203904,1,1,1.0,16.0,-0.001095801184697747,4.26754919288793,-2.2393899242228636,-0.06846029139652093,-5.025357697009152,4.913282952123926,-3.7866784195224636,1.054394580604468
IND603203AAA,0.0,0.00047425378703785264,1,2,1.0,12.0,-0.0009888026660458845,4.052998576919193,-2.127541989599148,-0.06328150319714164,-4.743959766443376,4.697685393002771,-3.429312474742132,1.0456173923576488
IND600044AAE,0.0,0.00035010030090660725,1,1,0.0,60.0,-0.0013219538684470292,17.536134433512625,-8.302414942181347,-0.20486925102466064,-15.393299891381986,13.33627393079634,-8.798191817102474,2.6065508016779484
IND600056AAA,0.0003940675376889435,0.00039115100721324764,1,1,0.0,6.0,-0.0002511898598405735,2.593461103527559,-1.1193594434566105,-0.037394048604177554,-1.8453745961327224,1.6230112063095943,-1.28366289969924,0.39040441290446565
IND602105AAB,0.0,0.00046099868933884697,1,0,0.0,4.0,-0.00020849655090883352,1.4932784571232876,-0.7421001006865641,-0.020261709621142383,-1.5050296403525105,1.3832071921948816,-1.0106379769562694,0.29309570640763116
IND600110AAA,0.00039327940261356566,0.000447270755563613,1,2,0.0,30.0,-0.0008581551394617962,11.369887764698953,-5.013981897111802,-0.1518392087668779,-8.573685150133816,6.832191528792117,-5.955544894658974,1.2290939766715379
IND600116AAB,0.0015712819540761671,0.0012602538616297081,4,3,0.1,32.0,-0.0014919324003812543,16.788236674790735,-7.767361326348776,-0.19254260965693396,-14.116498806546877,12.384405914342663,-8.825569532392404,2.6271821471636976
IND605010AAB,0.006508349617717076,0.0008510716395692273,2,3,0.0,40.0,-0.0015883305213178496,19.15728244446984,-8.776394333032156,-0.24353484469006123,-15.594648795739271,13.61792311806871,-9.247453635871974,2.912156535261196
IND605601AAA,0.003657747355320473,0.0012639938730069095,3,3,0.0,50.0,-0.0043368431101828975,32.94193304550052,-16.107221097361503,-0.34399481061252957,-31.819317569584772,28.92155265555553,-20.45381533954885,5.91466900694131
IND631501AAA,0.00039157343934914006,0.00040815466587203946,1,2,1.0,14.0,-0.0013236197927082324,17.52756296571525,-8.493117741582289,-0.190052562909771,-16.18933661081423,14.377594374952823,-8.79793605348033,2.8504242448313946
IND635802AAB,0.00039327940261356566,0.0007642127065791831,3,2,0.5,27.0,-0.000428156291283681,49.87516256707633,-23.680271300654752,-0.3902560804308259,-39.789433193639994,41.57770685269647,-4.6045879628046205,12.570537075824996
IND600083AAA,0.0,0.00012846922524445772,0,1,0.0,1.0,-7.5320327440445e-05,0.5428105654669784,-0.27098846302620866,-0.007315257904502325,-0.5532477932374006,0.5086974838939443,-0.36853372152488384,0.10671814518344858
IND600056AAD,0.0,0.00031615287087912385,1,0,0.0,1.0,-0.00033185498113776584,3.487191588375325,-1.5556818165322708,-0.04883606460184995,-2.6964796444719537,2.3709247649833936,-1.7955060571869066,0.535110939889143
IND602024AAA,0.00039327940261356566,0.0006344094098587018,1,2,1.0,16.0,-0.0004851399692739242,4.391579684764086,-2.015050381480096,-0.05815965142988753,-3.666419908542921,3.2852785046665183,-2.4927491770358876,0.7320650061566217
IND602001AAA,0.0,0.00035581066823768266,1,1,1.0,7.0,-0.00027325242547983835,2.575342157788173,-1.282138862200197,-0.028534036761768383,-2.5894099417142398,2.272216530489607,-1.6234942822534861,0.42063392289132795
IND602001AAB,0.0,0.00012846922524445772,0,1,0.0,11.0,1.021584829954632e-20,1.0521322367232591e-19,2.332144647394236e-19,-2.6276252283544023e-18,1.8054269721653056e-18,-1.0531297093309177e-18,-6.505138038957693e-17,8.751315198537161e-18
IND609001AAA,2.4891101431238333e-06,0.00023768950610103222,1,1,0.0,23.0,1.621502620412106e-20,1.669986348837486e-19,3.7016767552986983e-19,-4.170675413383756e-18,2.8656514371617653e-18,-1.6715738942376644e-18,-1.0325221974835603e-16,1.389044390455842e-17
IND603301AAA,0.0013081545792269042,0.00046692093048454793,1,1,1.0,17.0,-0.0012463322662112847,5.148230819595471,-2.6988122394748855,-0.08025627444389756,-6.011205925217744,5.916817527526418,-4.367557603655122,1.29978799856944
IND603102AAA,0.0,0.0004164927162349614,1,1,0.0,16.0,-0.0008965606446804483,9.624602089075179,-4.764795101927432,-0.11241604940522323,-9.500089900433185,8.171282102766995,-5.743555495674301,1.4301874422612821
IND604303AAA,0.00039203484754200374,0.00033795435405966647,1,1,0.0,6.0,-0.000634418760829856,7.21666714852313,-3.5667130137641947,-0.07945947269236832,-7.008425498497922,6.1406935578107396,-3.9685182149233884,1.1355845004971314
IND607001AAA,0.0027405102675793405,0.00038894956552559725,1,1,0.0,23.0,-0.0003192670567123894,2.60459713656399,-1.1367530886462218,-0.03978964650758849,-1.926833077351255,1.74491003223477,-1.3788538240871988,0.42864976667956484
IND607106AAA,0.0015731176104542626,0.0005531760917574521,1,1,0.0,26.0,-0.001360771097574082,4.870642248315522,-2.402437479222729,-0.080141760640438,-5.118988463611499,4.93594716629182,-4.3518690938784905,1.0620952951299336
IND636102AAA,0.0,0.00045264291284511813,1,1,0.0,11.0,-0.0014640359135721164,8.995771931609216,-4.410236931602466,-0.1181069938161097,-8.884836839085507,8.252595881278829,-6.1181062526832015,1.7376534875526366
IND606003AAA,0.0007865588052271313,0.0006377051520859071,1,1,0.0,26.0,-0.0014504033284805508,3.452305279107946,-1.9066169933064114,-0.05854413731017369,-4.657202113863407,4.772717745007703,-4.0639182212066824,1.0379271097958849
IND606105AAA,0.00039327940261356566,0.0006688961026407563,1,1,0.0,26.0,-0.0013987618887311673,4.277660393548584,-2.269297146165079,-0.06859414009706573,-5.211467579201167,5.17383634727612,-4.257881484499147,1.1093168930817967
IND606201AAC,0.0,0.0006992609269147705,1,1,0.0,27.0,-0.0015701851498793873,5.641218391238906,-2.9708154621076455,-0.08001152970706125,-6.656488016797288,6.608624247091202,-5.032874409871366,1.4436532447708776
IND606801AAB,0.0,0.00042437088536813425,1,1,0.0,21.0,-0.00018879461244636388,7.7844938048954795,-3.65172366077466,-0.07646244520039275,-6.136889839724944,6.451592996654601,-1.3670324683898336,1.9485758359754948
IND606803AAA,0.00039203484754200374,0.00034798105794597053,1,1,0.0,20.0,-0.0002283544614222459,6.658758383755687,-3.3097508862552103,-0.05800073306526351,-6.064628736911865,6.5415921224144915,-1.3865899258647,1.9243356293176295
IND608001AAA,0.002347230864965775,0.0004600189921245032,1,1,0.0,18.0,-0.0003080472363586838,1.6179454236512878,-0.8181136487248948,-0.024501291880385176,-1.7155903457173514,1.633203482504773,-1.2122192585414493,0.3613729833990642
IND607801AAA,0.001179838207840697,0.0005977155615124188,1,1,0.0,26.0,-0.001290524593693173,3.8236025655494323,-2.035374238033077,-0.0619658020288798,-4.701346019246378,4.685552783145378,-3.867609841708796,1.006339819174983
IND609110AAA,0.001959114245915602,0.0005195841245498736,1,1,0.0,15.0,-0.00023476464529951623,0.7569430967765125,-0.3997438273508371,-0.013864351205795288,-0.9065342554707612,0.9227809868141714,-0.7208941138426277,0.21990325191980006
IND608301AAA,7.4673304293715e-06,0.00045077631221512437,1,1,0.0,23.0,-1.5993240530921555e-08,-6.683426609199115e-08,-2.799802484746232e-07,6.815635764791157e-07,-1.7282820538231238e-06,2.5166005578811916e-06,1.906589901058315e-05,-3.3195835142156144e-06
IND639104AAB,3.73366521468575e-06,0.0005122106686025669,1,1,0.0,14.0,-1.285474307228686e-08,-5.3718777223950804e-08,-2.2503720624754923e-07,5.478142213651772e-07,-1.3891257223099216e-06,2.0227453872776486e-06,1.5324426086020122e-05,-2.6681517839511945e-06
IND614018AAA,1.2445550715619167e-06,0.00033053649751188193,1,1,0.0,22.0,1.8824268832260835e-20,1.9370840689071415e-19,4.2936045017703043e-19,-4.837467138394572e-18,3.322680522472533e-18,-1.933133469040677e-18,-1.197645525039503e-16,1.6079963588000912e-17
IND609602AAA,0.002868699439950218,0.0005695609133586005,1,1,0.0,19.0,-0.00023166230206175418,0.6717740949662347,-0.3595342223878228,-0.012640353719369904,-0.833083407295422,0.8614515013893019,-0.674949237902352,0.2072028115204799
IND611001AAA,0.0024816278481044228,0.0006138228413305363,1,1,0.0,21.0,-0.0003326965561513798,1.433516972031139,-0.7403402028779675,-0.02259894361207982,-1.609491118063549,1.5743831737173002,-1.1723142577316898,0.35482009728376623
IND610001AAA,0.003390168014934661,0.0011777583209614563,2,2,0.16666666666666666,48.0,-0.0008648165483330109,5.077046633002065,-2.590915597277957,-0.06431502668490491,-5.360765087522879,5.338119080987408,-3.224767512028109,1.267808888695084
IND614715AAA,0.00039327940261356566,0.0005752821281919138,1,1,1.0,27.0,-0.0003782860472126128,1.017179719724507,-0.5568301069796644,-0.01898141817308041,-1.3279141485920054,1.398461171426046,-1.0614019409571862,0.3382377069269194
IND613104AAA,0.0,0.0004094826622930656,1,0,0.0,10.0,1.8779525519800227e-20,1.9357388910625978e-19,4.2908508290852834e-19,-4.8346309016586574e-18,3.3229643668806517e-18,-1.9433597832283128e-18,-1.196848708953009e-16,1.6132995124354135e-17
IND614602AAA,0.0,0.00012846922524445772,0,1,0.0,13.0,-8.803444169745439e-17,-4.628929037536514e-16,2.2287437940111953e-15,-5.8767406545519254e-15,3.597774645706523e-14,-2.6727868307842494e-14,-5.551983204001624e-14,-8.148746948572451e-14
IND614804AAA,0.0,0.00023768950610103222,1,1,0.0,19.0,-2.2371340743592016e-16,-1.177869909005748e-15,5.671246710711465e-15,-1.495224517176666e-14,9.155215564086601e-14,-6.801615571267458e-14,-1.4120962869741168e-13,-2.0731850837239668e-13
IND614616AAA,0.0,0.00033053649751188193,1,1,0.0,19.0,-3.839579178556616e-16,-2.018814018094169e-15,9.720215019410987e-15,-2.5630295720709764e-14,1.5690970177275308e-13,-1.165680132148788e-13,-2.4214153692119934e-13,-3.5539475035614324e-13
IND630002AAA,0.0,0.0004094826622930656,1,1,0.0,24.0,-4.446157334755167e-16,-2.337644872911413e-15,1.1255324897637696e-14,-2.967819378623866e-14,1.816903372072765e-13,-1.349772863880956e-13,-2.8038724499448243e-13,-4.1152618866816945e-13
IND614620AAA,0.0,0.0005325984846994032,1,1,0.0,25.0,0.06707752927699372,2.484853627631941e-06,9.863198207612978e-06,1.1591270032934535e-05,-3.974458354480155e-05,-5.023286004549453e-05,0.0005316567194755895,-0.0020754342913588157
IND630561AAA,0.0,0.0005812706076982902,1,2,0.0,30.0,0.324224779765693,-6.16879372975755e-06,-3.9030771729918967e-05,-8.342596896102732e-05,0.0001729053182211658,0.00027224404773201955,-0.0028945407569724996,0.005859880786494961
IND614809AAA,0.0,0.0006171142747737197,1,1,1.0,27.0,-0.000524161698516444,2.2575273586061724,-1.1711048744506467,-0.03510827881620342,-2.559288379657643,2.515931948419784,-1.8416263851847317,0.5686756365134052
IND620020AAA,0.0,0.00012846922524445772,0,1,0.0,24.0,-2.1293220864753228e-10,-8.898240094601095e-10,-3.727625567566019e-09,9.074259278931007e-09,-2.3010153142849623e-08,3.350573297151326e-08,2.538412106503539e-07,-4.419656184915723e-08
IND621112AAA,0.0,0.00023768950610103222,1,1,0.0,25.0,-4.117508516071047e-10,-1.7206687404243643e-09,-7.208176905393722e-09,1.754705945743311e-08,-4.449514876411532e-08,6.479064195524548e-08,4.908573398655563e-07,-8.546369047787916e-08
IND621010AAA,7.4673304293715e-06,0.00023768950610103222,1,1,0.0,25.0,-6.396640761893285e-09,-2.6730967088060873e-08,-1.119806256441042e-07,2.7259750658311823e-07,-6.912419948566615e-07,1.0065371090523118e-06,7.625578380724783e-06,-1.3276973684335494e-06
IND621212AAA,7.48229501941032e-06,0.0005463960097723368,2,1,0.3333333333333333,27.0,-4.315649158749299e-08,-1.8034696660233416e-07,-7.555045067311229e-07,1.8391453232423502e-06,-4.663632118647627e-06,6.79084721950049e-06,5.144781775405575e-05,-8.957632976435075e-06
IND620012AAA,0.0,0.000766105020403524,2,0,0.0,2.0,-8.79995182814059e-09,-3.677418091435446e-08,-1.54053373050421e-07,3.7501632927041236e-07,-9.509516546161956e-07,1.3847076725759853e-06,1.0490618634816293e-05,-1.826532541829321e-06
IND621211AAA,0.0,0.00012846922524445772,0,1,0.0,12.0,-2.2019601708597002e-09,-9.201786854296013e-09,-3.854787033654825e-08,9.38381380407079e-08,-2.3795104397566915e-07,3.464872775009751e-07,2.6250059418292657e-06,-4.570425087408206e-07
IND621704AAA,9.956440572495333e-06,0.0005933383906908324,1,1,1.0,27.0,-4.570630163080099e-08,-1.9100238562187714e-07,-8.001418907042688e-07,1.947807324703826e-06,-4.939172948601451e-06,7.192070033070189e-06,5.44875030534665e-05,-9.486875749428137e-06
IND621306AAA,0.0,0.00012846922524445772,0,1,0.0,8.0,7.440468494577061,8.994125852967937e-05,0.00026594842666775533,0.0002022351151205158,-0.0010036391499021824,-0.0010360090684332487,0.011571221949968855,-0.06265689509641431
IND625106AAA,0.0,0.00023768950610103222,1,1,0.0,21.0,21.964096371796813,9.183637824762631e-05,-7.016379210863892e-05,-0.0008952772572449772,0.0006750486089551872,0.002200163957164155,-0.021985294071993847,-0.035621075008940684
IND621802AAA,7.48229501941032e-06,0.0006329849642154451,1,2,0.3333333333333333,25.0,-4.839939604230506e-08,-2.022565774618568e-07,-8.472876376613323e-07,2.062575504124605e-06,-5.230197578304738e-06,7.615839252086585e-06,5.769800108832506e-05,-1.0045858915786462e-05
IND622407AAA,0.0,0.00047660160154822226,1,1,0.0,22.0,-4.671146844661753e-16,-2.4537740070079883e-15,1.1814436702723317e-14,-3.1154769650454803e-14,1.9071093526138712e-13,-1.4167593343788528e-13,-2.944063920780717e-13,-4.320136597536818e-13
IND622001AAA,0.0,0.0005336877501577107,1,0,0.0,11.0,-4.395406451859083e-16,-2.3146705453473553e-15,1.1144757725213293e-14,-2.938267771570661e-14,1.7991319686847304e-13,-1.3366216050605672e-13,-2.7747680968406285e-13,-4.0739865063295007e-13
IND623315AAB,0.0,0.0004739459662803202,1,1,0.0,13.0,0.03348562408707327,1.3143004884924458e-06,6.285770436730274e-06,1.2108041619113293e-05,-2.7457966725597236e-05,-4.08307729839329e-05,0.0004345287887051438,-0.0010198623056337105
IND623407AAA,0.0,0.0004062891835996215,1,1,0.0,13.0,0.01917374679881051,4.832998278538669e-07,2.719925899216519e-06,7.144290373267084e-06,-1.2837610983887184e-05,-2.1355622542089576e-05,0.00022668872213159926,-0.00031771931947747133
IND623503AAA,0.0,0.0004217107651453457,1,1,0.0,3.0,2.9873556239022916,-2.349764803971534e-05,-0.00010799410104873135,2.25495972024983e-05,0.00037616870669840083,0.00034171628498691573,-0.0031471620848075666,0.03262575935475293
IND623526AAA,0.0,0.00048792352201494106,1,1,0.0,0.0,22.613641424676914,0.00037794863769636156,0.0015920153950695706,0.0030602561094243692,-0.006842129854517838,-0.009886640324482008,0.1081231474193397,-0.25812026134311183
IND623704AAA,0.0,0.0005432890944139708,1,1,0.0,5.0,48.78369475905019,0.0005536692990511531,0.0016172705516062705,0.001310093832076422,-0.00612966195036968,-0.006379790554911618,0.07165169774046495,-0.3756006620574544
IND623701AAA,0.0,0.00034486448692474755,1,1,0.0,8.0,1.1558495382564171,-2.0609201377786976e-05,-0.00010752990393681104,-0.0001422453032718754,0.00044052877958698886,0.0006008093901238405,-0.006256313775963879,0.021778485704881494
IND626607AAB,0.0,0.0005903862100532294,1,1,0.0,12.0,81.43540988575317,0.00029979886178557497,-0.0004250152101059079,-0.0034643927277497513,0.003143481175385581,0.008917159179983515,-0.08949112806352395,-0.09412832931969922
IND624001AAA,0.0,0.00023768950610103222,1,2,0.0,26.0,12.35346980207519,5.1698029372610144e-05,-3.932711696584971e-05,-0.0005036594923460512,0.0003792482335752113,0.0012372598630366204,-0.012363607757673463,-0.020081317254550524
IND624619AAA,6.2352458495086e-06,0.0002344138354993606,1,1,0.0,13.0,0.052279805983943016,-8.43246399840639e-08,-5.6601224244742345e-09,4.784534428031833e-06,-1.8986064893567305e-06,-7.563573954550236e-06,9.059395952942689e-05,0.00031262620536501155
IND625008AAA,2.743508173783784e-05,0.0029080278436537776,5,1,0.0,61.0,913.0373289493191,-0.003599066607721286,-0.03112872019201301,-0.05308670702549195,0.13388752735289977,0.20554902082992924,-2.100570571084953,5.585456169168016
IND624101AAA,7.4673304293715e-06,0.00040711896603994675,1,1,0.0,0.0,0.045021928513919895,5.529881696284605e-08,6.001986712633577e-07,5.076315680309521e-06,-4.166322184279568e-06,-1.005627110907425e-05,0.0001157478616169035,0.00015716771542287212
IND624202AAA,4.978220286247667e-06,0.00047460384435208216,1,1,0.0,9.0,0.0017638993756191406,1.89781247379099e-08,-2.672383641208259e-08,-4.2262711743167276e-07,2.7731594213896475e-07,8.651499434645383e-07,-9.41228991559328e-06,-1.9317719747634686e-05
IND625218AAA,2.4891101431238333e-06,0.000531982592609565,1,1,0.0,10.0,0.0013762335151171468,1.3216144774306007e-08,-2.4435573498802718e-08,-3.189413987444611e-07,2.2436847015721442e-07,6.666888619700661e-07,-7.238786315537923e-06,-1.3351883110327282e-05
IND624601AAA,9.956440572495333e-06,0.0003277612865184828,1,1,0.0,5.0,0.05248454144124028,-8.326328510154855e-08,-1.0947021070756549e-08,4.7454575017193694e-06,-1.8629844236124706e-06,-7.474268427953936e-06,8.963310441526815e-05,0.0003116501880437831
IND626123AAA,2.3646546359676417e-05,0.002648547467549968,1,1,0.0,28.0,895.1029978788805,0.002341675531676249,0.004967340457955765,0.036267137170229335,-0.030893526743436654,-0.06364952930760483,0.7966525848150176,0.9727922542502694
IND624703AAA,0.0,0.0005807933898821341,1,0,0.0,1.0,0.0007771038507875336,4.333678412996079e-09,-2.144506920428343e-08,-1.6228731413302224e-07,1.4598242354883647e-07,3.6802343552293384e-07,-3.968126374370156e-06,-4.2056521782883175e-06
IND625516AAA,0.0,0.0002824667785544916,1,1,0.0,11.0,18.870579190931476,0.00022385723500090802,0.0006612265416662729,0.0005205204962161738,-0.002502052708942137,-0.002600692200398372,0.02908945445310466,-0.15461896265875358
IND685514AAA,6.2352458495086e-06,0.0004251564954384806,2,1,0.0,12.0,44.111731983701745,0.00018000122485067665,-0.00015802236906927564,-0.0018088200178125336,0.0014204065808798854,0.004489964582254923,-0.04489705969523305,-0.06732910914004644
IND625531AAA,0.0,0.00018114283587032345,1,1,0.0,11.0,5.96008497896006,0.00010943431547252255,0.00046018516759867815,0.0008461931676090762,-0.001962704041022881,-0.0027997420520633563,0.030539319726131692,-0.0771201226573479
IND625532AAA,0.0,0.00012846922524445772,0,2,0.0,6.0,3.905411982177675,4.4084818704210003e-05,0.00012984807869585268,0.00011178313342781183,-0.0004949665176699342,-0.0005241632988703684,0.005885405215027191,-0.029734014852642023
IND626117AAA,7.48229501941032e-06,0.0020483581175969354,1,1,0.0,20.0,875.789179940284,0.0067376383444866916,0.015825714719908568,0.010749044750623046,-0.05822710795481594,-0.05161165948856322,0.6242304499315489,-3.77729779719068
IND626138AAA,3.73366521468575e-06,0.0018868464341452937,1,1,0.0,18.0,816.368781258187,-0.00013044178236683475,-0.01806882846119651,-0.05226353326158622,0.08745874618619462,0.1626167622295102,-1.6727380378301602,1.8883558137226324
IND627756AAA,1.4934660858743e-05,0.0023559740682702842,1,1,0.0,28.0,889.3173804722437,0.00852588786589706,0.03180630741948573,0.0682393771946409,-0.13875237158331813,-0.2023256153245636,2.262668667605955,-4.667430607092396
IND627005AAA,3.235843186060983e-05,0.0010399679480391022,3,4,0.09523809523809523,64.0,-1.4253976885350047e-09,3.295778859546646e-08,-2.1313849682215767e-07,2.9710499518010657e-07,7.196040006091616e-07,6.5033903948141265e-06,-7.3628611210062885e-06,6.837391064770008e-06
IND627117AAA,0.0,0.00034285414815726626,1,1,1.0,22.0,-2.707952584679763e-10,6.2612979364472524e-09,-4.0491888256011996e-08,5.644378752833002e-08,1.3670993306887795e-07,1.2355092117090762e-06,-1.3987918584173024e-06,1.2989627223161843e-06
IND627811AAA,3.73366521468575e-06,0.00032192002717463435,1,1,1.0,13.0,-7.497111918179425e-10,1.73347701926618e-08,-1.1210414435147681e-07,1.562679486563429e-07,3.7848958821714953e-07,3.420579191139821e-06,-3.872637898117017e-06,3.596254762985248e-06
IND628801AAA,8.711885500933417e-06,0.00034203560107221216,1,1,0.0,26.0,-5.195404847834021e-10,1.2012719239396455e-08,-7.768641647291694e-08,1.0829111848313383e-07,2.6228696358396976e-07,2.3704073996914267e-06,-2.68367526479103e-06,2.4921457995070636e-06
IND629001AAA,0.0,0.0006841904726588772,2,0,1.0,12.0,-4.434611748986213e-10,1.0253685691989468e-08,-6.631067979081867e-08,9.243395274355636e-08,2.2388026579000614e-07,2.023305467331195e-06,-2.2907037059190237e-06,2.127218905360558e-06
IND627401AAA,0.0,0.00040213900293268137,1,1,1.0,18.0,-8.010346712579463e-10,1.8521472505171104e-08,-1.1977855666087695e-07,1.669657217635847e-07,4.044002130220876e-07,3.6547448254842943e-06,-4.137750804672259e-06,3.842446843035162e-06
IND627657AAA,1.122344252911548e-05,0.0004851856262705391,1,1,0.0,10.0,-7.49486881968668e-10,1.7329575930391793e-08,-1.1207052811615725e-07,1.5622092967107547e-07,3.783760120244357e-07,3.419553244096611e-06,-3.871478626351854e-06,3.5951743990748395e-06
IND628613AAA,1.6179215930304916e-05,0.0005414239379113858,1,1,0.0,11.0,-7.486869617408392e-10,1.731101094584574e-08,-1.1195053702225911e-07,1.5605368031642497e-07,3.779704749834658e-07,3.4158917479378074e-06,-3.867328643795953e-06,3.591324144823677e-06
IND628204AAA,4.98819667960688e-06,0.00041923893724637063,1,1,0.0,23.0,-6.780719907543735e-10,1.5678326888546903e-08,-1.0139188350159217e-07,1.4133540455392516e-07,3.4232243593660044e-07,3.093720958674574e-06,-3.502584743943347e-06,3.2526079519978795e-06
IND629179AAA,0.0,0.00012846922524445772,0,1,0.0,11.0,-6.598617139193592e-11,1.5257271101027875e-09,-9.866893263253324e-09,1.375398498010861e-08,3.3312915759945914e-08,3.010637051290839e-07,-3.408518764021541e-07,3.165258169126082e-07
IND631003AAA,0.0,0.0001472206564860055,1,1,1.0,12.0,-0.0007602645891303749,8.76177014796802,-4.295699931073431,-0.06874313271721895,-8.282059027851002,7.240423674662629,-4.698297594035861,1.3959461495052257
IND631102AAA,0.0,0.00040449440951467936,1,1,0.0,23.0,-0.0006638068745397675,8.561763687527584,-4.2603016160524,-0.054206141447253595,-8.300156740814034,7.9124011568417645,-3.9036096773932143,1.8403185166187186
IND632301AAA,0.0007853142501555694,0.0002581862472001718,1,1,0.0,22.0,-0.00020586096179326242,4.190372289642231,-1.7892715363929177,-0.058701560087905634,-2.814651518050775,2.801154576117244,-1.3063446337178974,0.8873968798913202
IND632402AAA,0.00039327940261356566,0.00032465320267955136,1,1,0.0,19.0,-0.00043835959519527364,6.604432752062233,-3.1408198850316706,-0.06401685840742283,-5.784833519275391,5.613169001564703,-2.770005824609028,1.417914475664969
IND636705AAB,0.0,0.00039629376128459237,2,2,0.3333333333333333,17.0,0.00046090883359597653,20.18336602947986,-9.886897493393091,-0.09197832392741011,-16.814421986314805,18.504134898790944,0.014331494288560948,5.680875219000618
IND635601AAB,0.0,0.0004589525620704014,1,1,0.0,16.0,-0.0002447776450866947,20.881408945793844,-10.265654888616771,-0.14700195433719387,-18.156625309111774,19.247882564691302,-1.708950207670348,5.914385263628708
IND636005AAA,0.0,0.00012846922524445772,0,2,0.0,4.0,-4.6004995855029084e-23,-8.26687019984118e-23,-4.1015030863790015e-22,1.3960266525318826e-21,2.1075265945139298e-21,6.3476908331246805e-21,3.34651092529213e-20,-2.856923683253284e-21
IND636005AAC,0.0,0.00020685083856505823,1,0,0.0,1.0,-7.386412321962017e-24,-1.326172885959761e-23,-6.579093125265848e-23,2.2404821900710805e-22,3.384332177443849e-22,1.0177838476142158e-21,5.363245294983132e-21,-4.572625622756122e-22
IND636016AAA,0.0,0.0001593078927804317,1,2,0.3333333333333333,16.0,-8.332567892185231e-23,-1.4943034163928517e-22,-7.412340356392655e-22,2.526034718485125e-21,3.818704825145325e-21,1.1460232993550788e-20,6.035099045942525e-20,-5.1361626146490064e-21
IND636402AAA,0.0,0.00036262142955852323,2,0,1.0,14.0,-1.0304544000908798e-22,-1.8569485889518057e-22,-9.215558301074179e-22,3.1312780605237495e-21,4.7179970627856745e-21,1.4282500964593712e-20,7.541551372024566e-20,-6.46622668194769e-21
IND637211AAA,0.0,0.00019855493674865538,1,1,1.0,25.0,-9.312629758012643e-23,-1.6684384502058366e-22,-8.275337779422223e-22,2.8218043741315548e-21,4.268654168804351e-21,1.2788339368417384e-20,6.730852935319916e-20,-5.719631273392513e-21
IND636352AAA,0.0,0.00012846922524445772,0,1,0.0,5.0,7.290020498268643e-05,3.161247330082556,-1.5367777276921872,-0.0170521084942547,-2.5786284014504672,2.72833986434094,-0.06409984469709458,0.7816215496805928
IND637301AAA,0.0,0.00012846922524445772,0,1,0.0,10.0,-1.5598592890366408e-23,-1.9520236642344244e-23,-1.4739101515687453e-23,1.9125783764069952e-23,1.7523579121320513e-22,3.051185834125223e-21,1.6034747102311047e-20,1.3973664757620551e-21
IND638001AAA,0.0,0.00023768950610103222,1,1,0.0,13.0,-2.2363132481567082e-23,-2.783797172734976e-23,-2.3352250735179146e-23,3.6517765583387236e-23,2.4537859961299233e-22,4.1835125622834054e-21,2.2125300734346532e-20,2.174705103110752e-21
IND637408AAA,0.0,0.00012846922524445772,0,1,0.0,10.0,1.9878023661824216e-29,1.0790269702715048e-28,3.75530869031917e-28,-1.8128662484559255e-27,2.0688669457955926e-27,-1.5612533722411076e-27,-5.44371817965763e-26,-1.944145759726767e-27
IND637001AAA,0.0,0.00023768950610103222,1,0,0.0,10.0,-3.530289058538509e-29,-1.0690692971936494e-28,-4.662922729159462e-28,1.436478615902321e-27,-1.0219494342191448e-28,2.1818141501358016e-28,4.44452168526869e-26,3.5503582262687034e-27
IND638052AAA,0.0,0.00033053649751188193,1,0,0.0,3.0,-2.0253010318661572e-23,-2.5492303581210133e-23,-1.691570368391837e-23,1.5734863135146637e-23,2.333745186178451e-22,4.152481500882159e-21,2.168244409279702e-20,1.6429718445555037e-21
IND638401AAA,9.956440572495333e-06,0.0004662408527941682,1,1,0.0,15.0,0.019203522442577826,0.023480640505974305,0.031077284088048784,0.2063619335507823,-0.3559902982106233,2.0034192290780206,-0.909867639521069,2.008273948831974
IND638452AAA,4.98819667960688e-06,0.0005241130672809411,1,1,0.0,5.0,0.01887113863574984,0.02307337091291069,0.03053694686627953,0.20279080353619736,-0.3498352089030818,1.968756169332666,-0.894091656965875,1.9736531939790454
IND638501AAB,1.9912881144990667e-05,0.0005733455643932507,1,1,0.0,10.0,0.019749615448068508,0.024148313372754516,0.03196089314535389,0.21223031190548733,-0.366114015957928,2.060391477060736,-0.9357401550044887,2.0653914975771386
IND641062AAD,7.482295019410319e-05,0.003690768677615693,7,7,0.06060606060606061,109.0,0.09990245523615034,0.1221292096463633,0.1616046930638185,1.0735755037040442,-1.8521527566273488,10.422754473164279,-4.732630925439465,10.451566817200062
IND638657AAA,2.4891101431238333e-05,0.0007468737272844651,1,1,0.0,23.0,0.025201149422648367,0.030718846364283275,0.040512085643053815,0.27088831012132686,-0.46790572317643736,2.630596113906406,-1.1909986327980104,2.651016404294333
IND638701AAA,1.866832607342875e-05,0.0007625141559686965,1,1,0.0,25.0,0.023323239722013396,0.028425582111591984,0.037481318534703496,0.2507058700614273,-0.4330711958782789,2.434637726495536,-1.102117509213123,2.4541543376374264
IND641607AAA,3.73366521468575e-05,0.0010940033464265683,2,3,0.16666666666666666,56.0,0.04182958467751376,0.05103994598694732,0.06739100968334845,0.44958682974132486,-0.7762439276052606,4.365538327088358,-1.9785155446793163,4.391770090629123
IND639001AAA,0.0,0.00012846922524445772,0,1,0.0,9.0,3.7260231117664944,4.497852515385229e-05,0.00013304845532323856,0.00010173786164565106,-0.0005023312130776892,-0.000519230963067318,0.005799756957057567,-0.031309477949778716
IND641001AAA,0.0,0.0010526799670178993,2,1,1.0,8.0,0.031379026078343045,0.038365581281144964,0.050774321829378966,0.33720232745222034,-0.5817150390191603,3.273672594117033,-1.486670795743687,3.2819534452305055
IND641006AAD,0.0,0.00012846922524445772,0,1,0.0,1.0,0.0015503181718379102,0.0018954873683490613,0.0025085377091829185,0.016659890723177827,-0.02874040121216198,0.1617398499139266,-0.07345042462381934,0.16215042998722662
IND641008AAA,6.222775357809583e-06,0.000726126316814769,1,2,0.6666666666666666,5.0,0.01985397460964154,0.024275322616801195,0.032128088354503655,0.21335223352265695,-0.3680531588524308,2.071287905988518,-0.940665586586064,2.076401915133177
IND641011AAA,0.0,0.0004364799750930878,1,1,1.0,6.0,0.01068779769073546,0.013067188292873908,0.017293178497022048,0.11485240314625951,-0.19813596469378886,1.115027356295366,-0.5063567990564416,1.1178851272227197
IND642126AAA,6.222775357809583e-06,0.0004054051403387084,1,1,1.0,28.0,0.019401484988167603,0.02372068944322614,0.03139193950018149,0.20849084066486706,-0.359675503978172,2.024102725126853,-0.919183113346977,2.0293032637047177
IND643217AAA,1.2445550715619167e-05,0.0011518773770496024,2,1,0.3333333333333333,5.0,0.03693807729190264,0.045172720129560084,0.0597989140575125,0.3969322581777732,-0.6846908676985446,3.8534702784562085,-1.7503766811092047,3.861689914060936
IND643231AAA,0.0,0.0005970867174984519,1,1,1.0,17.0,0.016119674615960346,0.019714991603353986,0.026101038132164772,0.1732187574178432,-0.2987837430035804,1.6816165344039893,-0.7639145627003382,1.6849471146663157
IND641654AAA,0.0,0.00040148683965431314,1,1,1.0,16.0,0.012726375414583865,0.015510111312621448,0.02045071373575018,0.13679848349289103,-0.23630907836748125,1.3284710842725256,-0.6013611974649031,1.3391744441725166
IND641664AAA,9.97639335921376e-06,0.0007286991229738863,2,1,0.3333333333333333,22.0,0.02555780563504963,0.031152566027027144,0.0410825075267339,0.27472284119190055,-0.4745355653820099,2.667840958683154,-1.2078209543490022,2.688701647374659
IND642001AAA,0.0,0.0004725256040744724,1,1,1.0,28.0,0.020446396053416336,0.024998578114530795,0.033083640436927686,0.21971930493795236,-0.3790438961773152,2.1331098537996462,-0.9686992019394833,2.1385378336827525
IND643001AAA,6.222775357809583e-06,0.0011056490674632988,1,1,0.0,6.0,0.03673054510144489,0.04491903224298552,0.05946325269423632,0.394702055470344,-0.6808431512048202,3.8318182141854544,-1.7405457249369227,3.8399756426722575
IND643212AAA,0.0,0.001066541263024098,1,1,0.0,9.0,0.03546618705013413,0.043373652308950475,0.05741878763638708,0.3811147391772632,-0.6574002663633408,3.6999041324128257,-1.680658699031524,3.707656149908314
IND670645AAB,0.0013118957267366095,0.0007487832533996286,2,1,1.0,15.0,0.00015451239471924344,9.892719008578688,-4.792886245759844,-0.015735222728356726,-7.964552892139719,8.882249057248416,0.6978520723035623,2.9923565110240884
IND673592AAA,0.002622544404303317,0.0008748922635692648,2,3,0.16666666666666666,42.0,0.00024304864130104316,15.605272879764026,-7.260477168746256,-0.06758223331129196,-11.463893599641061,12.604203808025096,1.1184205851356672,4.288094350888157
IND671315AAA,0.0,0.00012846922524445772,0,1,0.0,2.0,-1.643231574205167e-05,0.9966892484635378,-0.4808588526672252,0.01147346092693474,-0.8019708267425677,0.8133388035644731,0.08567791710416249,0.2517086386122869
IND000000ACO,0.0,0.00038456247139881296,1,0,0.0,1.0,-2.927632659423097e-05,0.6640171970077382,-0.3513034465831498,-0.013570329930640977,-0.7238911598093061,0.6856294528120052,0.17336069577805457,0.2010115541276702
IND673104AAA,2.4891101431238333e-06,0.00042268923698905606,3,1,0.16666666666666666,20.0,7.672373762958518e-08,0.0006383734669124353,-0.00038204442119081476,-3.289655721139724e-06,-0.0008997856159107265,0.0013278021630189082,7.65735244439004e-05,0.0005379400094855498
IND673305AAA,0.0,0.00021593709522079452,1,1,1.0,9.0,1.884371743248022e-08,0.00014552588611165007,-8.770540888299402e-05,-6.971032665300004e-07,-0.00020972997801154192,0.00031152878149347783,1.8658775794852272e-05,0.00012776976662709995
IND673506AAA,1.2445550715619167e-06,0.00048782155717512195,1,1,0.0,23.0,6.265992479446862e-08,0.0005109940971062125,-0.00030642054565753176,-2.6273726859363606e-06,-0.0007241883030713053,0.001072416657723922,6.243164227884061e-05,0.00043573085525689927
IND673121AAA,0.0,0.00032494860903326244,1,1,1.0,19.0,0.00012922228827799074,5.870378174364709,-2.8879017760897967,-0.028030938377977915,-4.896294286707504,5.642056229102257,0.30690180740722495,1.8709398292798538
IND670643AAA,0.0,0.0005432161583550855,1,0,0.0,12.0,5.5292753346105916e-08,0.00044606233999144185,-0.000267779561143402,-2.294076452773395e-06,-0.0006340363209683904,0.0009408388641701414,5.504416689339702e-05,0.00038285014745838514
IND673573AAA,0.0,0.00012846922524445772,0,1,0.0,12.0,2.127685522921389e-05,0.8058918959880276,-0.3962360776933492,-0.004156558492462752,-0.6724390685441556,0.7759762274578503,0.041048672737609114,0.25693214213546733
IND676306AAA,0.0,0.00017365587044704684,1,1,0.0,6.0,2.5178203961687377e-08,0.00021375875405874623,-0.00012771023673825593,-1.130210534769918e-06,-0.0002995233817816259,0.00044160963282434044,2.5190534520679747e-05,0.00017828355668485124
IND676509AAA,0.0,0.0002761050971694185,1,1,0.0,9.0,2.5424467014959508e-08,0.00021468870932024153,-0.00012832984226010064,-1.1320425796969951e-06,-0.00030127505595281144,0.000444497371455778,2.5423158210264944e-05,0.00017959888810473228
IND679322AAA,0.0,0.0003631993674202079,1,1,0.0,4.0,2.543850494099765e-08,0.00021471440931568057,-0.00012834883272873154,-1.1318756702413874e-06,-0.00030133880571232987,0.0004446143977405881,2.5436152633142987e-05,0.00017965885028418206
IND678683AAA,0.00039327940261356566,0.00039031008494629007,1,1,0.0,21.0,0.00035970890912545453,22.40874618746284,-10.670761837894263,-0.1318710052827864,-17.198691857057746,18.713541043454413,0.6882163932670308,6.010617669687455
IND679303AAA,0.0007865588052271313,0.00048258362143381106,1,1,0.0,18.0,0.00017080383045205795,4.121165847916856,-2.1536808301548165,-0.023610472033304002,-4.050782102589385,5.143230854738877,0.21058518425590084,1.8151542596472734
IND679531AAA,0.00039327940261356566,0.0005389289936103653,1,1,0.0,21.0,0.00020114587300064252,4.966131693307068,-2.5858029641229634,-0.02852408615557081,-4.825172760427634,6.109201297197405,0.25805860910325273,2.1484532232180067
IND673639AAA,0.0,0.000546476121385418,2,0,0.0,4.0,1.5813066233980272e-09,6.130089954766628e-06,-4.073549739710122e-06,-1.3343311515796987e-08,-1.145808223679783e-05,1.882011138460535e-05,1.4952667759196459e-06,8.533603585058154e-06
IND679329AAA,0.0,0.00012846922524445772,0,1,0.0,3.0,1.4324044618168026e-11,2.594461544969513e-08,-1.9192212643681812e-08,1.7386055599028295e-10,-6.455677848894779e-08,1.1869846023286075e-07,1.3257519656437279e-08,6.094282160190919e-08
IND680587AAA,0.0,0.0005868669453655765,1,2,0.3333333333333333,22.0,0.00018609654433748323,5.456419425601485,-2.811752404074231,-0.0336517107235433,-5.179009282420446,6.394648408749919,0.32185005869435596,2.2322326093203064
IND680012AAA,0.001179838207840697,0.00041632651952127177,1,1,0.0,16.0,0.0001349239142532652,3.4916141407208547,-1.8146054442546606,-0.021520469600504858,-3.401670015061331,4.229392061010346,0.18426546914766084,1.479379955394166
IND68004AAA,0.0007865588052271313,0.0005960518620537141,2,2,0.3333333333333333,42.0,0.00046631013468391517,20.060465332579938,-9.877978813367776,-0.11055109743294293,-16.724102207046904,19.504063405252126,0.7227541940831393,6.400082628731301
IND680104AAA,0.0003940675376889435,0.0004281481099289361,1,1,0.0,21.0,0.00017527763012086482,7.117228633804232,-3.5298770090248555,-0.05074831239527322,-5.655306855495071,7.701983607308209,0.0021956360503662467,2.3826634562989426
IND679576AAA,0.0,0.0004926408198521616,1,0,0.0,10.0,0.00015324987141347002,5.697944839447762,-2.864040337079368,-0.031703684170485066,-5.012622136777558,6.072002775347657,0.1932266943920749,2.026860544852306
IND680307AAA,0.0,0.00023768950610103222,1,2,0.3333333333333333,13.0,5.0935942397926805e-05,2.102740218301406,-0.8812205619704001,-0.022120097928738456,-1.178983287066133,1.3330125493012575,0.06647251051845521,0.5171270413525939
IND680712AAA,0.0,0.00023206387107666804,1,1,1.0,10.0,2.5412854026609373e-05,0.5075694522483228,-0.2717695839514243,-0.0030260546687852215,-0.527205149375218,0.6984633450282699,0.02893670899186496,0.25231304240263785
IND000000ADM,0.0,0.00042188047202261264,1,0,0.0,8.0,3.159825354074279e-05,3.899725084905728,-1.8918669869661873,-0.038687500976388255,-2.6472702353897697,4.232222537423251,0.33520242904912495,1.350672025689386
IND686028AAB,0.0023668993244734646,0.0012438901582300626,3,2,0.0,29.0,0.00020420989683184423,4.667951509292391,-2.4028968233850816,-0.002395637835263984,-4.451859628324119,5.547229548788111,0.1909974293581205,1.9496253994924913
IND683572AAA,0.0,0.00012846922524445772,0,1,0.0,6.0,1.1714050211448673e-05,0.24896522237977517,-0.13233806800667944,-0.001580656549522214,-0.25322736989402295,0.33447634420502687,0.014239556152250499,0.1205566706795973
IND686632AAA,0.00039656163602874695,0.0009935060068404851,1,1,0.0,2.0,6.868818108441301e-05,1.3894618738555806,-0.7246780510415157,-0.0057567148627502476,-1.3759541667890969,1.7549602159817392,0.07580626465192414,0.6322600119908889
IND689101AAA,0.0011859437605765356,0.0003214805571380714,1,2,0.3333333333333333,13.0,0.00013046161649086282,2.704900123778459,-1.4055090746681207,-0.011583617521350337,-2.647571314437764,3.3708807278080597,0.14910189268114862,1.2110241807690942
IND686507AAA,0.0,0.0002398680777462351,1,2,1.0,13.0,4.134919097156834e-06,0.038341361986246415,-0.0220643017991792,1.9150883309550816e-06,-0.0496520222088148,0.06941988334321116,0.0038235627845812016,0.027574083356442194
IND686513AAA,0.0,0.0002486873839848703,1,2,1.0,17.0,4.097963333433489e-06,0.038462605300916844,-0.0221076480374491,1.0803907898856987e-05,-0.049637416019664295,0.069252048117499,0.0037530046732696587,0.027442006105139544
IND686540AAA,0.0,0.0003122155171434508,2,1,0.3333333333333333,7.0,1.0835472532321693e-05,0.09498705416280145,-0.05501279628576582,-1.0611900362234178e-05,-0.12521463526188364,0.1766979429484791,0.010119806651252193,0.07085291231501584
IND686141AAA,0.0,0.0009736275248720019,1,0,0.0,1.0,4.6224921479101983e-05,0.5729164728190456,-0.3185398219179201,-0.0016135670274304598,-0.6715447784707091,0.9176644394470614,0.04588722577568778,0.35171313379761204
IND688009AAA,3.73366521468575e-06,0.000548307851441146,1,1,0.0,17.0,8.703972372307979e-05,0.7273636936685524,-0.42337588211768296,-0.00027690723810647655,-0.972466777504249,1.382944254998325,0.0825208580595347,0.5591641162746961
IND688524AAA,0.0,0.00012846922524445772,0,1,0.0,7.0,2.6229057769655998e-05,0.702781253878462,-0.35832496508775874,-0.003965509552798188,-0.6501875870805846,0.769942705343634,0.004946485121012211,0.24944201844915084
IND689650AAA,0.0,0.00024511873518253237,1,1,1.0,1.0,5.047933209382391e-05,0.5838364914996416,-0.3263722538552725,-0.0015620502428064188,-0.6957604609525696,0.9589624317402832,0.05015975681133743,0.3714605100935262
IND690548AAA,0.00039950217797137525,0.00049368577213413,2,1,0.3333333333333333,11.0,0.00010742193309894358,1.1807773139399205,-0.6643830760875068,-0.0026308243172180877,-1.434057078942221,1.9822634435596374,0.10550934848578541,0.7722857058924784
IND689503AAB,0.0013080273802115745,0.00023768950610103222,1,1,0.0,2.0,4.905522562177848e-05,1.6280713969460487,-0.8137734059437859,0.012614564278868076,-1.4138344522291397,1.6823154880410718,0.049046682792424426,0.5620729080629153
IND689645AAA,0.0,0.00028742645833753456,1,1,1.0,22.0,2.4065705134298527e-05,0.2607322831585966,-0.14443576376522008,-0.0023875331273200736,-0.30082375765717756,0.4075372548370938,0.016545290876295308,0.16466379004253096
IND691551AAA,0.0,0.0006543963248716478,2,1,0.3333333333333333,28.0,7.592195618863856e-05,1.6412328737447446,-0.8383027615911396,-0.011088645254605841,-1.5240926629670284,1.8903958804222862,0.07211995962691779,0.6852308408435825
IND690537AAA,0.0,0.00012846922524445772,0,1,0.0,1.0,1.7395953818723025e-05,0.5749324781069798,-0.2903733892305188,-0.0030556607674596665,-0.5125590605644925,0.6265006980550902,0.0242594017567555,0.21258963048022061
IND691001AAB,0.006584419617081082,0.001398606700176071,2,4,0.0,52.0,0.00016860123724969387,5.523502212823786,-2.7976196347338225,-0.05317826320484081,-5.032589922282203,6.084906535741592,0.5738645939559471,2.2976596468967045
IND690573AAA,0.0,0.00038159064253438834,1,0,0.0,0.0,3.157185963716248e-05,0.20461732493784057,-0.11742328758014335,-0.0025041188272769536,-0.26106576464330217,0.36630087683323265,0.0074634828461572,0.16146461629811001
IND691506AAA,2.2401991288114498e-05,0.0004571619887541224,1,1,0.0,31.0,3.464566069937399e-05,0.25407426102749975,-0.1453119802854093,-0.002959788898152273,-0.32109098369534733,0.4465641049294158,0.015334979180456997,0.19375345873563196
IND695012AAA,0.006601120099564406,0.0021511828498309757,5,2,0.0,22.0,0.0003889368760898693,3.5200902696052383,-1.8849866749225845,-0.030777564219701264,-3.7486599270362015,5.021715952730889,-0.014148274549759508,2.0400791076484524
IND691305AAA,1.4934660858743e-05,0.0005175155125622293,1,2,0.3333333333333333,28.0,4.5352533202369866e-05,0.42462742158960315,-0.23784213685190334,-0.004278537364302942,-0.5059594361424539,0.6912549533149817,0.027280077335232557,0.2870595030275927
IND691574AAA,1.3690105787181084e-05,0.0003604638809900654,2,1,0.3333333333333333,26.0,0.00013305806236903997,0.3884800391500031,-0.23496740761012,-0.005721059776770831,-0.5689045261416428,0.8758092993662783,-0.08318759942755662,0.4235819037555021
IND695614AAA,6.222775357809583e-06,0.00043512456119126496,1,1,0.0,18.0,0.00014454278826356195,0.4573512947275288,-0.27452729365164674,-0.006607634793663547,-0.6570761217698081,1.0000528813041383,-0.08174518049764949,0.47908753345218613
IND695101AAB,1.745868837862408e-05,0.0012900988363571903,2,2,0.3333333333333333,15.0,0.00023874440599326978,0.9418629721075543,-0.5523783875064804,-0.011903878286752219,-1.2735019905759855,1.8887563268671745,-0.1108153004391407,0.8706106504793283
IND695012AAB,0.0,0.00012846922524445772,0,1,0.0,3.0,1.0658002755361127e-05,0.08796500681863344,-0.048679011547089,-0.000754321433640687,-0.10114111751442902,0.1399741874239375,-0.00026749591664233666,0.05692713707413681
IND695541AAA,0.0013243662184356266,0.00040638802965369046,1,2,0.0,10.0,4.076517686895763e-05,0.24892927900399617,-0.14062004013909088,-0.0025105640740125923,-0.30378291935113544,0.43111027708001726,-0.008634650345165255,0.184739231944068
IND695582AAA,0.0,0.00012846922524445772,0,2,1.0,4.0,6.810993473823051e-06,0.01718346772846367,-0.010525248348875152,-0.00028272466694899905,-0.026002541109389907,0.04077696827209583,-0.004764276431615671,0.020292686169577762
IND695609AAA,0.0,0.0004986521001006114,1,1,0.0,4.0,0.00014568717062742948,0.6450875230449127,-0.3721134270488348,-0.007592159129665868,-0.8347597371528166,1.2228036263111517,-0.06580318948865532,0.5519120157614722
IND700026AAC,0.0,0.00037427319171928774,1,2,1.0,34.0,0.0006990165121725616,15.316982338994634,-5.497969867207271,0.20549344695771837,-2.899882698911751,-5.300166709008809,0.9368926727951359,-1.1480239485934274
IND700065AAA,0.0,0.0005323564527431817,2,1,1.0,54.0,0.0013950616645187046,26.800359649006417,-9.123443461648936,0.36558467240696213,-3.2471452166780854,-11.36725388383639,0.9604402448150937,-2.6137004165343534
IND700028AAB,0.0,0.0004570703172687042,1,1,0.0,31.0,0.001196756868796511,21.146198857748455,-7.04914582239034,0.2636220000478123,-2.302056349236747,-8.370539423284825,-0.41430341156034123,-2.0010107771351655
IND700053AAA,0.0011784614655571254,0.0007054132707383114,2,3,0.16666666666666666,30.0,0.0007410901512768938,12.441093665556881,-4.517536042571793,0.17357562138674323,-2.3400517785787565,-5.009183759699063,0.3594822968371442,-1.207167957394275
IND700136AAB,0.0,0.0002455236560818376,1,0,0.0,1.0,0.00014911596290584795,2.071886309495596,-0.7584653785484197,0.05174553851611114,-0.3808036335580167,-0.8562196541660897,0.04405525540989099,-0.18191699467751724
IND743513AAA,0.00039327940261356566,0.0002660872723100259,1,1,1.0,12.0,0.00020003351656288094,3.82593350544405,-1.440749345850864,0.06054642520014596,-0.9420489155466923,-1.356491127865157,0.14483708671320514,-0.3477057330411359
IND700065AAB,0.0,0.00012846922524445772,0,1,0.0,13.0,-1.4216669585414692e-27,-3.1661542532038042e-27,1.1590815362923555e-26,2.1077136358615808e-26,6.496925970434986e-26,3.0998867463703403e-25,1.4534974594442009e-24,1.5208822703602402e-24
IND712310AAA,0.0,0.0003469097869576068,2,0,0.0,31.0,2.601114925627018e-27,8.216594496520613e-27,5.829946386569772e-26,-1.0180720839372022e-25,7.892124946737777e-27,-1.3328685352038288e-24,-4.720706462295765e-24,-4.463007451817271e-25
IND700088AAA,0.0,0.000495027921916233,1,1,0.0,30.0,0.0004563338268395089,14.249776698431477,-4.910291783301806,0.08570612393493676,-2.1329922695242227,-5.24338218650973,0.9156902545650636,-1.1550062628858024
IND700136AAG,0.0,0.00012846922524445772,0,1,0.0,18.0,-1.4216669585414692e-27,-3.1661542532038042e-27,1.1590815362923555e-26,2.1077136358615808e-26,6.496925970434986e-26,3.0998867463703403e-25,1.4534974594442009e-24,1.5208822703602402e-24
IND711303AAA,0.0015862465441149878,0.0004858173216799514,1,1,1.0,15.0,-0.0007278725531452551,1.8441795513582038,-0.7228179602491329,0.046717353386335675,-0.6408170908642621,-0.5729034796030134,-0.05927083793527334,-0.2896486634018274
IND721134AAB,0.001196017423771002,0.0005425899466990871,1,2,0.3333333333333333,13.0,-0.0013661922054936783,1.1529352031507893,-0.44580733576215437,0.02534925611385384,-0.3112351393660537,-0.6012249122354066,0.16624935639495578,-0.26248223327665143
IND712103AAA,8.72934418931204e-06,0.0007385924427236091,1,1,1.0,39.0,7.44610898188687e-05,2.1647773923255538,-0.8108226362019127,0.036433629324043974,-0.491843121555285,-0.8556366641799079,-0.0035525464462015967,-0.21506263772044784
IND712310AAE,0.003166148102053516,0.001324313481403578,4,3,0.09523809523809523,63.0,1.803545161067464e-05,6.946340809736038,-2.7375767482632614,0.11992491509467665,-2.5468240494473537,-1.3787687941443756,-0.5650373594358998,-0.6746905135136757
IND712124AAA,0.00039531458685884523,0.0007155353198356262,1,1,1.0,43.0,0.000179196883043892,2.9231204360079928,-1.1376783703324567,0.05291288771428769,-1.0220370442026696,-0.7238806995455379,-0.29593663953028093,-0.3366378906931211
IND711409AAA,0.0,0.0003153204930076539,1,0,0.0,0.0,3.475481805808479e-05,1.3576363017808408,-0.5430986876159613,0.01599080971195715,-0.48192307294469644,-0.1374939867349322,0.013253301536048381,-0.014325983478111955
IND712410AAC,0.0015693839452395769,0.0006045526971536023,1,1,0.0,6.0,0.000839222362899383,14.299902081026264,-5.032960801321487,0.16228839744800788,-2.6714713821960987,-4.164702169031562,-0.010917668072097292,-0.8739627799860927
IND713103AAA,0.0,0.00034117369792863856,1,1,1.0,10.0,0.0005189956581428359,10.513431562857617,-4.0645517926204375,0.08479952039267671,-3.62767776000123,-1.5917490542211459,-0.36973417174759526,-0.6595474597637073
IND713145AAB,0.0003940675376889435,0.00034149932952264375,1,1,0.0,2.0,0.0004101852064763791,6.419828053483932,-2.2229448162548664,0.08082905598779623,-0.9597341514954161,-2.5808773921032317,0.11579963767074967,-0.632366682678699
IND713205AAB,0.017703795892968263,0.0023124819635697456,6,10,0.054945054945054944,86.0,0.0017572280954488663,28.877944300449247,-9.852365418104013,0.18730804354504724,-3.7131974587069725,-12.132393209431457,-0.4010070205761163,-2.7069555322329952
IND721306AAA,0.004048537647790915,0.0012185208121645306,4,4,0.09523809523809523,42.0,0.0008182363152556298,14.206718060587766,-5.214109548940575,0.1937648455729343,-3.2586077900602732,-4.403488054741656,0.2902461576146124,-1.0548651655197043
IND732103AAB,0.0031611698817672683,0.0009001585733985398,2,2,0.0,12.0,0.0003257130868680154,11.050936518887973,-4.284633643490914,0.1222507086580503,-2.9488670614374475,-1.6443347446481542,0.7241478644708949,-0.43049150456898866
IND742101AAC,0.007164281269446159,0.0018605977654737916,6,6,0.05454545454545454,60.0,0.0014987515573627681,26.33877462303585,-9.2882692416243,0.17504466067840663,-4.020693039867156,-10.305241705026608,1.9193773348228975,-1.2544161166944257
IND742102AAB,0.004149968886123193,0.0016121632448643515,5,4,0.0,60.0,0.0015157219746060801,21.91488736078936,-7.913961220641619,0.38371560547251926,-4.137961807715018,-7.334839015393908,0.08475328406865751,-1.20347277425641
IND743235AAA,0.00039157343934914006,0.00038629703899576557,1,1,1.0,4.0,0.0009986931555349262,17.67637549631631,-6.306446633474355,0.26959467174895824,-3.688491610879336,-4.570830788670167,-0.35409343290147394,-1.059045201103316
IND781018AAB,0.04245713204123552,0.003943270814749004,15,14,0.030303030303030304,134.0,0.017555105319921865,54.09289976915296,-1.6839753980329333,-0.44478551768803726,24.122222145402674,-44.744937171960466,3.5129534441330974,-15.358939404388549
IND826004AAA,0.007111751363789973,0.0027657437301327388,7,7,0.09090909090909091,64.0,0.014983183404767262,79.02326374185876,-16.485663431287595,-1.904956740412139,35.2160601680494,-89.82828937041685,-6.728040849793466,-17.518367300295665
IND712406AAA,0.0011761045426260113,0.0006426808099493345,1,2,0.0,3.0,0.0009682115791905864,15.402192940621806,-5.420381671300011,0.2004665297572805,-2.513185050509325,-5.157013699448256,0.09146448660926887,-0.9846462488732274
IND712602AAA,0.00019601742377100187,0.0005464481260947613,2,2,0.3333333333333333,4.0,0.0008081481604643138,16.183500585417598,-5.332820054832625,0.1266769004764266,-0.8568450516428973,-7.796427977172807,0.9935394361725015,-1.5483295579047442
IND712612AAA,0.0001964102442595209,0.00041599926714013565,1,1,0.0,3.0,0.0006975912478033045,9.433260495700324,-3.2696203135542774,0.1778586712955331,-1.1235559212905917,-4.265540451826407,0.16062464833940013,-0.8772457948647269
IND722154AAA,0.0013055382700684506,0.0006521787938387004,2,2,0.3333333333333333,5.0,0.0008681067931153055,15.533112833496626,-5.18192922842552,0.23143511933887262,-1.1047337239880044,-7.635750924552044,0.9227273378467898,-1.4620576444918587
IND713128AAB,0.0020913014579251846,0.00042239644676814506,1,2,0.3333333333333333,26.0,0.00017697289431254333,1.754771054100435,-0.6593264911327057,0.01869025800938343,-0.2951979474071378,-0.9879687355629947,0.012801944779556273,-0.17014036694574466
IND731204AAB,0.0,0.000273983886282258,1,1,1.0,24.0,0.00012314789736291072,1.2819922124252077,-0.4770304741436693,0.014568476324483758,-0.20804007110069933,-0.7005714175097658,0.012773915489577445,-0.12427255121542653
IND731301AAA,0.0026073428749222153,0.0005752020053751006,2,1,0.3333333333333333,28.0,0.00022920891316363057,2.6638066963991927,-0.9472819201471373,0.01884495487885129,-0.257033828530945,-1.5782937381249251,0.04766941452006279,-0.27891201975962515
IND713130AAA,0.0005227131300560029,0.0006236072464580615,2,2,0.3333333333333333,24.0,0.0004994450015959772,4.538520128903057,-1.785630505290273,0.06637185253123755,-1.057958289812802,-2.137626821079523,0.4123754054300371,-0.05436231090324052
IND741123AAB,0.00026135656502800146,0.0005736865468644785,2,1,0.6666666666666666,26.0,0.0004325296538650813,6.416185688754384,-2.401381902602285,0.048541696264514635,-1.2041518116043746,-3.147108057690786,0.688383896277261,-0.267734051677639
IND741126AAB,0.0003928204885190418,0.0009530664267101058,2,1,0.3333333333333333,29.0,0.0008653314823577082,9.605426185691513,-3.65546164660876,0.145932677171071,-1.844257907292805,-4.789673720346322,0.6992251812202801,-0.4498653216399787
IND741316AAA,0.0,0.0004189084409751819,1,0,0.0,1.0,0.0003379643283103577,5.689076985210901,-1.9543824792011006,0.06632296793589196,-0.8047385477437324,-2.3039779805522427,0.1274739058678076,-0.5553016226243156
IND713148AAA,0.0011747203180474202,0.00034559263510971377,1,1,0.0,15.0,0.00017821301124579028,1.7936954770950493,-0.6561895164378301,0.021373396601513987,-0.279782809219594,-0.9494426395013993,0.02658929568278233,-0.17785103598458332
IND713303AAA,0.00039203484754200374,0.0002581169536351539,1,1,0.0,11.0,0.0003179976715658377,5.734951624442714,-1.9405114834988226,0.04542685496908435,-0.5231599508745383,-2.7334869690274997,0.253624137934025,-0.5401273734877093
IND722101AAA,0.00039157343934914006,0.0002899824556442247,1,1,1.0,8.0,0.00027631996738030853,3.0664637404252795,-1.135724064661125,0.03701236297523831,-0.5087606426374163,-1.5914189246376882,0.03831937134106511,-0.288884723719402
IND722101AAB,0.0,0.000403021777019074,1,0,0.0,1.0,0.00010823954530337387,1.255198143675719,-0.46897034217882483,0.03565102188158155,-0.24311313030632567,-0.5694934698739179,-0.0015425345751565282,-0.108233540661952
IND722101AAC,0.0,0.0003571037398244879,2,0,1.0,8.0,0.00017385749614697387,2.336929750111874,-0.7534049723083641,0.011199168721803043,-0.06862425166530768,-1.282324363911554,-0.018444943359933647,-0.23086956889773977
IND722143AAB,0.0,0.0003033621318909215,1,1,1.0,17.0,0.00018865336656575247,2.5580310314343806,-0.9078042860473181,0.0012595601598091733,-0.5374449298078829,-0.9758018939063783,-0.3028858756012307,-0.27933698185979305
IND722202AAA,0.0,0.0003265943367465039,1,2,1.0,7.0,0.00014704776792350807,1.5919059733606962,-0.5734054246558301,0.016374881679108826,-0.20212166150837976,-0.8845754713321607,0.008969896776718465,-0.1629296058135904
IND723130AAA,0.004561294337274425,0.001226396787287533,3,2,0.1,30.0,0.00043482826920095916,5.868503609685196,-2.120903850871508,0.03708987779246512,-0.6883752972408042,-3.5403329599466526,0.3102081349442525,-0.3922036067702325
IND723133AAA,0.0,0.0005130753012932029,2,1,0.6666666666666666,17.0,0.0002439864368252418,3.067116919176827,-1.036120816954343,0.01946512553283439,-0.1879790898839275,-1.7768768044946528,0.018817973663916167,-0.26275129248285145
IND713364AAB,0.0,0.00034798086201860636,1,1,0.0,18.0,0.0004221725772018959,7.948795132744097,-2.6151430074831485,0.04931005076726164,-0.4797279233162916,-3.916317405320636,0.22066337979359793,-0.8014412790202526
IND721102AAA,0.0012980709396390791,0.00033819473583782296,1,1,1.0,13.0,0.0007892274646127513,12.110068522980498,-3.9603882035010707,0.10692767588175685,-0.8283611440773074,-5.57165270768569,0.2484687325959833,-1.194373065505994
IND721133AAA,0.0007865588052271313,0.0003622816318852941,1,1,0.0,4.0,0.00014841597580009732,1.8448875716736421,-0.7463436004275448,0.0435350217016753,-0.626882974130773,-0.358439437417324,0.0518523123843989,-0.028513503303427203
IND721434AAB,0.00039327940261356566,0.00043658153346373154,1,1,0.0,4.0,0.00015519352129805786,1.5882743021151893,-0.6125991660574157,0.026272524546951264,-0.3619495852061251,-0.728452128098142,0.06125136333995572,-0.12932117028477025
IND721139AAC,0.0007956173703972973,0.0014460363186293943,2,2,0.3333333333333333,18.0,-0.02430519417895098,0.11471162060390695,-0.12837062132896152,0.08641454011759075,-0.2968547992147065,-2.7302035107437317,3.1224704295051127,-2.5563252765165916
IND721602AAB,0.0,0.0013684441769848431,2,1,1.0,9.0,-0.023576397370220208,0.05471490675324117,-0.10004828419095549,0.08256791347032136,-0.26234599148479293,-2.6303421044285553,3.0340189490238427,-2.4731181505135638
IND721636AAB,0.0,0.0007439142764089489,1,1,1.0,4.0,-0.01320948721417359,0.02286355607578174,-0.052664368784446976,0.046054781829098675,-0.14377503631234972,-1.4700315825220347,1.7003113306025002,-1.384724676364138
IND721212AAA,0.0,0.00012846922524445772,0,1,0.0,7.0,-9.635972941614002e-06,0.04343440647948298,-0.018950200049503138,0.0010360743307362215,-0.020022989023733447,-0.015691276465979634,-0.002725998073656314,-0.006070222815771077
IND721253AAC,0.0003928204885190418,0.0006276346966262781,2,2,1.0,17.0,0.0002708046638812175,3.1035012510726903,-1.1468929828385284,0.04838975812331584,-0.5873761165479379,-1.3851315536455542,0.1018698870774203,-0.27775608621588566
IND721501AAC,0.0,0.00035718691284857766,1,2,1.0,7.0,0.00014456272169482244,1.724597486005267,-0.6439127728498851,0.027534212861432077,-0.3422946163340669,-0.7597363405119312,0.05662891657714799,-0.14854474654877986
IND721507AAA,0.0,0.00037235119230196487,1,0,0.0,12.0,0.00012619277507607246,1.9248636608340928,-0.7845494570907627,0.03659697810648656,-0.7959735051647884,-0.12292124213787266,-0.1168618064643141,-0.06857988961586797
IND721401AAA,0.0,0.0004998674017805255,1,1,0.0,4.0,0.0002723615711367801,3.408694891883416,-1.2631214288183785,0.05362112369381692,-0.6571724733841888,-1.4700903034592792,0.10384048797029864,-0.2946200684213916
IND722122AAA,0.0013081545792269042,0.00037508885278095597,1,1,1.0,14.0,0.000263454905726555,2.7529228211969974,-1.028887156281611,0.031233962747162575,-0.46160672070598036,-1.499675592942691,0.033453070551407164,-0.25997794077206376
IND722140AAA,0.0003928204885190418,0.000539088259514487,1,1,0.0,10.0,0.00011331041284577541,1.1965159764242745,-0.4875941754050472,0.010797007525039572,-0.1887283796312769,-1.030240023243509,0.1335778506152543,0.022377503970098425
IND722151AAA,0.0013055382700684506,0.00058723160737079,1,1,0.0,7.0,0.00010240724503236213,1.0573622036384336,-0.4383800041662405,0.00999105183180262,-0.17085557249644368,-0.9619009267605712,0.13863005533512435,0.040153953473113
IND723101AAA,0.0029979062044437348,0.0008173638094506086,1,1,0.0,27.0,0.0003548612086930645,3.6912121184611006,-1.3909701221993336,0.04012713681231761,-0.5973895745013172,-2.1766559881864818,0.0809340065885563,-0.29834066105210116
IND723202AAA,0.0039054138145612947,0.0008237426377383052,1,1,0.0,26.0,0.00038973921759467394,3.817883639821324,-1.4205394545651358,0.037134284671418036,-0.5346792658483622,-2.3574943216494297,0.06440928506139398,-0.3363415316836685
IND723131AAA,0.0007840696950840075,0.0004827578685504783,1,1,0.0,10.0,0.00016434634115755045,2.0069183058950997,-0.7738113557343684,0.021607647886186413,-0.31509128542512127,-1.351942059938808,0.13869889721388537,-0.05856757746483099
IND731224AAA,0.001179838207840697,0.0008201505438666685,1,1,0.0,21.0,0.0004427887599736814,4.5784145347838265,-1.7935410995680692,0.07921453761159113,-0.9867429296796285,-2.3846433047826094,0.42546987409324133,-0.08764151918653017
IND742147AAA,0.0007865588052271313,0.0008261319222482612,1,1,0.0,13.0,0.00041365752488505805,3.643313533824366,-1.4923581670878012,0.06289982714294826,-0.8903854613191098,-2.0725457252070574,0.4557167057976961,0.04614628934261379
IND731237AAB,0.0015731176104542626,0.000813895204384787,2,1,0.0,25.0,0.0005164895675145361,6.055125774498743,-2.4444373413925686,0.13843738235102657,-1.8778315680915798,-1.865638523053456,0.25986086059238617,-0.005673598510256062
IND732103AAA,0.0015756067205973865,0.0004940223565874621,2,1,0.3333333333333333,4.0,0.00010502369467603313,1.3996189621569173,-0.5173578397533147,0.018120122521093737,-0.2382494676352284,-0.6651261920893016,0.0948772208651895,-0.09229866202830661
IND732138AAA,0.001181082762912259,0.0005484957096752272,1,3,0.3333333333333333,9.0,3.7277513645685524e-05,0.41286100316831986,-0.16162101920230698,0.003510146224994633,-0.07934972227284949,-0.23685861848236636,0.05871967663540247,-0.01132857448270293
IND732202AAA,0.0011873055382700685,0.0006490423084531609,1,1,0.0,11.0,0.00012739415880835744,4.672824188698126,-1.8384671346134844,0.027232802020481162,-1.528373727285949,-0.7438172583725889,0.41220997526395897,-0.1328346199475323
IND733128AAA,0.0011823273179838209,0.0003737516304741502,1,2,0.3333333333333333,5.0,0.00011794348277466327,4.2917677658766635,-1.669968112547578,0.07475735979735801,-1.1873496562465116,-1.0603109726915283,0.5743305481712766,-0.13383365659204055
IND733102AAA,0.0,0.0003820939320291636,2,0,1.0,8.0,5.977431117073959e-06,0.06908290220216956,-0.027261164206671823,0.0006208807804365389,-0.013161376112843438,-0.042643005879338405,0.010673027590989233,-0.0028567462639440978
IND733124AAA,0.0,0.00027202900972528614,1,0,0.0,3.0,3.7581907707615072e-06,0.045653581623314274,-0.01792414334074708,0.00037855515143206473,-0.00855920985504524,-0.027787766109721796,0.007047119024012579,-0.002000657857797887
IND733140AAA,0.0,0.00030550308282553836,1,2,0.6666666666666666,9.0,2.4276619207531745e-06,0.027082722770088618,-0.010746930843174513,0.00025298168213175754,-0.005236183344184317,-0.017015996279541118,0.004304170864869659,-0.0009987847779560127
IND732139AAA,0.0003957685127566895,0.0007072354078851555,1,1,0.0,1.0,3.8380627796958017e-05,0.5701788698202912,-0.24556168407540707,0.0073323455568864845,-0.20487984555870223,-0.15953555001521472,0.07123528642966452,-0.01280333828788506
IND732123AAC,0.0,0.0007298651013489076,1,0,0.0,1.0,2.1322695083192342e-05,0.2606187404269553,-0.11272387617223825,0.00314189561705064,-0.09725376513096037,-0.09331395742453041,0.03593301634013314,-0.005325066504930826
IND732204AAB,0.000791537025513379,0.000680643004254609,1,1,0.0,7.0,0.0001732910110281383,2.716156589441149,-1.0113756575428874,0.039439819469366394,-0.5490116490975011,-1.027774610191247,0.12672516252856497,-0.20413614092571028
IND733129AAB,0.0004019912881144991,0.000535207524078614,2,1,0.3333333333333333,5.0,0.00016673141558663302,2.7030086915249316,-1.064236680665287,0.041214698630186536,-0.6906867548142172,-0.9197483148966433,0.22841191325037363,-0.14277516363666726
IND733134AAA,0.0,0.00026483134743706836,1,1,1.0,3.0,9.220023226577978e-05,1.4326071612506002,-0.5528085514950437,0.021969877191262217,-0.33262664187662627,-0.5171896995694348,0.09986949280889981,-0.0879839943348869
IND733129AAA,7.48229501941032e-06,0.0005835324020863274,1,1,0.0,6.0,8.580950272298254e-05,1.3265717247251023,-0.5729797924682818,0.021008277927103858,-0.46637038811782694,-0.3914684168221584,0.1937567451595514,-0.021851934386966858
IND733201AAA,0.0,0.00012846922524445772,0,1,0.0,1.0,1.136311950395757e-23,2.0614630894189732e-23,-6.900696943254936e-24,-1.445484452964213e-22,4.284105179815444e-22,1.2920760948611237e-21,-7.779121161650176e-21,-6.5989417891180375e-21
IND733202AAB,1.2445550715619167e-06,0.00023768950610103222,1,1,0.0,2.0,1.487749149732587e-23,2.7968306127506193e-23,-7.103772352240447e-24,-2.115463121363502e-22,6.217932966262609e-22,1.6819811197362055e-21,-1.0963888855403824e-20,-9.070246618358571e-21
IND733210AAA,0.0,0.00033053649751188193,1,0,0.0,1.0,1.6167127166492597e-23,2.8351907901784465e-23,-1.1749255587396679e-23,-1.833675179522991e-22,5.48646007953287e-22,1.848035822699215e-21,-1.028906675021316e-20,-8.958396569006292e-21
IND734214AAB,0.0,0.00012846922524445772,0,1,0.0,3.0,2.0910129424698935e-23,2.713226325941992e-23,-7.26972512219834e-23,3.874406883785602e-22,-1.2347608236550864e-21,2.055684352232101e-21,2.0047107253094262e-20,-1.895294329833175e-21
IND735224AAA,0.0,0.00012846922524445772,0,1,0.0,8.0,-5.837571243019611e-21,-5.247456765002872e-21,-4.562502019600278e-21,-3.337905823707338e-20,1.1836950541831325e-19,9.896237157201345e-20,-1.2260880369832158e-18,-6.972697721875242e-19
IND736146AAA,0.0,0.00023768950610103222,1,1,0.0,16.0,-8.892680388434554e-21,-7.991683863149007e-21,-6.946659557496082e-21,-5.087144733491833e-20,1.802371182268768e-19,1.5061437633927686e-19,-1.867888219532443e-18,-1.0628851835816704e-18
IND736135AAA,2.4891101431238333e-06,0.00033053649751188193,1,2,0.0,19.0,-9.901830711677667e-21,-8.90649973375816e-21,-7.74915634306779e-21,-5.655430846013094e-20,2.0100383375250623e-19,1.6825015238049e-19,-2.0793871783729666e-18,-1.180821736578209e-18
IND736101AAA,0.0,0.00025494225945287533,1,0,0.0,6.0,-6.37778864977408e-21,-5.730511300658644e-21,-4.980133832277005e-21,-3.6497023039164236e-20,1.2922277371370262e-19,1.0794483870210596e-19,-1.3397029368875093e-18,-7.626586267756542e-19
IND736165AAA,0.0,0.00028300962808464796,1,0,0.0,5.0,-6.081350140046757e-21,-5.465413497364673e-21,-4.7509091116010945e-21,-3.47863561563564e-20,1.2326621163014262e-19,1.0301389270165371e-19,-1.2773591064705808e-18,-7.267851334605105e-19
IND741156AAA,0.0013055382700684506,0.0009391667682848244,1,2,0.0,31.0,0.0008637353420539096,9.142287186253157,-3.447995862276323,0.14588895910324431,-1.6109601979365424,-4.758288444277439,0.6480593289160378,-0.4553498166045686
IND741165AAB,0.0007853142501555694,0.0007136777812643515,1,1,0.0,24.0,0.0005363966417011672,5.658952602718497,-2.176894287292687,0.08625055117547731,-1.136638624277132,-2.8574272261747056,0.41736785677559296,-0.23246617607165868
IND742121AAB,0.00039203484754200374,0.0007355296161222841,1,2,0.3333333333333333,22.0,0.0005754805108513424,6.09651160674867,-2.2204587980816224,0.07325356524866183,-0.8795073891283727,-3.205375056016775,0.3861208381660975,-0.2946895270385253
IND741201AAC,0.0,0.00012846922524445772,0,1,0.0,2.0,6.23715699100549e-05,1.571126795203951,-0.5649727082248593,0.08947282703500546,-0.2935999631700863,-0.5718799338767244,0.22176294448394043,-0.12456286005526036
IND742202AAA,0.0019663970130678284,0.0004058080321708719,1,2,0.3333333333333333,4.0,0.0002819686462882711,7.803723145402442,-2.6851928094403963,0.03490085877107928,-1.045403417134418,-3.036701058259297,0.6346138640195308,-0.5159199720706401
IND742303AAB,0.001178593652769135,0.0006886104973687571,2,1,0.0,29.0,0.0005671515026461198,6.471305042354291,-2.5704016343451284,0.11843782386537105,-1.8956848890835436,-2.2774082950588364,0.1035429846121064,-0.24466743425600518
IND742121AAA,0.0,0.00043754590935657725,1,2,0.3333333333333333,24.0,0.0002579604432748819,2.6849383829804303,-1.0333926419347474,0.04143401777475695,-0.530646541685627,-1.3897195467669854,0.19700973281205614,-0.1049891634846779
IND742137AAA,0.00039327940261356566,0.0008313337931890256,1,1,0.0,6.0,0.00045211427333080763,4.751870525762599,-1.8600270582599192,0.08154247547166399,-1.0366549468750181,-2.427414310063256,0.4317163790380651,-0.09481877677373782
IND742401AAA,0.0,0.0008356580023028396,1,2,0.0,15.0,0.00047543463527091416,5.901824819227012,-2.2578641972621436,0.09834610552545187,-1.1599874348816437,-2.9863730163075215,0.6226062082098088,-0.20260585775973028
IND742148AAA,0.0,0.00017287995281535984,1,1,1.0,23.0,3.050925926806026e-06,0.023631252358029778,-0.009164452423543582,0.0002939067412553196,-0.002911439327777761,-0.01765707966260163,0.002552031383808902,-0.00046040515410816784
IND742225AAA,0.0,0.00034025214342006183,2,1,0.3333333333333333,24.0,3.85639687462742e-05,0.36057625587247305,-0.14200224453726332,0.004689633799541576,-0.07182423320096791,-0.2030043625543193,0.0371992296002866,-0.007737264238898672
IND742149AAA,0.0,0.00012846922524445772,0,2,1.0,12.0,1.7730817143663803e-06,0.01343441916693583,-0.005300968570641692,0.00018320717946678297,-0.001961619325431094,-0.009929668743941316,0.0015581547487829848,-0.00017213144798903975
IND742223AAA,0.0,0.00041773118863913205,1,1,0.0,21.0,0.00010955496973230607,1.3182515708599967,-0.4934757890708861,0.019442819609868964,-0.2419680710585379,-0.6205461911809432,0.07493577304195334,-0.07685091642570353
IND742226AAA,0.0013080273802115745,0.0004836196864399585,1,2,0.0,24.0,0.0001697975867688479,2.3771897177856403,-0.7773286048292631,0.014509369807306657,-0.0897450398249922,-1.2798494879333122,0.07544190204667815,-0.1652930156639348
IND743270AAA,0.0013081545792269042,0.00045701663804445427,1,1,1.0,3.0,0.00104643250336469,18.02616914213241,-6.464076586077104,0.33370417526120616,-3.6390446124970404,-5.087244826396393,-0.10742080551722095,-1.1076741702577357
IND743347AAA,0.0,0.00035474813330408695,1,1,1.0,12.0,0.00023869823905636623,4.026171483810139,-1.4537524759270042,0.04549590112290786,-0.6492854035717095,-1.8253457272286082,0.32063463346775656,-0.3735947667675122
IND754103AAA,0.0007865588052271313,0.001049384899852247,1,1,0.0,7.0,0.0005230055867673485,9.974964192577293,-4.414673102250549,0.8327988366023927,-6.706236413597538,3.2673363850262396,-2.6003828297888463,-0.22305210440194337
IND756100AAC,0.006494088363410081,0.0005766458286100269,3,4,0.2,33.0,0.0007651939425450562,17.993916740204536,-7.4421957802591905,89.40653433634708,-4.796763455953928,2.7367885674975945,-2.6392682459346672,0.15549210728297733
IND760003AAB,0.0007865588052271313,0.00029990874161616907,1,2,0.3333333333333333,11.0,0.0007930125051317464,16.720194520799826,-6.7331660106493105,1.7186099217814286,-7.087507591880353,5.865502142660097,-2.726228887144241,0.9463599367556885
IND751014AAA,0.0,0.00012846922524445772,0,1,0.0,5.0,0.0001164599949531741,2.517598281469056,-0.963171416193015,0.29895713175197264,-0.9425035291403746,0.5357422833982463,-0.12328296533689552,0.20488036252663502
IND751015AAA,0.0,0.00012846922524445772,0,4,0.6666666666666666,10.0,5.5783738659499687e-05,0.7090109509565011,-0.31949772470802495,0.3130325341530738,-0.46691771606685306,0.27349681014130506,-0.22485414932233289,0.013948556568075351
IND752050AAA,0.0,0.0001510354292704041,1,2,1.0,3.0,0.00010014389648913786,1.6994733138117668,-0.7605678211320085,1.192380037509667,-1.0276113550388077,0.6758347811283643,-0.2818046043460093,0.13335115899776237
IND752055AAA,0.0,0.00015605014127617,1,1,1.0,2.0,7.470358634345933e-05,0.982534620485651,-0.42802791278619856,0.3749095755649193,-0.5612724711008893,0.2611844051088811,-0.23694725359809438,0.01345088357618042
IND752056AAA,0.0,0.00022987007996303074,2,1,1.0,6.0,0.00012457796192159236,2.31336227127794,-0.8733030588610039,1.2799940175835383,-0.7770056990416376,0.24217961322211182,-0.319676312863105,0.05736780914951887
IND751021AAA,0.0,0.00012846922524445772,0,1,0.0,1.0,7.681760051718415e-05,1.8776237498378412,-0.7209866367902911,0.9959500882384444,-0.7281313617914303,0.50452610707826,-0.22419806580970658,0.15121737353753667
IND754022AAA,0.0,0.0002622817343925029,1,1,1.0,3.0,0.0006959560683021813,14.125920427971176,-5.46540447969094,2.9377673863778355,-5.670188422621741,3.1460165086653746,-1.6911181811965625,0.836827602930921
IND754142AAA,0.0003940675376889435,0.0010208740471879182,1,1,0.0,2.0,0.0005072276095502109,8.448182548174305,-3.704316651484645,0.782204458852249,-5.49648288811418,2.6425342433513834,-2.283025741968581,-0.19153483711606428
IND754211AAA,0.0,0.0009967627204527218,1,0,0.0,1.0,0.00020163136679970424,2.6506112777137427,-1.1868214499511642,0.7227354994254716,-1.69438666506841,0.9663846291069069,-0.6596039893808661,0.09842703408525517
IND756019AAA,0.008059738643434972,0.0007942281282346261,2,4,0.2,11.0,0.006524938145861569,7.112567631487272,-2.432768023570639,2.3509688218358837,-0.08915503266530221,-4.176707663508111,-1.0398430010390476,-1.2047638832074299
IND756032AAA,0.006492843808338519,0.000267094832469543,1,1,0.0,9.0,0.0012368181640437367,9.243551583645099,-2.7163244845767296,0.4071850932977587,0.5110408989482824,-5.237078527383035,-0.024345571282074024,-1.0923773428829266
IND757001AAA,0.0013081545792269042,0.001234686076618784,3,1,0.6666666666666666,7.0,0.009632406856765283,2.159073900529477,-0.9081124435022769,1.065373631286333,0.2896479040120671,-2.6126216735821437,-1.3451773334269896,-1.0901424663232542
IND757025AAA,0.0,0.00032506554094548776,1,1,1.0,10.0,0.0021874318314454074,0.5549199077478101,-0.23524419410504654,0.6280590239532471,0.04380905507873483,-0.575486202210467,-0.322708688404692,-0.24410525837915928
IND757041AAA,0.002609831985065339,0.001281822221737129,2,2,1.0,4.0,0.010968801221675383,4.642613382758901,-1.802863316091496,1.3961710919978214,3.53362142376662e-08,-3.829712619622399,-1.4786998504529016,-1.4267933623714182
IND756045AAB,0.004545494224291769,0.0001998865781201295,1,1,0.0,1.0,0.0008022853444301996,2.7780520117085588,-1.1488798752660265,2.3630181888700412,-1.0293051105581656,0.07350835690560804,-0.21232549390032654,0.01660243161048475
IND757037AAA,1.24704916990172e-06,0.0003412800919139447,2,2,0.6666666666666666,10.0,4.888736264890976e-05,3.458144777889135,-1.6404906949858895,49.30626665130088,-0.2724316147945806,0.31541689716602067,-0.3420085634053807,0.07345645036076595
IND758001AAA,0.00039327940261356566,0.0018738760087189119,3,1,0.3333333333333333,7.0,-0.004442416902863188,22.953027929330517,-15.60208563089271,1097.1230823866952,14.901325516998693,-1.4576159856692306,2.4724125780207467,0.18045118770951887
IND758034AAA,0.0,0.00026917439538278127,1,2,1.0,11.0,0.0002105031535113542,4.2629983825862965,-1.8877584611492697,18.7729429708311,-1.8891118955062292,1.152191691742133,-0.7668238894298434,0.08600654061071825
IND758035AAA,0.0,0.0017257039782902026,1,1,0.0,3.0,-0.004503130800562921,18.976345411717865,-14.174632930059687,1071.6461442143093,15.045149524574057,-1.1484930921076182,2.8446085402343093,0.25261497771651603
IND761020AAA,0.0,0.00024967620816841176,1,0,0.0,1.0,0.0002044957397613946,3.6113678482803717,-1.646895477294607,0.3858402802259884,-2.5202980861204485,1.608920823632707,-0.8022711906806893,0.14375017493876113
IND764059AAA,0.0007856409770380836,0.0008675556900807379,1,1,0.0,10.0,0.000777344478134698,6.209627179723715,-3.10692799628672,0.5881754612477618,-6.40592288857822,3.886875830184129,-5.167038400102448,-0.8070296050116955
IND764071AAB,0.0016975731176104543,0.0008661820206021602,1,2,0.0,6.0,0.0007325461547792979,5.699307307981945,-2.824998801666902,0.6006763310955685,-5.729204892873395,3.29229131401784,-4.547725236685452,-0.8141030319857195
IND764073AAA,0.0,0.00044765574410626666,1,0,0.0,2.0,6.062251555676922e-05,0.37489057102337875,-0.20355928515285826,0.042519434609435455,-0.48734373539588915,0.3185388073000183,-0.47284159763084027,-0.072561634662629
IND767001AAA,0.0,0.00023768950610103222,1,1,0.0,1.0,-4.8223312626550206e-17,-4.6389674450470154e-17,2.798998875623851e-17,-4.929363490150865e-17,1.7868342732032453e-15,-4.853029611726927e-15,-2.0311171838035024e-14,9.609273773481233e-15
IND767017AAA,2.4891101431238333e-06,0.00033053649751188193,1,1,0.0,2.0,-6.084936276071472e-17,-5.853566489572325e-17,3.5318449306204287e-17,-6.219972565536363e-17,2.2546739761025914e-15,-6.123677974498893e-15,-2.562913454089319e-14,1.2125225066885936e-14
IND768004AAD,1.2445550715619167e-06,0.0004094826622930656,1,1,0.0,2.0,-6.653842888082864e-17,-6.400182294893562e-17,3.8649269756482095e-17,-6.808693767443418e-17,2.4653980756074846e-15,-6.6967055530129106e-15,-2.8024518623555548e-14,1.3255528843130814e-14
IND768028AAA,0.0,0.00047660160154822226,1,0,0.0,1.0,-6.484726309892909e-17,-6.23893691520014e-17,3.7604427945403484e-17,-6.620060826006574e-17,2.40289208391623e-15,-6.525396914290762e-15,-2.7313967770645846e-14,1.2925855789112526e-14
IND768028AAB,0.0,0.00012846922524445772,0,1,0.0,0.0,-2.0889883529898398e-17,-2.0097638659598256e-17,1.2115893355234667e-17,-2.1330869711621318e-17,7.740620303351271e-16,-2.1021251757170503e-15,-8.798860186102372e-15,4.163699451818456e-15
IND768216AAA,0.0,0.00012846922524445772,0,1,0.0,2.0,-3.737897169720269e-23,-5.693309259172626e-23,-7.033536354213174e-23,-1.3862420199139862e-22,9.669971410423255e-22,-2.2160029147292682e-21,-3.4617811042251544e-22,4.302358298503065e-21
IND770001AAA,0.0,0.00023768950610103222,1,1,0.0,5.0,-5.194921107771633e-23,-7.853034273390545e-23,-9.691988055883604e-23,-2.0420603430920487e-22,1.3122962944093325e-21,-3.0561716736369827e-21,-5.647006862825448e-22,5.502739865332882e-21
IND770017AAB,0.0,0.00033053649751188193,1,0,0.0,3.0,-5.017204140503231e-23,-7.701376259322426e-23,-9.523992228182096e-23,-1.7452231128741277e-22,1.32958909604357e-21,-2.998061361268634e-21,-3.8107593443605988e-22,6.251521877692867e-21
IND781001AAA,0.0,0.00012846922524445772,0,1,0.0,3.0,0.00022420830315386065,0.47119366334101365,-0.05973888732729631,0.0001805228821826725,0.1829762423237676,-0.46108542537732783,0.04560933784751953,-0.15955338955387152
IND781003AAA,0.0,0.00024237063293498448,1,1,0.0,4.0,0.002238376501120473,5.497814167210158,-0.642064547446664,-0.018157733931489266,2.286953163423574,-5.122132611120683,0.4580308594956562,-1.7472798178998932
IND781005AAA,0.0,0.0003391868294719322,1,1,0.0,9.0,0.001962228098829538,3.856251295599065,-0.1370048711023157,-0.03543885342992994,2.3147123905731197,-4.170185493595927,0.3888273564324557,-1.5103190285242483
IND781014AAA,0.0,0.00012846922524445772,0,2,0.0,8.0,0.0001696475370771818,0.38146704124278746,-0.05499688312840834,0.000564919995583963,0.13324119384962677,-0.3570611053090319,0.03521937455520414,-0.12176138530489987
IND781102AAA,0.0,0.00018692336043238592,1,1,0.0,5.0,0.00034894525713005095,0.8085832435132002,-0.019927533240235745,-0.014118684078560621,0.6748906103262665,-0.7850037500132038,0.13239531642284036,-0.33315118801126087
IND781124AAA,0.0,0.00017923537091310408,1,1,0.0,9.0,0.0003925025590814061,1.1996974631280086,-0.1849026776197456,-0.008256847089319523,0.4659445726569613,-0.9988233974325013,0.032277865198861444,-0.2984182385622415
IND781018AAA,0.0,0.00012846922524445772,0,1,0.0,1.0,0.00024197553888689177,0.937447406203422,-0.13207804172089244,-0.010818062661413072,0.4079363554064937,-0.7868690188601197,0.0035976120326597066,-0.21152869711512054
IND781022AAA,0.0,0.00025634963640511124,1,1,0.0,7.0,0.0027062304699443152,5.709095989316427,0.36253165090433065,-0.04688759397544428,2.8659683968198446,-5.3239180890399735,0.5567543741628153,-1.9652341921573322
IND781354AAA,0.0031176229247543,0.0003273748316373591,1,1,0.0,10.0,0.0009921462843907158,1.4531291278705583,-0.05074837477272805,-0.006923361614278741,0.8946465674298812,-1.7767522183571074,0.19801061670010714,-0.6535339485839814
IND784001AAA,0.0009819539514623523,0.0007055886727366854,3,4,0.19047619047619047,13.0,0.001767507401987081,3.633946744717809,-0.3755470705777348,-0.015622132791647784,1.7275971955594531,-3.7454388647325385,0.31649418256439976,-1.2523768045099184
IND784125AAA,0.00039327940261356566,0.0003287385657280128,1,1,1.0,7.0,0.001615232532085971,3.82882914017282,-0.3651017034024308,-0.02451700283092175,1.8392623103758259,-3.750278420919699,0.2991671051975048,-1.2428075767502136
IND784168AAB,0.001896761787420516,0.0010353099560330514,3,2,0.3,11.0,0.0029695694167901645,5.753520920893023,-0.4467296471107792,-0.004682410157805865,2.8916483450457857,-5.944541661116802,0.6124100787549118,-2.12617830364442
IND785001AAA,0.006976975731176105,0.002835508120177853,5,3,0.13333333333333333,29.0,0.020062420756656554,6.352301884985013,-0.4361065009658643,0.30353992251633005,4.249853154617029,-8.108384086857082,3.4171166921436784,-7.69330576249616
IND785612AAB,0.007754151738448895,0.0009015456942168801,2,2,0.3333333333333333,5.0,0.0058515143740861236,5.114869429001499,-0.4703214941492352,0.040791408364148164,2.5552341134494014,-5.470816221086835,1.2684326378395894,-2.904816514519867
IND785621AAA,3.173615432482887e-05,0.0006934262692097904,2,1,0.6666666666666666,5.0,0.006153544916018262,2.8932967802185825,-0.1691162730453759,0.07568884826769702,1.8514311013819864,-3.6178607404922887,1.0766165013308275,-2.5886900466214153
IND788026AAC,0.0027529558182949596,0.0013390215742728692,4,4,0.19047619047619047,57.0,0.002540429715194523,5.125201897908734,0.3790740866508351,-0.026746910657018192,2.6197204618229235,-5.29638706885144,0.5217256350783687,-1.8556773262386133
IND793001AAA,0.0003928204885190418,0.0003648977477395444,1,2,1.0,13.0,0.0029495677362688,7.229155105351941,-0.4112825901741747,-0.08008975610208317,4.2268952733598155,-7.197134314990849,0.6302982811367734,-2.4954270512453163
IND781335AAA,0.004034204064632064,0.0004068265167954171,1,1,0.0,6.0,0.0007467751778007627,1.0612097664508962,-0.03629117807707727,-0.004791069227438426,0.6621555509693382,-1.317682713310583,0.14975672116735958,-0.484020097250144
IND783129AAA,0.006897324206596142,0.0007667768883749967,1,1,0.0,11.0,0.002518741016715775,5.017332833643401,-0.1258815315653946,-0.04898205660419702,3.0759422905496137,-5.306003779413021,0.5607377194797931,-1.927853663757252
IND794101AAA,0.006504044803982576,0.0007823824219624466,1,1,0.0,10.0,0.003460209165232463,7.300398667642075,0.33159352612105414,-0.07200731181091984,4.333863161831667,-7.359125176205129,0.708424708832552,-2.6719889350647597
IND783301AAA,0.005079231269009705,0.0007316944107860749,2,1,0.0,21.0,0.0006737452377349758,0.6440242673573084,0.003946650279669548,-0.001824866181122974,0.5323594061795012,-0.9973883305854949,0.14146976465497144,-0.38099908959682366
IND783348AAA,0.0059958124088874696,0.0007516263050846403,1,1,0.0,21.0,0.0019593365582447598,2.815999093807177,-0.06798995796372449,-0.015308639898371033,1.816253497920131,-3.522141123208507,0.39637405390746777,-1.2921066382786333
IND783370AAB,0.0,0.00012846922524445772,0,1,0.0,2.0,4.135610543331659e-05,0.03592615681794266,-0.0008979462102639624,-3.955771334394627e-05,0.030780772473034124,-0.0587728361613431,0.008847178722111819,-0.022462781368174513
IND784101AAA,0.0,0.0004245881500017783,1,1,1.0,2.0,0.00024141788578933867,0.5784276578086167,-0.1080299461519399,0.002622839220105999,0.156191844573901,-0.5099757811706471,0.05069435151154121,-0.16810183597029482
IND790114AAA,0.0,0.0006085876641637422,2,0,1.0,2.0,0.0005018334850909559,0.8579598827417709,-0.08283099453994522,-0.0011910256611632154,0.42073167503593656,-0.9533999930842839,0.10075228716753616,-0.3348466010452809
IND791111AAC,0.0,0.0007354978467630221,2,0,1.0,5.0,0.0009471965097600986,1.5793804275188088,-0.15061470759586326,-0.000748073786677509,0.7750860057762817,-1.7594527518084193,0.19266131824807328,-0.6241221755362595
IND784110AAA,0.0,0.0004079861518185726,1,2,0.6666666666666666,6.0,0.0015769964217732587,3.4367992917338683,-0.34424455920325586,-0.01156103402071582,1.5663547042731991,-3.4086660777340136,0.33161876019692627,-1.177402553984804
IND784176AAA,0.0026085874299937774,0.0005013132810733291,1,1,1.0,10.0,0.002973607428721424,5.443441910020886,-0.38704476855551123,-0.026741485263799495,2.883597001834715,-5.737506722913733,0.5982729968147614,-2.0909117625937332
IND785112AAC,0.00039327940261356566,0.000744203741925863,1,2,1.0,7.0,0.006541388471116141,1.6368537167826167,-0.1328509668890556,0.10672580442085042,1.1556327020018442,-2.206970611869958,1.11382092159073,-2.396793384666628
IND785682AAA,0.006725336173279976,0.0016093804204040183,2,2,0.0,34.0,0.018090548880264713,3.244203761465956,-0.2085138975783244,0.3123538325698298,2.493772604311812,-4.251726250317421,2.9632724396656362,-6.468092494828145
IND798601AAA,0.0,0.0013345381149603825,1,1,0.0,5.0,0.008239114237170091,1.9291896417319818,-0.15135014069375347,0.13599276104340866,1.396512912304535,-2.626251840509996,1.3939064958573326,-2.9941280119803686
IND785634AAA,0.0,0.0002396823916930032,1,1,1.0,5.0,0.0035719147047071553,0.7484511929276317,-0.04376558372196187,0.05881706337592835,0.593551138481595,-1.0687813940420055,0.6013908664392774,-1.2865530765597613
IND785675AAA,0.0077461107654013695,0.0005591632148315565,1,1,0.0,4.0,0.0037293452906372137,1.8677107348133986,-0.16868652002703013,0.04969563293540598,1.0439911319976989,-2.1688188482208113,0.6524298993988344,-1.580473578356374
IND785690AAB,0.0,0.001044552470309048,1,1,0.0,13.0,0.01148204419679795,1.5281514260869653,-0.0810020155055806,0.20553763967924166,1.3182786670893596,-2.0609829943972953,1.8570782294807846,-3.997162384654303
IND786001AAB,0.012449284380833852,0.0019677088803767315,6,5,0.09090909090909091,68.0,0.01147023852372279,2.2299594720952367,-0.10775845706495536,0.19373586967707254,1.6879005865408288,-2.8008123119786306,1.8463694238078427,-4.22399508072457
IND786125AAA,0.0007822028624766646,0.000653740745986545,2,1,1.0,11.0,0.0038258033118576053,0.35075545740972786,-0.01564692406042876,0.07178309495695832,0.3349486229015519,-0.44032253364116924,0.5942229810715037,-1.3304722901765356
IND786171AAA,0.0011723708774113255,0.0005416164226631933,1,1,1.0,18.0,0.0023196180738104615,0.20276702726578658,-0.008677973916905229,0.043868489538024406,0.193157549258097,-0.24206938590130042,0.35616152259566725,-0.8098466813184152
IND786184AAA,0.0007822028624766646,0.00044063033906485065,1,2,1.0,13.0,0.002821955043558629,0.2640186073354675,-0.012185808490450575,0.05282327252962815,0.25140527367756016,-0.33639278509425485,0.4399216180199822,-0.9800944969942945
IND786602AAA,0.0,0.00033812993337809893,1,0,0.0,12.0,0.0013017742516293108,0.13052833754515544,-0.006296843101117801,0.02416788970935832,0.1228595086558487,-0.17185470441249825,0.20442230798257538,-0.45254004578366974
IND786190AAA,0.0011747203180474202,0.0008371238047782355,2,2,0.5,16.0,0.004755953941814201,0.4439708097994096,-0.019871496364721714,0.08911494852081672,0.4188147881141131,-0.5506413937488353,0.7377138157098315,-1.6615912861340278
IND786181AAC,0.0020913014579251846,0.0017180184543642188,3,3,0.16666666666666666,46.0,0.004585995793039575,0.3648628273448525,-0.014166450439554425,0.08797066715347941,0.34295155922715986,-0.3794508367261702,0.688460346458672,-1.6179286539712183
IND792120AAB,0.0,0.000797238524047182,1,1,0.0,10.0,0.0017702648375094302,0.10539172198588137,-0.002383509969718929,0.034869133709463915,0.10389056288206439,-0.07601927559671222,0.2571939313513423,-0.6256611826834545
IND792121AAB,0.0,0.0005393476316779503,1,1,0.0,18.0,0.0013475670997119811,0.08773889681244008,-0.002431557512281182,0.026348387188156592,0.08534176399167386,-0.07328509665649353,0.19752973495765838,-0.47599725924139724
IND792103AAB,0.0007856409770380836,0.0004657060522449118,1,1,0.0,8.0,0.002169991553817439,0.18843802709854154,-0.007461730188330944,0.040973870633979136,0.18122055816056376,-0.22575298172412075,0.33320060315779326,-0.7584768839563536
IND787001AAA,0.0013117610454262602,0.0003469097869576067,2,1,0.0,10.0,2.9349679359572104e-05,0.01943896735726029,-0.0011920683732834908,0.00019295097769009967,0.01668678095292797,-0.03594442510699036,0.00616437641126915,-0.013492780707837389
IND787057AAA,0.0013105164903546983,0.00042338348892273156,1,1,0.0,18.0,0.00013089573214470843,0.12161376965402267,-0.009835269657347224,0.0008057974572697895,0.08630110989944413,-0.1866736361674103,0.02735355799699797,-0.06922615845868756
IND787059AAB,0.0013092719352831364,0.0004884288270742492,1,1,0.0,11.0,0.00024258493116058398,0.2296831915642512,-0.018773294908029314,0.001149201734769914,0.1616056670619267,-0.3484374847612973,0.05022626545167938,-0.12998147692905607
IND791102AAA,0.0013080273802115745,0.0006529408216599533,2,1,0.0,6.0,0.0008429625731749028,1.1762021973619303,-0.05532102522571593,-0.0037028222021939614,0.7293707584993054,-1.480097544102297,0.16984062591740506,-0.5396704636966196
IND788121AAA,0.00039327940261356566,0.0004787632025351784,1,1,1.0,5.0,0.0008277002437986306,1.1890486556632545,-0.04698517703582317,-0.0013124119346494853,0.663807395397397,-1.4473560378978327,0.1714984561493966,-0.5165767974990698
IND788151AAA,0.0007865588052271313,0.00034882586345028695,1,2,1.0,26.0,0.0004442186179692014,0.5434030249808073,0.0012073265374135313,-0.0010843747297654578,0.35224955683574777,-0.7261457634875721,0.09175003133141697,-0.2653441201769239
IND799250AAA,0.0003940675376889435,0.000492057678284076,1,1,0.0,2.0,0.00031760657961217196,0.4126837994743224,-0.0019884457524856685,-0.001303597140696676,0.26529931559460435,-0.5390521467522541,0.0648855608683298,-0.19634571366034262
IND796081AAA,0.0,0.0005357308822533125,1,1,1.0,4.0,0.0008429525101663038,1.5258970574708877,-0.011506733100849549,-0.012401197870700865,0.9426123980163443,-1.7295353347627367,0.18829817619290345,-0.6070062591275177
IND788713AAA,0.0,0.00043554747560478493,2,2,1.0,24.0,0.000552217858294711,0.8852004108489415,-0.08841632662898455,0.002866086761514351,0.3747607043912754,-0.9574635607765277,0.11603045270451301,-0.3375432546603612
IND788806AAA,0.0,0.0003470347659549134,2,2,1.0,21.0,0.0005048653475973209,0.8034353432428241,0.013671573333151795,-0.00712819445801804,0.5456214532270358,-0.9774466793991095,0.1109870611631588,-0.34761918990772944
IND790001AAB,0.0,0.00012846922524445772,0,1,0.0,1.0,2.5452876862886737e-05,0.026037424471487457,-0.002760600335580849,7.884789539868177e-05,0.017028396172493465,-0.03863220757513724,0.005009349927778649,-0.013631343422914229
IND791109AAA,0.0,0.00012846922524445772,0,1,0.0,1.0,3.237971988456536e-06,0.001572293083607215,-0.00014126815687761192,3.61730999186557e-05,0.0015064957739090623,-0.0033591087646334746,0.0007044545967952464,-0.001259137220049137
IND791110AAA,0.0,0.00012846922524445772,0,1,0.0,1.0,3.237971988456536e-06,0.001572293083607215,-0.00014126815687761192,3.61730999186557e-05,0.0015064957739090623,-0.0033591087646334746,0.0007044545967952464,-0.001259137220049137
IND791125AAB,0.0,0.00012846922524445772,0,1,0.0,4.0,4.224555266548901e-05,0.0401504906250468,-0.0033528363002693347,0.0002247632153943315,0.027981386451686033,-0.06092219223515874,0.008776359379596109,-0.022595078518111784
IND792001AAA,0.0016975731176104543,0.0005238350072095295,1,2,0.3333333333333333,3.0,0.0019016334939481216,0.18290415214183528,-0.009265570397287683,0.03566154446928395,0.16678226132577317,-0.2205009496880159,0.2943524373403964,-0.6687413771991687
IND792110AAA,0.0,0.0003022862913409927,1,1,1.0,4.0,0.0010660063637926698,0.10371342760226278,-0.005260471882969288,0.019968388711004578,0.09418401283229451,-0.1250505460890902,0.16504056128387368,-0.37554911281579234
IND792130AAB,0.0,0.00012846922524445772,0,1,0.0,10.0,0.00013559777550025816,0.01823069662269863,-0.001149803701342704,0.002438004951604785,0.01539909475955292,-0.024342805779679677,0.021719036227793878,-0.048535579625827656
IND793150AAA,0.0,0.00029153783888456253,1,1,1.0,3.0,0.0010708913952066107,1.7642938831440969,-0.1497999732345507,-0.0025363408263156663,0.8789660235611556,-1.9294776391015902,0.21452989401214767,-0.7088440681430245
IND796009AAA,0.0,0.0008489940004216223,1,1,0.0,7.0,-0.0001661107631282893,-0.00024801121400411957,0.0006034808170411708,-0.00350530920606125,0.018069554813672468,-0.025846194054139796,-0.16519485343020654,0.08023463847510191
IND796321AAB,0.0,0.0008489940004216223,1,1,0.0,7.0,-0.00016611071586690083,-0.00024801149146959833,0.0006034813314733494,-0.0035053188983340975,0.018069562099754563,-0.025846260156098286,-0.16519502234727595,0.0802345587254777
IND799008AAA,0.0,0.0005470422495741845,1,0,0.0,1.0,0.00023923513046493564,0.3166098136701751,0.0002219506325014013,-0.0010551442001836787,0.20244189032427565,-0.4122895083024935,0.04890302333047957,-0.14901616920278146
IND801103AAA,0.0,0.00012846922524445772,0,1,0.0,11.0,-4.2245632558013745e-24,-2.7246942879689647e-23,1.073239905215167e-22,-8.087414058993734e-22,1.707676820808821e-21,-2.0941191049924838e-21,-2.390831607508511e-20,-3.2567251304191383e-21
IND802301AAA,1.2445550715619167e-06,0.00023768950610103222,1,1,0.0,21.0,-5.994866056631689e-24,-3.732490496430886e-23,1.458313669725981e-22,-1.1188099831405505e-21,2.3210372901378055e-21,-2.961529431031932e-21,-3.27761966570144e-20,-4.627684356250845e-21
IND802101AAA,0.0007840696950840075,0.0005386403602255323,1,2,0.6666666666666666,18.0,0.003010933735319968,25.40811273280184,-4.701552779681772,-0.6079526430671947,13.450695329878332,-28.186037362687824,-2.7976562891797236,-5.664047616837706
IND802119AAA,0.0,0.00034790180591321004,1,1,1.0,24.0,0.0012918337609005668,11.199363018250256,-1.8991939301246243,-0.2863114160871809,6.428113277654439,-12.687049822941532,-1.3572832450482728,-2.485255464035588
IND802158AAB,0.0013055382700684506,0.0006627659968902768,2,1,0.6666666666666666,22.0,0.0031263359099787643,27.885744520339475,-4.859304133755871,-0.7098971248731516,15.697469473754174,-31.472640393199605,-3.232306059052876,-5.69283527228248
IND802212AAA,0.0,0.0006415776918936763,1,1,0.0,11.0,0.002752560993200415,27.34466192048504,-3.1152007545112608,-0.7166453888135195,15.397664330357664,-29.794828206631593,-3.2040925751345584,-5.924768187177865
IND802213AAB,0.00039327940261356566,0.0006036948838195896,1,1,0.0,14.0,0.0030981500326622514,30.68130866475502,-4.949624780003521,-0.7841611251306186,17.283022974447654,-32.4438469979684,-3.5462411127117686,-6.183022468692426
IND804401AAA,0.0,0.00033053649751188193,1,0,0.0,10.0,-5.5468584628640085e-24,-3.711512363769083e-23,1.473831982172658e-22,-1.0907125231668111e-21,2.3444223701301842e-21,-2.7597095720662494e-21,-3.254253335639263e-20,-4.269854423300763e-21
IND803101AAA,0.0,0.00033053649751188193,1,1,0.0,20.0,-1.4058803884034856e-15,-3.86116748985052e-15,-1.2386875362114557e-14,5.657740977076697e-15,-1.3949364319039333e-13,6.179269918396058e-13,1.113303345465114e-12,-1.46418795663584e-12
IND805110AAD,0.0,0.0004094826622930656,1,1,0.0,18.0,-1.627911136386976e-15,-4.470971660889995e-15,-1.434316154652256e-14,6.551427338856319e-15,-1.6152362066982566e-13,7.155165697521334e-13,1.2891354250445903e-12,-1.6954259929977492e-12
IND803116AAA,0.0,0.00047660160154822226,1,1,0.0,22.0,-1.7087192785948392e-15,-4.693170077638281e-15,-1.5056172280164076e-14,6.8829119912787444e-15,-1.6954525538516387e-13,7.510701232006114e-13,1.3533277195783339e-12,-1.7795854377004001e-12
IND803108AAB,0.0,0.0005336877501577107,1,0,0.0,13.0,-1.6120060477619707e-15,-4.426848905536771e-15,-1.4201354276063609e-14,6.477220547921459e-15,-1.5994089518998438e-13,7.084698586283202e-13,1.2762020149283338e-12,-1.6788665311542493e-12
IND803213AAA,0.0,0.00012846922524445772,0,2,1.0,5.0,2.1284140122071806e-25,1.2960044393542645e-25,5.678725711957434e-26,1.7988641032128513e-24,3.5840422499665664e-24,2.9726727462088098e-24,-1.0795618739936017e-22,4.2938408362711085e-23
IND803212AAB,0.0,0.0003409400968223714,2,0,1.0,4.0,2.7836429432022976e-25,1.1700957295106126e-25,2.207110966390077e-25,1.8926531835851645e-24,5.7195510748548616e-24,-1.9560892628351458e-24,-1.565202652762017e-22,6.210105291252619e-23
IND811105AAA,0.0,0.00016829086495579685,1,1,1.0,5.0,2.6641867566655428e-25,1.6901442393722147e-25,5.213662477303759e-26,2.311190412091624e-24,4.352698966631442e-24,4.476996152116342e-24,-1.3314809435124614e-22,5.297803620581435e-23
IND804420AAA,0.0,0.00023768950610103222,1,1,0.0,17.0,-8.20297777520189e-16,-2.252707885230811e-15,-7.226716073486881e-15,3.2966942177857948e-15,-8.138908367810227e-14,3.6052102340288296e-13,6.494390559646288e-13,-8.543207238197134e-13
IND804452AAA,0.0,0.00012846922524445772,0,1,0.0,6.0,-3.2235324471654996e-16,-8.853228683866799e-16,-2.8401752271891628e-15,1.297246761682095e-15,-3.1984475279028756e-14,1.416840909091318e-13,2.55267328427329e-13,-3.357228642317368e-13
IND811201AAB,0.0,0.00012846922524445772,0,1,0.0,1.0,-1.0654171824013434e-28,-2.4451244058663376e-28,-4.426504690623137e-28,1.2373557186884592e-27,-4.538825732309552e-27,2.2599293112884274e-26,8.728608318598251e-26,-2.8710548509081954e-26
IND813213AAA,0.0,0.00023768950610103222,1,0,0.0,1.0,6.366162788830615e-29,1.219178953348516e-32,6.815359123346233e-29,1.4487787277338629e-27,-6.778348298008478e-28,2.24349769653559e-27,-3.0047882722887167e-26,6.106814327071148e-26
IND812002AAA,0.0,0.00016832431267446425,1,1,1.0,27.0,-2.262267569025696e-26,4.356949067188862e-26,1.4348855309968218e-24,-1.1076823812473355e-23,-8.817470161378003e-24,-4.493027298858464e-23,3.759942938072144e-22,1.3151199562724254e-22
IND813203AAA,0.0,0.00034093508265124175,2,0,1.0,15.0,-6.274682297390535e-26,2.6987683588973344e-26,1.397242833353925e-24,-1.3257090503693663e-23,-9.980372083280846e-24,-4.788763493080823e-23,4.358643815861579e-22,1.5455515416893006e-22
IND813102AAA,0.0,0.00012846922524445772,0,2,1.0,14.0,-2.3136077298177736e-26,3.102898344710131e-26,1.0951773183521899e-24,-8.810558364244643e-24,-6.93091168232529e-24,-3.48892590404149e-23,2.970297941325649e-22,1.0419552497852247e-22
IND814101AAB,0.0016975731176104543,0.0007661625930981966,1,1,0.0,9.0,0.0031738097748232664,9.172883361594945,-2.1244204399431137,-0.2616647684917267,5.3542639299767965,-14.616154289631716,-1.3245221877076678,-2.6293312987289355
IND816107AAA,0.0013042937149968887,0.0007808310875351169,1,1,0.0,14.0,0.0034695051899904087,11.874305019469208,-2.389223427950207,-0.3600622406891681,7.376985298645833,-17.776846283935537,-1.728945879015612,-3.299077985773944
IND814112AAA,0.000719975108898568,0.0006842210195479546,3,2,0.5,14.0,0.006482472672671403,17.03188302877262,-4.28736086737424,-0.4623263457114599,8.983937052959707,-26.96337665844596,-1.9704121890717465,-4.380451604403829
IND814133AAA,9.800871188550093e-05,0.0004022167121104413,1,1,0.0,3.0,0.0039283877680779695,9.646905808883542,-2.204335320195458,-0.3064036939814096,6.189551330325282,-16.750404786042797,-1.5710530204494753,-2.85418071153335
IND814133AAB,0.00029461536638928135,0.0007687340717248797,3,1,0.5,24.0,0.005644090009697128,15.116295125125543,-3.5290576694175546,-0.4422464052491334,9.042509473203175,-24.87888259557679,-2.2801423176940423,-4.361910875031889
IND816109AAA,0.0013055382700684509,0.0011246937072098596,2,1,0.0,21.0,0.008819565313872808,24.502414917966476,-5.258706939785253,-0.7697372654099741,15.702425496174921,-40.26016025964932,-3.8974769171819914,-7.141973547460519
IND815301AAA,0.0002286869943995028,0.0004200785475486831,1,3,0.8333333333333334,7.0,0.00355825802137394,10.667966542124207,-2.886598604429872,-0.25841343627466173,4.279074849437827,-14.79252913551617,-1.1792541197802004,-2.5230365709676823
IND815353AAA,0.0002286869943995028,0.000546409616472445,2,3,0.8333333333333334,10.0,0.0035982986157080355,9.948513760984149,-2.4346776130453924,-0.27316014251743126,5.433764539024159,-15.756680749003834,-1.2277965923717042,-2.7104131166926178
IND815351AAA,0.0007856409770380836,0.000750547935679216,1,1,0.0,8.0,0.003078834222249329,8.436152625912511,-2.195922625585939,-0.20492322514867606,3.9447689361695764,-12.627177976637972,-1.226274009661955,-2.195702016369199
IND821109AAA,0.0007865588052271313,0.0005588787383787215,1,1,0.0,14.0,0.002733807762591062,21.445784028205306,-3.664161095170023,-0.5463785782788781,12.681082070163143,-24.250822977751326,-2.5454791979815536,-4.70292335832285
IND824101AAA,0.0016997280185760443,0.0009413854827669053,2,2,0.0,13.0,0.004376832084841609,31.437652741825417,-5.326069077957879,-0.8497041741552587,19.39957992316402,-38.676776828560634,-4.102670930118005,-7.700630564986439
IND821307AAA,0.0,0.0005210532711026145,1,1,0.0,8.0,0.002225729920950358,15.169989722162093,-2.6050589514878992,-0.4109406600723458,9.454882930834716,-19.078145170839292,-2.09283670151505,-3.781377843506943
IND825102AAA,0.0,0.00037892325445042154,1,1,1.0,2.0,-0.00031310419873133236,11.732810515826998,-3.078144563793932,-0.28447140741589005,2.7890733798669762,-8.87174001778646,1.902184776777039,-1.3929711203722195
IND827013AAA,0.00039203484754200374,0.0008584228440676914,2,1,0.6666666666666666,18.0,-8.742085486487977e-07,26.27221096351715,-5.984705755738051,-0.6456212449599107,8.6700504655532,-20.600982107171944,2.119990978011773,-3.295325553298971
IND825301AAA,0.0016984809694061424,0.00043074797289115077,1,1,0.0,19.0,0.0005959138401844869,38.92556189300744,-7.206835315258831,-0.8988931621236679,15.533237435056295,-26.851882077262573,-0.9708390873686866,-4.308371129805456
IND825409AAA,0.002615062109283906,0.0004946972299519233,1,1,0.0,20.0,0.001064042962905178,47.06486906963534,-8.12204459350753,-1.10065082954903,20.430411698037773,-33.278151035317734,-2.8722480158220596,-4.595210833981723
IND826001AAC,0.0,0.00012846922524445772,0,1,0.0,2.0,0.00016815048699184596,0.3922407181192981,-0.09305313536451679,-0.012159430520786578,0.24138613751672885,-0.6835330600504301,-0.06276757979046914,-0.11359577931701137
IND828111AAA,0.0,0.00023768950610103222,1,1,0.0,6.0,0.00048430926872682734,1.379088716962843,-0.2996879190273773,-0.043985391077782786,0.8918714851936724,-2.303021657145915,-0.21957076844724377,-0.42887400495461603
IND828401AAB,0.0,0.0003121068605647984,1,1,0.0,6.0,0.0036888049408605257,15.673153066269398,-3.344076725912879,-0.4180908291805057,8.215498293903337,-20.520837515033445,-1.4580132991628414,-3.73529636276816
IND829121AAA,0.0,0.0008583629734813255,1,1,1.0,8.0,0.00034708957155136155,24.03265473055889,-5.2714187916960356,-0.6265058270576276,9.306146151843809,-20.87816107065276,0.8769605475664527,-2.7789692400572803
IND829122AAA,0.0007818998295283785,0.0003555078725876739,1,1,0.0,18.0,0.00026739390742582414,34.80500329041507,-6.57480278533478,-0.8169850824681535,13.21033308120145,-23.881022201777313,-0.13961671522238478,-3.768424531287075
IND832109AAB,0.0,0.00034366412352202424,1,1,0.0,28.0,3.248021532095285e-05,17.94723995185904,-4.323760836068074,-0.42898677761781456,5.169730260101582,-12.096608051936709,1.0007590692500035,-2.1329720866459656
IND841101AAA,0.0,0.00012846922524445772,0,1,0.0,3.0,1.7161527514916326e-27,-2.0795137292401327e-27,-8.94524928831197e-27,1.2593334337766942e-25,4.174296796886978e-26,2.8752837363379247e-25,4.224331484732195e-24,6.80909568180503e-25
IND841207AAB,0.0,0.0003469097869576068,2,0,0.0,4.0,-2.9873129508859107e-27,8.87574292131083e-28,-1.772956584228296e-26,6.845370652836719e-26,-2.574335480042975e-25,1.01930021164003e-24,3.853524235732597e-24,-3.1395417181109843e-24
IND841226AAB,2.4891101431238333e-06,0.0003738591733881006,2,1,0.3333333333333333,6.0,-3.9330550570294547e-19,-1.987768880024345e-19,-4.5672236962908615e-18,2.28190779629494e-20,-2.983944793170994e-17,1.337644916917005e-16,7.508172825242446e-16,-2.3780966736645213e-16
IND841428AAA,0.0,0.0005122084102101384,2,0,1.0,8.0,-3.999504640892238e-19,-2.0313425558516211e-19,-4.610051832397092e-18,-4.0252248722511785e-21,-3.0112172902279576e-17,1.346628039492951e-16,7.591509466564453e-16,-2.4116574013755245e-16
IND841301AAC,2.49409833980344e-06,0.00023768950610103222,1,1,0.0,2.0,-3.03093944274788e-19,-1.5354951459309513e-19,-3.5070833039348404e-18,7.616815052523689e-21,-2.2910545748260443e-17,1.0258487169838705e-16,5.770112260195149e-16,-1.8302165185433553e-16
IND841405AAA,0.0,0.00012846922524445772,0,1,0.0,1.0,-1.873426701674483e-19,-9.491238555348329e-20,-2.1676194790859235e-18,4.620125383853018e-21,-1.4160274182438253e-17,6.340336211615482e-17,3.566370995675031e-16,-1.13123683675083e-16
IND841424AAA,0.0,0.00012846922524445772,0,2,1.0,9.0,-1.101475470759347e-19,-5.574989976488795e-20,-1.2762853307150139e-18,4.17498019804425e-21,-8.337892198955344e-18,3.73507853879694e-17,2.0991682783622694e-16,-6.654619892776482e-17
IND843105AAB,0.0,0.0004563023228443036,1,1,1.0,30.0,-0.00032744014841720075,5.640147287435393,-0.9917424871874617,-0.2343891718957636,6.764431606710887,-23.29129113838424,-23.93755482200285,114.59349361266932
IND843109AAB,0.0,0.0007741857240161406,2,2,1.0,17.0,-0.0005369988535208514,9.05811394988301,-1.5997621618685192,-0.3780967455420428,10.935222796471322,-37.71108804571883,-38.82338600068878,185.94269685235247
IND843126AAA,0.0,0.0006452589831398674,2,2,1.0,14.0,-0.0004407504747757848,10.046173078194583,-1.7346845597656266,-0.38892085936115484,10.951350323093095,-35.49402001425731,-35.30658450001836,168.52770829522555
IND843301AAA,0.0013055382700684502,0.0007718871285947742,2,1,0.6666666666666666,29.0,-0.0005541132942415475,6.55282591953384,-1.200902397285,-0.3040451162897654,9.109274174729723,-33.19228456750265,-35.4604295476736,170.84524070387326
IND843320AAA,0.0016950840074673303,0.0014965699825300579,2,1,0.6666666666666666,23.0,-0.0007698103225440377,9.44465713826768,-1.7214940518617587,-0.4341344758973533,12.962523476190716,-46.98337924428382,-49.990143099550586,240.673059149872
IND843329AAB,0.0,0.00027919708620990414,1,1,1.0,16.0,-0.00023653953944904226,2.502290480005492,-0.46567113277367006,-0.11974049755368744,3.626813390102003,-13.430908911660426,-14.529664299270266,70.14885652185833
IND845401AAA,0.00039327940261356566,0.0006907672360036072,2,1,0.6666666666666666,31.0,-0.0004913105873909982,12.371809579875343,-2.11655991935371,-0.46859584968137324,13.04804233162338,-42.63774623441433,-42.12232856405441,200.24183739602142
IND845412AAB,0.0,0.0003844912633700517,1,1,1.0,22.0,-0.00023188837297819992,7.346667464196796,-1.3055603706703012,-0.2621122871086801,6.854760935649489,-22.518051492948516,-22.04362432158294,103.94526551241086
IND845418AAB,6.2352458495086e-07,0.0005916681986707633,2,2,1.0,19.0,-0.000506849643932419,6.320144987269735,-1.1575876947269117,-0.288899685071516,8.56803021193492,-30.976437986560512,-32.848410286351886,158.08230088051627
IND845438AAA,0.00039203484754200374,0.000608042110082903,2,1,1.0,25.0,-0.0005169252372168124,7.599855693417805,-1.4602520334839304,-0.30800463494982416,8.15995116875867,-29.083337976032183,-29.89249304779914,143.5048639728633
IND846004AAA,0.0007853142501555694,0.0003737865091627098,1,2,0.6666666666666666,34.0,-0.00021734751412426308,5.11507684806032,-0.8953246064108253,-0.19517498879268905,5.343677218760132,-17.615196813043827,-17.368565651001887,82.44369157091495
IND847212AAA,0.00039327940261356566,0.0003694789453977691,1,1,1.0,33.0,-0.00022819178550398077,3.7463324130011726,-0.6623583496922676,-0.15794763290626251,4.577817157923568,-15.888436584382097,-16.399991266314995,78.56082295185202
IND848101AAA,0.0003928204885190418,0.0009412105596612224,2,1,0.6666666666666666,28.0,-0.0005593372888382987,10.599994843159676,-1.8099898261066316,-0.43337052865822545,12.396339733470509,-42.00233669313963,-42.684177402111615,204.04639780148537
IND848114AAA,0.0011736154324828874,0.00037971036403005394,1,1,1.0,33.0,-0.00023473107643066812,5.439466000124946,-0.9319347130290069,-0.21095883163559817,5.927625692917219,-19.54602489779054,-19.44964189663006,92.61259482800347
IND854326AAB,0.023278043329970452,0.0013085682630811191,6,8,0.14102564102564102,103.0,0.000453476776873045,21.966954309159263,-1.9738747491439577,-0.5397429495754903,13.363771497131811,-25.49456893762774,-13.903519888683215,56.189510820758095
IND847223AAA,0.0013056604808871005,0.001398941827982388,1,1,1.0,17.0,-0.0007223642861613602,9.362969380741038,-1.6941396718749449,-0.4211458743184703,12.492866078470923,-44.89582633607646,-47.531047286293166,228.65598359344582
IND844101AAB,0.0,0.00012846922524445772,0,1,0.0,1.0,1.7161527514916326e-27,-2.0795137292401327e-27,-8.94524928831197e-27,1.2593334337766942e-25,4.174296796886978e-26,2.8752837363379247e-25,4.224331484732195e-24,6.80909568180503e-25
IND844505AAB,0.0013055382700684502,0.000927580856022414,1,1,1.0,24.0,-0.0005880026907722638,10.490791770370828,-1.836664032818146,-0.43132307382024887,12.4010532178038,-42.4808648182713,-43.48658042031625,208.03301725746874
IND845305AAA,0.0,0.0007150393639788493,1,1,1.0,33.0,-0.0005590977962811214,10.461474871444661,-1.8321665674797427,-0.42610785049157107,12.196786462513524,-41.554162457017654,-42.333074355646744,202.30171815948555
IND845455AAB,0.0,0.0006447274869039202,1,2,1.0,28.0,-0.0004268637563611894,7.220969692684166,-1.276925940061537,-0.29731375364996543,8.506165046477228,-29.324495565163406,-30.13664577375965,144.3023533090233
IND847103AAA,0.0,0.00021934040874262972,1,1,1.0,30.0,-0.00012241728565875716,3.1216040703748082,-0.5294450230004086,-0.11779949372512577,3.278887660158062,-10.661317659829438,-10.499641809858632,49.88732814016861
IND847404AAB,0.0,0.0005413942109788664,2,1,0.6666666666666666,29.0,-0.00026082424044854453,4.308412849955185,-0.7604803706998579,-0.18206045126690495,5.281460946566649,-18.317068090956862,-18.887790299640773,90.45020102461446
IND847226AAA,0.0,0.0004422286567620767,1,1,1.0,32.0,-0.0002454327929132549,3.9491799902084366,-0.6996473793207743,-0.16734832520093348,4.85999910280375,-16.919858814839912,-17.502125184558356,83.86906909534285
IND848210AAA,0.0007831468786982801,0.00045091181558145493,1,2,0.6666666666666666,32.0,-0.00026171697431077133,4.8544381124511755,-0.8474530400662648,-0.19741046630785455,5.653784258706787,-19.259272492547833,-19.63375460732291,93.85592491975255
IND851127AAA,0.0003928204885190418,0.00024762167057590606,1,2,0.3333333333333333,32.0,-0.0001313877511238775,2.4968299673362933,-0.43473983480361206,-0.10120155061998322,2.895208783399587,-9.832390198873766,-9.996764485820032,47.76304381939395
IND851112AAB,0.0,0.00020077542299897085,1,0,0.0,4.0,-8.834539417391844e-06,0.09173000443927323,-0.017631251383906088,-0.004521664207742607,0.13872694945263947,-0.5149765124118209,-0.5587852184161364,2.6983521703495743
IND852111AAA,4.355942750466709e-06,0.00033453043884527483,2,4,0.5,30.0,3.323530702802716e-05,0.885096702555776,-0.11835449636792368,-0.023500177027007806,0.5712748659396494,-1.084842329173266,-0.4866805118413784,1.7913190123564964
IND852118AAA,0.00019578671967457003,0.0002768335541249861,2,2,0.6666666666666666,10.0,1.582755830331427e-05,0.4784089128245096,-0.0575807750282119,-0.01549731983733247,0.4324515917396322,-1.0425051233122529,-0.7537218276924876,3.3136268367847
IND854311AAA,0.00019578671967457003,0.0002827765143087461,2,3,0.5,27.0,6.879620948453079e-05,2.9473018712648322,-0.4321805804656826,-0.07782280758106255,1.803985238200358,-3.559591793649555,-1.736523298375273,6.862443119486832
IND854335AAA,0.00019609848196704548,0.000262597075921139,2,3,0.5,18.0,1.1977725459559244e-05,0.32218799144639315,-0.038377724702863304,-0.010366400513427201,0.2894805300615927,-0.6848358232220776,-0.48190987966379595,2.100209300004848
IND852113AAA,0.0008492404847030712,0.0007167832664907166,2,2,0.6666666666666666,31.0,0.00020023155184553808,6.097679991689663,-0.8759504536565558,-0.16375771566401445,3.9534657824264947,-7.852717957508968,-4.027728024011174,15.81671121268114
IND852139AAB,0.0026060983198506527,0.0006424387593028989,2,1,0.6666666666666666,33.0,0.00025658391768774915,7.799642742927278,-1.109485298460191,-0.20971817111937144,5.226725676894748,-8.198172183375066,-3.629465120879079,12.915584418463204
IND852201AAA,1.24704916990172e-06,0.0008932741125188629,3,2,0.6666666666666666,26.0,0.0001399251861408536,3.0703464080922824,-0.4054172079534011,-0.10204040243289174,2.8755803350469185,-6.857387259506408,-4.853790163313546,21.13304135137794
IND852131AAA,0.0008475420037336651,0.0005385527820582732,2,2,0.6666666666666666,17.0,0.00013149314366906923,3.2187254999846937,-0.43883286468261057,-0.09718641450366965,2.5832090022946765,-5.694224176385788,-3.616431291755223,15.26024378034607
IND853204AAA,0.0,0.0005351266395968249,2,1,0.3333333333333333,18.0,1.4494375190683762e-05,0.44372743655498603,-0.053997969764879195,-0.014410680019393602,0.4033445618530007,-0.9534119610345537,-0.6901851301648659,3.0302816284503535
IND851204AAA,0.0,0.0006753584064345748,2,0,1.0,15.0,1.3948340207850583e-05,0.38756197877503334,-0.04254688733911565,-0.01215525450911285,0.33844539448262523,-0.7809347541509242,-0.5358664614845549,2.3179401805231326
IND854105AAA,0.00019663970130678283,0.0003416672058870376,1,1,0.0,4.0,1.2471539910491869e-05,0.4173779704934117,-0.05291357428103568,-0.01389077989693717,0.3911166690789679,-0.9602458941542001,-0.7256090719289287,3.2253255702709946
IND854105AAB,0.0005899191039203485,0.00024485885244504216,1,2,0.3333333333333333,20.0,4.342682313911503e-06,0.27469938322260334,-0.03612180150295095,-0.009490832319541242,0.2689420248848269,-0.7126561804606694,-0.5865346821257404,2.669767112533652
IND852118A1B,0.0,0.000353587629373741,3,0,0.6666666666666666,6.0,5.271490780966501e-06,0.4182679693100422,-0.056473192283634954,-0.014522350829546041,0.40959697967049324,-1.0940319758021126,-0.9076118302225736,4.142331696238856
IND854334AAA,0.001367454884878656,0.0003214212186847589,2,3,0.5,20.0,3.5830437570166904e-06,0.7843744636218516,-0.10771873256135575,-0.02802353382037025,0.7978338321088235,-2.2325076189994717,-1.9382896802842846,8.942626539731656
